:02000004081ED4
:100000002410AB730000000000041300C0FA0100CC
:1000100004000000010000000000000000000000DB
:10002000FFFFFFFFFFFFFFFFFFFFFFFFFFFFFFFFE0
:10003000FFFFFFFFFFFFFFFFFFFFFFFFFFFFFFFFD0
:10004000FFFFFFFFFFFFFFFFFFFFFFFFFFFFFFFFC0
:10005000FFFFFFFFFFFFFFFFFFFFFFFFFFFFFFFFB0
:10006000FFFFFFFFFFFFFFFFFFFFFFFFFFFFFFFFA0
:10007000FFFFFFFFFFFFFFFFFFFFFFFFFFFFFFFF90
:10008000FFFFFFFFFFFFFFFFFFFFFFFFFFFFFFFF80
:10009000FFFFFFFFFFFFFFFFFFFFFFFFFFFFFFFF70
:1000A000FFFFFFFFFFFFFFFFFFFFFFFFFFFFFFFF60
:1000B000FFFFFFFFFFFFFFFFFFFFFFFFFFFFFFFF50
:1000C000FFFFFFFFFFFFFFFFFFFFFFFFFFFFFFFF40
:1000D000FFFFFFFFFFFFFFFFFFFFFFFFFFFFFFFF30
:1000E000FFFFFFFFFFFFFFFFFFFFFFFFFFFFFFFF20
:1000F000FFFFFFFFFFFFFFFFFFFFFFFFFFFFFFFF10
:10010000FFFFFFFFFFFFFFFFFFFFFFFFFFFFFFFFFF
:10011000FFFFFFFFFFFFFFFFFFFFFFFFFFFFFFFFEF
:10012000FFFFFFFFFFFFFFFFFFFFFFFFFFFFFFFFDF
:10013000FFFFFFFFFFFFFFFFFFFFFFFFFFFFFFFFCF
:10014000FFFFFFFFFFFFFFFFFFFFFFFFFFFFFFFFBF
:10015000FFFFFFFFFFFFFFFFFFFFFFFFFFFFFFFFAF
:10016000FFFFFFFFFFFFFFFFFFFFFFFFFFFFFFFF9F
:10017000FFFFFFFFFFFFFFFFFFFFFFFFFFFFFFFF8F
:10018000FFFFFFFFFFFFFFFFFFFFFFFFFFFFFFFF7F
:10019000FFFFFFFFFFFFFFFFFFFFFFFFFFFFFFFF6F
:1001A000FFFFFFFFFFFFFFFFFFFFFFFFFFFFFFFF5F
:1001B000FFFFFFFFFFFFFFFFFFFFFFFFFFFFFFFF4F
:1001C000FFFFFFFFFFFFFFFFFFFFFFFFFFFFFFFF3F
:1001D000FFFFFFFFFFFFFFFFFFFFFFFFFFFFFFFF2F
:1001E000FFFFFFFFFFFFFFFFFFFFFFFFFFFFFFFF1F
:1001F000FFFFFFFFFFFFFFFFFFFFFFFFFFFFFFFF0F
:10020000FFFFFFFFFFFFFFFFFFFFFFFFFFFFFFFFFE
:10021000FFFFFFFFFFFFFFFFFFFFFFFFFFFFFFFFEE
:10022000FFFFFFFFFFFFFFFFFFFFFFFFFFFFFFFFDE
:10023000FFFFFFFFFFFFFFFFFFFFFFFFFFFFFFFFCE
:10024000FFFFFFFFFFFFFFFFFFFFFFFFFFFFFFFFBE
:10025000FFFFFFFFFFFFFFFFFFFFFFFFFFFFFFFFAE
:10026000FFFFFFFFFFFFFFFFFFFFFFFFFFFFFFFF9E
:10027000FFFFFFFFFFFFFFFFFFFFFFFFFFFFFFFF8E
:10028000FFFFFFFFFFFFFFFFFFFFFFFFFFFFFFFF7E
:10029000FFFFFFFFFFFFFFFFFFFFFFFFFFFFFFFF6E
:1002A000FFFFFFFFFFFFFFFFFFFFFFFFFFFFFFFF5E
:1002B000FFFFFFFFFFFFFFFFFFFFFFFFFFFFFFFF4E
:1002C000FFFFFFFFFFFFFFFFFFFFFFFFFFFFFFFF3E
:1002D000FFFFFFFFFFFFFFFFFFFFFFFFFFFFFFFF2E
:1002E000FFFFFFFFFFFFFFFFFFFFFFFFFFFFFFFF1E
:1002F000FFFFFFFFFFFFFFFFFFFFFFFFFFFFFFFF0E
:10030000FFFFFFFFFFFFFFFFFFFFFFFFFFFFFFFFFD
:10031000FFFFFFFFFFFFFFFFFFFFFFFFFFFFFFFFED
:10032000FFFFFFFFFFFFFFFFFFFFFFFFFFFFFFFFDD
:10033000FFFFFFFFFFFFFFFFFFFFFFFFFFFFFFFFCD
:10034000FFFFFFFFFFFFFFFFFFFFFFFFFFFFFFFFBD
:10035000FFFFFFFFFFFFFFFFFFFFFFFFFFFFFFFFAD
:10036000FFFFFFFFFFFFFFFFFFFFFFFFFFFFFFFF9D
:10037000FFFFFFFFFFFFFFFFFFFFFFFFFFFFFFFF8D
:10038000FFFFFFFFFFFFFFFFFFFFFFFFFFFFFFFF7D
:10039000FFFFFFFFFFFFFFFFFFFFFFFFFFFFFFFF6D
:1003A000FFFFFFFFFFFFFFFFFFFFFFFFFFFFFFFF5D
:1003B000FFFFFFFFFFFFFFFFFFFFFFFFFFFFFFFF4D
:1003C000FFFFFFFFFFFFFFFFFFFFFFFFFFFFFFFF3D
:1003D000FFFFFFFFFFFFFFFFFFFFFFFFFFFFFFFF2D
:1003E000FFFFFFFFFFFFFFFFFFFFFFFFFFFFFFFF1D
:1003F000FFFFFFFFFFFFFFFFFFFFFFFFFFFFFFFF0D
:100400001C9C3901F92864E4BD2FF8DF4D7846596A
:10041000E481DDD8763F32D622D7AD9E35CFD01CD1
:10042000CD723E360DF59583F949DDE69E632DB21A
:100430002318419328A0E2C6EC6CEC040D19951B1F
:10044000BCB79C012F9C7BD33D080C4E46CC1DA80D
:10045000AE5B1028FC136D8F83782EA98E6A6CD347
:1004600092C6076992218ED2896DDC53DBEC4ED1A6
:1004700016E324EB6E9AE6D4A3CB796FB3CC68B7BE
:10048000058FA6335087B9AD652AD39B2504965BAB
:100490000097FAC78148429C8BCE73D17CD9BFE6C6
:1004A000002B11177A76880233BFE72A19FA0FB7A3
:1004B00003EA09D15D8DF8BB9849E65E9A1FB64301
:1004C000924514E5271B047C741D8F94A0FD394DC3
:1004D000338271766BD41637A5CE6F4670FBDD9BE9
:1004E00046ED2BD73F9C9C9FD339695ADB1749AB0C
:1004F000794DE448C19E69792143418FD37A2B0B12
:100500007D850C10F70250951C702500BB7187ACDF
:100510006D8D8573D598F325976F5997FBB87991B1
:100520000199FFCD7860FE96E719DF94532950B307
:10053000B10B1FA1B9D2E45E3D2D6568E20727D853
:100540001FFA0F9B05FF76522B77544EF369D29812
:10055000C8A35E37AA38A7A5271A0EF30CFCE661DC
:10056000637F5EEE01B6ADC20A839DF2F403DAF05A
:10057000FF31B8448ADB280404283D715EBCB0E832
:100580001B4132B8EE1434CCF086EC7F3C61F51799
:10059000CF50020D238A90E760F63A6A5FF4FB8B36
:1005A000E96F82465D49FDE1701A2AB543687A44D5
:1005B000D64901F6AE7CFCF7C16164FD2C98B29F70
:1005C00001D50012E5F8DE56BB3850F336A4ABFF78
:1005D0006AAA4E3D26BAE30F78FF4ACD19C57BDBE8
:1005E00038C0F2701146E88247EAD6A90ABD6D22EA
:1005F00014ED02254D39342033AD2166E69ABB1344
:1006000075B26B64DA25CCEE297CF013DB83EF073F
:100610009C01CCF621C11C26C5154028EB3F1409CE
:10062000DC682E008E8D22B91423E52632DE800E82
:10063000C211D91FBCDB37E52D702584E519714D3A
:10064000759AB4D1830947A31C83D404E6379AE88A
:100650008404D9450DDEA0C152214A5C1DEB08413E
:1006600079FE31A1CC7F2F5844B5A0D03C741245FF
:100670005DE662EA2EDA45CD557204CD780A197727
:10068000E88A05AF3A5DDC3BCDD626ED3C961D925F
:10069000C3F685B26536844C2F2E97AB6DA00D1531
:1006A0006BB0CA72A6447DDCB689B53EA62E8E32EA
:1006B0002076CACAE4124B074B8BCC21AABC03BFDD
:1006C000E30FE82817952EA65FDFAC20E0D9976EE0
:1006D00043549E9BEFD307B71F19C9C3CBA04EDE6F
:1006E00060CEA3068E3353C270F63CB69698CB6F9D
:1006F000D5F4CF5CD0D0DC10D99EB0A7DCADC90357
:100700001695A53541E4B8C5824DA54701DCFA46EA
:10071000C4617ECA8DBD9488D16EE980EDD4BB00E2
:100720005EAC6E95977C2D0B81DFFE729787A913C7
:10073000DD823C5BC7A0CFED3820071C020464CBF0
:100740000BB47C3A8EFF8B228FBAA633A395683503
:10075000D39E88DDEBCD8F15BC908B32F5B611A200
:100760002DFCFBC52387E53B2967BF986D4C612FA6
:100770001BAA4A3BB356EE025776A8509E8A024601
:10078000B63034806D29E9A8D81947574F844ADA22
:10079000B811E024E0BDFE4EAFA6A301ACD867DDE2
:1007A000F7CA383AD8C8245215F8C6A6F8BE71FB65
:1007B000CDB0193166AA236C8DCDB5B7D64072CABB
:1007C0006D00C2EC8AA98BC2B5C084C04373F2E746
:1007D000D464BB6AB561DF602CAF54EE0F29E47EB0
:1007E00072887C335F4A1B3F35C0BCED5E27481DD5
:1007F00085504806D0C96FEB4E1C296625F2CD9571
:10080000481F0A0830A3EC5798ED40916F42BB484F
:10081000975ED861FA3001E2DF1138000A4DD52821
:10082000D8656246297A9571B5C6D0180A8A114FE3
:1008300004896BBF0E7FFFBE6E1FDE3C728AE42A06
:10084000AAAAAE884F7A7DB4C1699FB3152A5822EF
:100850001F142CF576ED5065CFBDF40CE9127953D9
:10086000A9D808B862878A063AE4C14DF09BED9199
:10087000B1313A79A4BD80F344E5CF06389B46FFF9
:100880005B611E8F2F99B4C088BA1E7CC7DC1F44E1
:1008900097D6049035908C9568C37640A76861F729
:1008A0001FCD6F4D7F0D62C568571636B35C90A79C
:1008B000ED4C599050F7B8C0C927BF82E07D2BEEB0
:1008C0008EA9B584C8F3D5FBBA60A8ED30C600CBBD
:1008D000C0065D53C8A3CB249EDBDC37CFE00F23DB
:1008E000103D952B3918928098B9DAA412917F6C3B
:1008F000E8323B86DA28ED76B8C94595AE06ADB547
:10090000C1FDCEFD125FFB23A7FBC7D172EBA8CCC4
:10091000ECDD81016190626860252A475AE2488BCC
:10092000F646216D0713616E99AFFA469EBFD6A9B0
:10093000C809CA8FC6FFE9925232779B096477D6FD
:10094000A7DF2A169E9593303AB90213028AAD03A7
:10095000237D20610291F4B7C3DFF376122FEC8080
:100960007DE64F98200D0D6B4A5043566ACD5AD6FE
:100970008C70875917D177CEE7F8BD99BD873B2991
:10098000242E653173C406E2BD54CD3C5E21CFEF09
:10099000586C9EBCD65F541A0F0145827F3EDC49DD
:1009A0007D46FB3B7DDA501A9E037887C26D7D48F9
:1009B000DBD86F60F11DADD66FB001C8A3FCC49544
:1009C0005995A768BA74F3A2013AC22BD9FDFF79F1
:1009D000127B065BF5578831B10EB8D37DB9092576
:1009E000E8141606CEA3CE7930ABC8A57D02728E70
:1009F000EB63BD7E7C611865CC25E632441FFA00AE
:100A0000F95E5909C9C1546F66B57D2556521F8AD2
:100A10001FFF770ED851DC87720653587A58527DE3
:100A2000BDA0D71AE1B31DDFFA599BC2F4936D97AD
:100A3000271974295AEAA6A1E67C601B524D3B8314
:100A4000FB749DD48A96197D26CBCE2D45221AF3B0
:100A500053AD02237741C2BEF121AEA98962D26BA8
:100A6000BB98785C4E0EEEB93EE4A7E596F93F38A8
:100A7000EC43101986A1F64D00CB9D90E579A63C7C
:100A8000F4F8EA9670EF4E07F3B50E45CEC011416B
:100A9000DFB4FE8775082CE2B022E5DF7A0114434B
:100AA0004CB9E7204B64723F8CBFF9E98CF85C21AC
:100AB0009D43999C661FD86EB1287314FB6FC26763
:100AC000EF46B4A7DD15CF6F28FC199772B949EE30
:100AD000CB5D7A60CCE7D5344F1FAB63846F522770
:100AE000E0815372EC0A15A162F7A60AF246F0FD06
:100AF00040D640751C8535C717464479F8AF7888CD
:100B0000328832B75E2B9B7AFCDBA4688D213B8C4C
:100B10008F5F71B733BCC4684E84620CCA51ECBCA1
:100B2000E1AF72C8215EC0E67073465C37061BB544
:100B3000941FCEE460CAAC1DB9DFCE3BB25D17ABEB
:100B40004A25ECA91CB72CC2432E79714CCBF61B5D
:100B5000B2CAAFC767D7655E8D7DE4F953E86F2FE2
:100B6000ACDC5D5E355E59D99D7FA83618C48C3FDC
:100B700074EE1DBF96F9E2FBFF2147035B5D686DD4
:100B800012BC6FCAC5040DDD15A328950BE7CBC6B3
:100B9000A8DA5255076CF546C12CB7DCB4C3535FD5
:100BA0002287DE79E455D8450FA33F8A47A9808183
:100BB0000476E9FED0B169AE9B366C962AE4BFB8E4
:100BC0001FC8AED6EDBFFD19441FCEE5B6B1DD910D
:100BD000121C6B4F3521BB20F9F3659969249054A1
:100BE0008F95C55982560BBBF1B0DFC8198566E4F5
:100BF000123D1342F7FCC0FDC31E088E02BFB3A511
:100C0000DAFA7A070410725F34321E261BA0DBCD9D
:100C10009EC074EDFD235433E3B345410CB51F284A
:100C2000E7688BAAE5A4B5C94278CB2807A85EABD4
:100C3000D8A5A6EE150515A0346A33B42866CA26D1
:100C40006C3B468F1CF9E8AB2BABAB672F60ED1507
:100C500047841BDF70C21D7BD1F7CF697BD57C9A9F
:100C6000D4F241572E73EE38359BAC197DD8EB7713
:100C70009E26BA19363D0CDEAD5AD8DCC5DAFA7BB1
:100C8000EFCC402760C85C2F093121DA8B81F83D19
:100C9000FAECB30EE553FAF038DF9F2853A5A0E62F
:100CA000F49066827672AF2C8ED7CC6950FDF65FD9
:100CB000C7F858F4A9D2DCC6E3F82CE98255C3F78B
:100CC000AC04B598E977C7C5809E0D0F1BCB7A9110
:100CD000030809D228CC067342F82F405DFDE022BC
:100CE000A19A3C560F7CB590AD4B8437CF3D2B3449
:100CF000D6F09AEBBC6BC3CB5465E5BE366184730A
:100D00009822F6C37B27DE5F8B60B011A2E755F611
:100D1000AD242AB9326AFDB1DF3F894F9A6968EA8A
:100D20002AE088C5980F05879026CEBEF49CB0E8CF
:100D3000E1EFA70F3E06E8E50A38C524826BF018FC
:100D40005E077525DE73166561C93069BB27788536
:100D5000D19B1DF5FC2BB9049C63FA9976B6A625A8
:100D60004ADDD0274CD68FAD573D439FD51132C0B9
:100D70001D3F05229DC92CF6C69D8BBF54E5D5AC01
:100D8000690D929E7A43E6F9C27614E4B455BDF13A
:100D90003625FDB64E5C9DFC9D278F6A42C56D1CB5
:100DA000D76A1FE2839F2DAEBFF11497973374E982
:100DB000CF9B0D98D8E6B7620190B7E4DA1156F1EF
:100DC0004F38380B1A15E4ABF4F046314274F69AFA
:100DD0001322D6981EC64A500761D42EA18135DB56
:100DE0009662B7DEFE91BA3892CF6D6A33FE30421A
:100DF0009E07127F052EA2CAB8A1CB5A4B2E0A3BE2
:100E0000850B76479F0F1A6158F62D5D4F82B8F01B
:100E100002D5BE4E0D2E54F560220CAC9CC2375547
:100E2000115AA61D41A7E66397B5C8FFFCC241ABA6
:100E3000B7BA2A8E089B51E38979EFB83F27D87754
:100E4000042A26B8B8D627249729A5E72DEAD14940
:100E500045A3C7B26910E4E8CB61FE8B04E07606D7
:100E6000196DC5FB14773EB6C82367D0C34702ECA3
:100E7000A641DCB8C097C276B93803197EFB6E1A5A
:100E8000040044520200E888DAB6E2ED571091B34C
:100E900000FD2A84FAEC0133B925B1D5DDCC8004FC
:100EA0001FE5EA4727FACAF4D6B53397F180862CB6
:100EB000B0E1F4D29DC8D6C226724281A02771E863
:100EC0008DC3061E94C3BC194206E1E7FC4A6EA915
:100ED0009A0FA990C0A93904F7131404D0D26CD08A
:100EE000FB68D9A9CF5C24B5743D55E2A9B0A250E6
:100EF000607F26BE02E06096C6548E784B9285AF26
:100F0000220F36E1B0656365764C257E8D005CE985
:100F10007AB56F834A33E7876A17A55E7790F963DE
:100F2000895A613AD0E9C606D18990696919F9BC34
:100F3000E2AAD1BC2EB30730031C198B40EB192D4C
:100F4000417EF22900467FFAE98A9E1DAFC815DF6F
:100F5000236CFBC062F21BBB06277B6D7E643502EF
:100F600058E0B991A66EA926822050241AD40F0BFE
:100F70001E6CB2A7EA223B4980D326445C72D86635
:100F8000892BB9094B91DF109121386ABAB6408894
:100F900009A6BB7FA40711DD6560B68565F864907E
:100FA0004571CC2E56AF206DE6C9EBD7B8663EDE54
:100FB000A79FC299F9F033820C3A04CE272D1878F6
:100FC00084D8DB0ECE53AFAFF84838B440238462E8
:100FD000053EED516D36F7A7C885EAC1093971386C
:100FE000EC105AB8BD7C5309F6E555E244A0C33471
:100FF00067B0F5BA312DA02D1C51DF965B142C8AF9
:10100000C1BEE46344654C45520CECDFF1654BA96D
:10101000F8F3CAE75EEE86A087093CF84DB56AF2A0
:101020009A33DCF088D4862BA845CD7093E0EA266D
:10103000AB70AE0D015A0B7D2EF9CA8484E5FB57C7
:101040004CC192DDC6BDFB74ECB0C00A164BB9F4BE
:10105000D76925451C13AA0378AF85453D7EA55564
:10106000FEF92DC33358CF776EEFF41C68DD20599D
:10107000285E9CD62536C17EE0A7D8C727B579C79C
:10108000029C29B6B2F92F34129053AA102F3513AF
:101090009778F429BD4E284F018E047738C5ABED03
:1010A00019096AD98170572F9497350F1F9AED6FE0
:1010B0008D0A53898C79CC70A5E3C1F6D31A788850
:1010C000D41BEDEC9A39CDE7186186FFCCC8628756
:1010D0006B676803B525A84D135C70F15D8FE6F270
:1010E000619E84EF5FD99535D1831D5304B0D00341
:1010F000B347940BC431664E972AC238AFE1402003
:10110000B7854902195ED83AC0874B21280163B8D8
:10111000BB85C0D6030BD307C482E92A169FC3BC84
:10112000BE3C925B9F444D8BBC6605DA5E67739351
:1011300048EA7635E683D881541730BF92C26BF601
:101140001AB90CE0B55524CB2405A061FC322CBBA8
:10115000A48BC0DC83A01736121C40B8C35AB93D1B
:10116000C48B6E2087147115516AD3493CFBDB4454
:101170009186257460ABB4847BCA91B482CBA3F40E
:1011800017C53B45D53C16314E47306D579A8639C9
:101190007349A27160F749B4F593FF915CC22EA424
:1011A000DCAFEEC361784FD775567B4C30B7CA9031
:1011B000C14F48B8328FBC03EED3AB1AB82423809A
:1011C000CB0815389F96B09210D35603DFDD636DC0
:1011D00095FE7EF9EA9DFB8012E1D84D31E7D026DD
:1011E0005B1FF254CA313D9D19A6F6D1E324567D0A
:1011F000EC65726EC944447CA0A8E2761489FC3880
:101200008937B424C055F56D85E6740702E223BD25
:10121000DA7B8F8E26DAF71A874A9766D696B95CFC
:10122000BE628E3B74BEE96F676869E601E61C1119
:10123000597519B98685E950A4E8AD0A5300C25220
:1012400086B451B1265976A891E824B25B9762B56D
:10125000593AE7317E67CACC08E9AA521948618435
:10126000E0869E5A054956AE6A4D4D2A0E7D2837B6
:1012700072F1A4F683566491A478DF9BFF267A97D7
:10128000A5EB46B95AB733D11D4957FF33D1D9E839
:10129000A0A909F89ACDEC1B07A3B7576B298E15A7
:1012A000F7412F249056E8694A977FC8F327398879
:1012B000B00A889F385E007A43264BDA915617FCB5
:1012C000CDA28CB410469429815B64ACF72F00EC5E
:1012D000D7D18BF6982EE107F5EA6256AAAFA17C2A
:1012E000A3CEA1D032A50A92D0D5AFCB5F215E713B
:1012F000774A69FB9953B1526024BE5C6C08B4967E
:10130000DA2258708D4D57FAE1B7D767424B82C247
:101310003D4BBC31BFA74B691BFD2BB385BD3629A7
:101320000A81D3AB99E41EC76503940A66C280366E
:10133000EEABE7F3DD51D6FBFA2A06D66AEAD65DB4
:10134000815BFD49518297F6800DD9E1918749E98A
:1013500085A68152392D43A1EEF7CC2C0019568E6B
:10136000725A79CC534E9F24CEB43AF63A26EC56B4
:10137000C32073AE5FD82846FC6BE24A37A50DB098
:10138000AA056CD9BDC6F965A87146FD6E8B6B497F
:101390002F371C4D2AA6C41C33D5E339508C4CD9A9
:1013A000E81E13D4BCD4B4FB3F7F90AC5D12FF9811
:1013B000851B931BE8529A67A5246B592FEE18538F
:1013C0000B59E0855D3CB12C9D8FB59F3412F89F81
:1013D000C6C492AE5D41E3F6CB142DF6B9E55D844B
:1013E000149F33786A7E5341478E1F815A4D567D34
:1013F000EBDAB2A77DA2A4B172C1248A6A5BC410E1
:101400009EFDE3F05BA083FED48FA9CFA5194E48C3
:101410001ED9F1D7F09087BE548151D0A5C5A61131
:10142000CCDC30AD8A95609E3BDFBB7084B7B97B66
:101430003D87D6EAB796E3EF128AC0299539A01303
:101440004C8DFD42CEE8717D41BD1DB25814891806
:10145000432D8E93CCCE936AFA629BCEAFAE59FBEE
:10146000309269DCBFC2B5D784AB649DFF3237F8D8
:101470003CCCF524D5F8915C368A60960CC1F448D2
:1014800026869A3F62969FB3F3060B9C43D4365A46
:1014900052D82AEE75D7FFBC6F65209CF263072AED
:1014A000FF6A35887BDFB0A26D8405DF4890311A72
:1014B00053C813FBA60DDEF8CA2716050642BEA8C0
:1014C000848BB8AE0D3BCB83F00916E73F22511356
:1014D000B2F777E97E74E447BD127235592C6F3D3F
:1014E00013FCA519205800891F12014CB4CC7A7541
:1014F000BB2F32DCF05970AEF1EC1C83BB95B46F9E
:10150000942F8DE7572AE11F080AE7FC7A97938505
:1015100059B87B335E92877DBBC335CF344080FBA7
:1015200094873CDDC3A75387AE6394144F4AABC680
:101530002B51EC10580F09E3113F77860254938624
:1015400030F605C0623D24EAFE22027C5CE1F635FD
:101550006F5650C1FC96E7AC2262E70FFA793DA2C4
:10156000EC754C7289C3AD534DDB7A2E30ABC1178D
:10157000A178CE9D62368ADBE65D5C03B37D7C3765
:101580009A3F58D793A97FBC8F356CF4CF3216D6CB
:101590004B40924075C5CA6C5836A94CE3992FE16F
:1015A0004D38B682C81340B94A8CE2F6D5304B4666
:1015B000B4A7859677BE4001E72152C123C91B8796
:1015C0007BB6DB5567DD0E165C1CD6E6366B6773A3
:1015D000F7D72C15E72164D70369E4A2FA0F624A12
:1015E000B3E566406D33926D84F0C67C724F4DFC5E
:1015F000A24026F0EB7DDBBCC6993EB520C8FA7947
:10160000FE10F097294A672FFB28139C7B397477CB
:1016100009F9EAE6B3CD30EAFBECF2F367F3309375
:10162000C5D87AA4A2C76419176A6C724D7F3FE4CB
:101630003BCFE7F85B1C493423C9DBC7B512DC009C
:1016400081794BD95E6E90AD965455848A1844C307
:101650000D9D6FBD9766E05E6B2A365C567F0AB1C2
:10166000F4A48394C0E62B8CCFC8D58AC2A9A21754
:101670008489850493CF90785ECE90E0346A928618
:101680003FD2A458F6B9EE93F1BC6576DFFFD0E8FF
:101690009807D492CA1920B4518CE7E1923196A8E8
:1016A0007CB59AF4A28475AE0FA733280FB5B64364
:1016B000FEDE18F7081D3EB5EFADFCB177E08A2FCE
:1016C0003601ACA61CDB6D290CB87B588780D4840E
:1016D0002305D83FE72423A954B1A2D8C3D66E2D41
:1016E0009FBBFD36FA54089CE66CBACDD110FF6161
:1016F000B063D3A38E8E5DB733BC6B95AE87349346
:1017000049761A87F3A36D574251F5DAF63456F845
:1017100043E4A4C667C31AE1C5BF25F256D4456D9C
:101720002A7592EF7F30E9402F6DF721380BAC8698
:10173000640AA4EC9AFCF9702E73F2C1F7EE8D489E
:1017400007A45FC21EAD5D53D02A2CA2C3BA5EC2ED
:10175000645456FE074C676FFDD83DF78CC3F68680
:10176000C77EBD24C1BE1385A7159030FD83EE93BF
:10177000E7ED2552BBEAFA8904F0CE106E947F049F
:10178000E80FF1D285469F6F3CB7DFD49D514D568F
:1017900012AA63B0ACA495A431885C5C6CCAB33B5C
:1017A000314D6D224752388D96498668B6094541BC
:1017B0006DE98ADB7562F9FF7E72030B45FDC0405F
:1017C00050B8086C591918A22CC00A69AABEA14DBC
:1017D0003A2E44E6B30FCBF53B2ACA283FA9C8C22C
:1017E00097B4C553E6A0CB1232972BF0C960D9D677
:1017F000574F9508D2FD92AAEE1009797DF66FBE7B
:1018000099C2D393956B231E1ED1853751EE3E406E
:10181000ACAC6720C72A840453DD850A3E87D8D440
:1018200096EEBF1A227E48311CB8CD287E275E9CDA
:101830003C4D302D9245935A36AE06AD76F71C0FCF
:1018400018B4DC1588F1FD2A4A3FE97F37963F7EC0
:10185000A73D3374D2B8FA2AB2A4D569EF67A3B210
:10186000C1CCA88875495CBA10A119067B60B84341
:10187000D6AFE77B5E3B0729179896979BF9540FE5
:10188000F3CA7028F157FC403AE8F2CDAD4092E03F
:101890009704256552CDED5ED24E59653A2C308FB6
:1018A000AC05203D962509530034EF660AC3413B41
:1018B000915E434609FE072D185D0416B474822D0F
:1018C0005CCD3302024A1E2011CBEBF0FDBB8685B6
:1018D0004839914DA447D443AC430FB70AED86ABCA
:1018E0001831867C4A4F05BD3A9E565B7C3C4D6F55
:1018F000C931E0AD6E3B4CC69002755656E355EFCC
:10190000070E4B99A6D3ABA30195AA0D3925172D28
:10191000342DE52AD7EBD979ED1F5B89D11F0EB3A2
:10192000544C85B091953BCF086A922DB632B912CE
:1019300089AAE3D8ADE648AAC4F89B4841F0B98229
:10194000ECB031F263B7415A4E229CF2471F7A96AF
:101950007A8D3104DED1A3D833CCB919765542A99A
:10196000AAA63DBC51F706D31AEF739A90849D2A1C
:1019700058C9DE0B3616C10071ADE4FA01345D7F43
:1019800093A5445493329ED0360255DE7C1927AC81
:10199000DB98AB945C7325232DED7B4B0EB8B5B66D
:1019A000B9AE75D38BB1E7BE3966E909718544D10B
:1019B000890E1F0AEA1D4A0DC2AC70FC678BD98BD9
:1019C00031E3F5B81C8FDA3F68EBEE00956839918A
:1019D000CD09D566921B0F408FEE2F3CC5F94135DE
:1019E000190F0EB22C93796BBCF14AF5C5A0A4BCBB
:1019F0008494AF61AF5E99CDB96E8C704FCD2CDC05
:101A0000CE3CF31F2357381C6992BD7310D82AA708
:101A1000E004D66A56C16B9495F3079DE2B030207E
:101A2000C549B69617178C1E2D1AA4B26F780DC82B
:101A30003F4C1286B97E8081AB0B06E16B1F92B4DE
:101A4000F7CCF84E780FFDBAE8E7C5828CE910FEB6
:101A5000FBDE7433A79F7B620412E2F4255BF25530
:101A600047E8DA218F6C5B65F4BE0F33FEF3083D67
:101A70008791FCFEC6F8143C0CB9EC981CCC760996
:101A80004E499572770072FB48C03A89EEEC97C8D0
:101A900054FDAE601547B803096E23FD1631DAC157
:101AA00097956A6FD43A4B3795B4FB9AA762B7E51E
:101AB000C71BF8A4F0BB5020ABDF471EF39E367E59
:101AC0006ECA62200E1E0BD00DBB82CA02DFEF84ED
:101AD0002462426C102716C1482D45A13D6B457507
:101AE00001BAC7DF7EB36801411895FC5BD1E233D0
:101AF00046CB4CA24C787CC642F67CCC57E823738C
:101B00002CF3839A7E3565C624CFB902F6B871A04E
:101B1000B259AC03D491A9F27F2D043FB355B268FA
:101B2000D9FCBEDE9E5D83A26F40B6D219904B8277
:101B3000B5D92FA980F7770E2B2AF6588A3891034A
:101B4000C4E6E25D46E0B18B416FC5CB07DFE38BB6
:101B5000D414A1EF20D143856823CE7A4A7B4C4927
:101B60004754E8EAE2C12F747B0C72AEFEB6963E93
:101B7000AA8D3A2F692CA670E44EBE1085F0E520A0
:101B8000E6224D830D70913D770CD61E6B385C2A92
:101B900013FBE6D2AEABD6033C67F1B36E1D36F154
:101BA000526996BD71E260DE489BF1B5102D7CB4A0
:101BB000421EE4E405E999CBB885352E5CD67384E2
:101BC000081BAA7EA8C04E0CD1CE7C2C7A539EB3A3
:101BD0009DB45561B83F282DAB9EC02A26E44952DA
:101BE000952C30BC18FD104D14E44430E474149F5F
:101BF000387BA7338BF2E334B6E1B915BE522057D8
:101C0000BC488AACF21D92603AE803927D6DFB9F5E
:101C100020CB801ECEEABE08BB3C49CE78899AFE16
:101C2000E8B653ECE85AE3AAE05601A7F28DBBE808
:101C3000D2D3F55BF27C84086C338938D4946D225E
:101C400078D3D9DC3242798E5D5477C893C5C74DBD
:101C50002D6FB0D19DA07B79B62933545AD48963B6
:101C6000C597C718D02EFB7C2D25961CEC6E7AA745
:101C70009BB3B85D10CB5B4E266093869E80E724B5
:101C800023018FC27C9C23DEF3C02734EA27B6965B
:101C9000C48CE133BB865B9E1E3D4AE575B8C5FC2E
:101CA0009AAE846E15B6865DEEF08F62A3ADDA5DF6
:101CB0003E506D1A12916DB5BCF92DDF37DB2FB692
:101CC000A13A9CDD20F9C8D094880F51F88BD83EFA
:101CD000FAAC2FF946D08D25E42B1E313C6662020A
:101CE0007D04963F084AB6A2A4B61E9A8396F018C1
:101CF000A9DFBC8ED714BE0E02967E01C20F11EC76
:101D0000170A82EEF2A073CA51B525E305987F3019
:101D1000C097A46093B267189406AACDE81A93C23C
:101D2000D1B36A3CEEDCFDFB16FB2BCF68C7D41D9C
:101D3000D4C482F9E39824420061E00536EA9D921A
:101D400088672C965F8EDC93C935DA7E5B1702724A
:101D5000B4ED17DCC3E6C214337E7DE5F64723E716
:101D6000E18C176F7CC00201F9978BD6A2C9A5A799
:101D7000DDC9C5B01D1D9FFE6C69541C39A18AF2D6
:101D80006BE97D0D81C1CC78C09C854E020875E859
:101D900093B621B439AACC79DAB409907DDD1E5E00
:101DA00099E25814A5B1D5AF763EA712690C14BCC0
:101DB000BD4E1D4CAFE6509AB363F4B403BEF7B406
:101DC0003256959FAB85C204464AFB86DD3D7F9027
:101DD0000E5622CD92B777583E6A79B6E4EC756418
:101DE000BACA78FBB665BDF2FAEA519D75DF771D78
:101DF0002F9276A2F1337B989E74681309D87B6585
:101E00005B99E309B3768B53BE7D04ED10661F3BEF
:101E10002A9A342A24AC5E0328E1F500BFA264D2DA
:101E2000B0C0EB7A91E8A5C90D6C27937636A9422C
:101E30004599274D9C07682701DF04278AD232D1B4
:101E4000B881A1917647F19326F4326FC7B03EF581
:101E50005D31558518D550D0C537C1DA71FD538D28
:101E6000AF37ED3420610C5A9490B67289AE77F991
:101E7000AF60681C92CD3F00CECC2E5D1A24476D1A
:101E8000105FA272880BC05FCDE933A1EBDCDC4FA1
:101E900045B053C23C9610DC1DB9A1FC6E5E0F60CC
:101EA000AF95CEF6A3A52E2CC44ADCAECF3C0528B8
:101EB0007917E6BC2F91B12EF7D52B3FF15AD048B8
:101EC000797B3562AD91964B8FA3A91958FA7D9F06
:101ED0004A7A7564434792CAFBF82D94A000BC9AD5
:101EE0008E885BDE465A5B436086152BE6A0DF00DA
:101EF000A64296023B4D79AA9DE7ACDD6E71BA0110
:101F0000F7E8020359585B3D56ADF3CEC17D24700E
:101F1000C5B331DA6996814350994DDFCBDA9F66BC
:101F200027A417BEB496CB65700AB6531542545910
:101F3000A4D0C0445B4B9B969A6742AAC0C8B55ACE
:101F40001CDCF3DEA3DF9733F3772D498629763146
:101F500067DF7DD2BEABC7DE7206A1AAFB1D52FAB7
:101F6000F5B3BD21AEF87D5D5669E4D5FCED37D8FB
:101F700068DBE2B6025A2B3BD62567D8B3B4A31B65
:101F8000C814452C394786EE51D4CFA7AB3DA4C227
:101F90005CF1C492DAE658221494EE3EEF7B479748
:101FA00076FE5CB5CACF2E96EBDCEB7CA831AE2476
:101FB000A0598AE2D454B2558838BC2FC07DE65768
:101FC00018ACF6E44D30E47C7AF1AB610CBFB94754
:101FD000BFF22379D7370EA17EE9BB8F4F94748669
:101FE000D1553E30DEA77CFB0B8F10D62DD80504D3
:101FF0008DEF3D29156314402F03B33513BFFD0545
:102000006371FE7F65A17D4BE912F1604053633D32
:10201000100BEFDC197052B8C61144DE651486024D
:10202000B2971DCDCD5498E9974E2240D6A20EDE30
:1020300069812E509F665720653883BBD1964EB973
:1020400025FD6E9F0CD76D4A991E48C1B42C6A3C81
:10205000CD0C942E2C825213716003FB0B326A312B
:102060004E81F83C16F8972069182A150D3193789F
:102070000F83375744003499F482CCEB2BA14F7473
:10208000B44B7E71598B8E2F78721D4A8639F79327
:10209000617C26D17A3FF18F084E6E69C285C7F9FF
:1020A0009B1EC41159CB99713164E4BB18E212EF45
:1020B000E58E71956001C288981F89CD2FAD28FCEF
:1020C0002A2BA13864C99A6F4C5E8383DB768369BF
:1020D0002DA04C1F54994B0FF451E56216F7A5F350
:1020E000F0FF0F6E03A8F5C52F7660596F1B8F7F29
:1020F0004297884506812104D936A002E1C276F5CF
:102100005E8B015BB59555F72404284D9CC837E1DB
:1021100070B9B3F09034A7C5BC3DD6BD6C07E7BE1F
:10212000A7A28DE5CF69084C2DA71575E19D3A3121
:10213000ECFF7D341D0AD316A1F245B89DFCBF7B90
:1021400007A260958E1165089ADFC2EE50D6C6AA26
:102150005438105902177ECA2787D96A2CE989D7C3
:1021600043165604C639FBF69330ECB11A385C318D
:102170000D6A2ACA637D01EC41095F9617CBF8C549
:1021800063AD4036136C540B8BEFCC9A21CBEAAD88
:10219000CE62B096DFFEE9E2A8D8708D3507D51C77
:1021A0005C1B633AE804C873CDF19841BADCC364A0
:1021B000CAF896BE8FBC7188EF3E82A55E30A1033F
:1021C00079753B29105C8253F19D3BA8DDD922FD36
:1021D000774AC4501180C463A08296C4D27DA9E717
:1021E000DFF0697BF68146E1C17EB084D12FB4096E
:1021F000A96ED833B34CC6D8827174E82D484AF51D
:1022000025AA9C24B655DA675CAECC7E6A40F69B64
:10221000468E16F9538C2FE63DF49092C97E488E77
:10222000E8591420CD827F93B15E8D53F696C68D0A
:1022300020334FEC240B301E550448D189018EC346
:10224000B9D33CEE4D26F7743F5380FA154C9CB041
:102250009D05F93512FC92146FED8FD972A3A53A42
:10226000625AB892898C2C964C2095E1448694E869
:10227000FF92E62C91A9FD5ABE73566CB09DF4A254
:1022800082D58253A0FDE4D903C1179E4B1E38C5E9
:1022900002A4233E23C628BAD04AB17B45CD0FE025
:1022A0000104FB858B30CF462AB0B65E6D3A8C892F
:1022B00053D3CBF20CCE0F0334E7054B98B786AF60
:1022C0005EDB8F8660B93A7E0BAEB9614A77DCFA85
:1022D000CA4D4FE2FEF90B0C017A380E41ECFEE1DB
:1022E000A8D5AEF8C61787FE874BB5E71623206B37
:1022F000FF0C98BE3B05E5EEB8AC700F7EEB9B097A
:10230000605A5B43A4D2400B57CD22203AE6A03C52
:102310001AEBE128629CCC1EE8196A01FE485318AA
:10232000A019F37B502783736A13393BF6FB618B4B
:1023300007260E82E9DBBFEC44CE9AA1DB63665E22
:10234000A8E4A83814A507776C1A59482993836024
:10235000FD11D964C588CC407C6693AB9C5B5B4C1B
:10236000FAD55F37947A12A9CE47AD6231940F8DBA
:1023700081ED16B69AB59A91920DE066E564016515
:1023800053C13A783AE20399277C1C1F6B0E58C15F
:10239000E6778212F957B748C928D9E3A1EAFAD2F9
:1023A000CEA3ED5AD0EF44EFECEB7ACE7D364491DC
:1023B0005D7B87B67315C4DD37183C4D8293C2C868
:1023C000E2DFC56EF73AA738E4C5463E2DC43B258B
:1023D0007CA5C0BB2A2A2C92ABC8357D5F3AC106CA
:1023E0008C876877E03F85D82602F75F3FB62B8958
:1023F000F3DF684E00B15FB357D17BD93CAF5B8C44
:1024000095B6A1444F5B77E204BB18A403348B1844
:102410008C662D830A7DCC001625DEDE81B0166623
:10242000AD53B7B8C4D9F5661641873B13F324EB17
:10243000DD402124AF25448CFDAE1C087A5CF7FEFC
:10244000FD2A84EC03D131BDF4DF574D71E4333AFA
:102450003517161E0E2FE1E5B2483FB7A41A4E48B5
:10246000DDDE0BD63E4377B4C789A8169A5A8F6231
:102470004EA2593DE7497AEB65EA275BC5F1F217B1
:10248000C6A5A956C5E448167DC5CC1AB4A3D85D27
:1024900088FC75224E0D1E2B1FE0BC399C2AC00FF4
:1024A000258DC27413F5778BDC9A31089F1ACCD82E
:1024B000889B985E0348753E1E90979FD7D4F6760A
:1024C000923686DD2E390137F26E755F1A616CCA5D
:1024D00098D842A1B9E6E5F1B334985F73C4D62722
:1024E000FB5A303FBC73AAD3D780D4BD198D0302E9
:1024F000D1725021E523E9A2E3FCAF3A76F6BEC9DA
:10250000F951BD764DC3822D9B30DCB2E259941B4C
:10251000AF34A9B2B687E8C69FD4EDD31206CC82F9
:10252000B56E64CBFC67C12943167D1B11A6901DB7
:102530003DACCF8F74510D967FF36FE189BE2DE9CD
:1025400087366D9D6149AA1E359B6CCFBEABFA22C2
:1025500081B6FE988624C683583FAEA5156D3339E3
:10256000C88B70560065A7BD22F58035F32F41DB7F
:102570004C5B4A3C68104A11453D59EF6237DE58C2
:10258000E3DF1CA8BEC1D739224C9E8DE9A9508A31
:102590004805166538160166414E22CBC6A565274B
:1025A000219CF2887EAB66CC2B415E99C889EC3DBC
:1025B000C10AC9AFB7DDFC967FC4D7346A574FF064
:1025C0008676D3A909DBFC3345025C822DF893C1E2
:1025D000AD7A425D3180EFD81C2D091B719D53727D
:1025E000B0AC5AFC53193BF349078995DE6564ABDF
:1025F00030D3E817EED4DEA5A7B05259CAC01C5D8F
:1026000078EB677190BBC37B7EEEA9FC6784F06AB0
:10261000EB43DF5256D799B9ABCB3CF5C3A312FAC3
:10262000ECB9C11B27567F2E8175803B36BB09EA6A
:10263000F3685ACE0AAF1E25AB441F2531E35C3048
:1026400032E91D3E38B4D340A198A059111CDBE3F8
:102650007102502D778E6929EA9553FC9E37F7FF5A
:10266000D75474DB62296E4409EA13EF61220E31FC
:1026700016B345AD10F05D6D6B887676BD29D8B781
:10268000C776C0E60EA0903B23B449F3BDDFA19C02
:1026900033FBB53E31D95243B626DC66A7287049D4
:1026A000CC719E333CDA18FD904400B8537A0E8802
:1026B0002F95780CD4EE45AF4E24AAF8030DA44014
:1026C00089E8A5840578620F89F596F8D7104981C5
:1026D000F240DC507F1C3B572610EAA00A87746446
:1026E0001CFE57CFAF82AF9D8C37D0E381A2869D71
:1026F00028C91DA2AC7CB1E16CD30ABE93F6328727
:102700006DF3924914AC8D8423E018F11995860974
:10271000907631B283964E1C89358E8B22F61BB390
:102720006C37AF0F3C07F799C016E7C8310DCDBA2B
:1027300039AAE8A74ABBEB2D580126B7763D42EDF2
:102740000E50AE62B04AB180DF9131B62026BF395B
:10275000BEF8A487999FBF91ABA3669A4CB5437D01
:102760009A094168B1AFC4DB952CFAB57C1A5D5F5C
:10277000D1F2DE565AFB8356C5EE5E9B02CB789CA7
:102780000BD0C2FDACA0C9284B90CBF6F63108F0B7
:102790006DAE81B89F993D9993C06E17AD0C301CFA
:1027A000326540E8C562D1FFCFCBAE9924F10BCEA4
:1027B000987E6214F5BB6D86176EACD99D42252DAF
:1027C000AD6CCF8507B4C4F8152028216AA7762AF6
:1027D000B23013CE9574341C4CE326FAEB9304EE1E
:1027E000EE2E67B8D92DE83C54CFDF5AC2420B79A0
:1027F000E4442CD662E63E45C8646AD82E3929AC3A
:102800001CD4E836CFC453626915325B0468BA94AD
:10281000502F2DF7CE60BA28BDCD1CD6E0D24FF098
:10282000D4E821548209E7C9C12A4E0FAB3321C134
:10283000D474F1D3A2E844F0FB103B9D9E1556BF23
:102840004D53E708EB4EA52DFE9AFAFAE963F8D04E
:1028500091896845844076CDEDFD924759760C9B71
:1028600060C30A719A311D011B63E52ED2BF15EFBB
:102870007F02BE1007F44769074E801C0E4861892D
:1028800094311FCF755A2B43D81AE09C1F6EE50B6D
:10289000F2AD6200BBD642E99715C2C805B776C152
:1028A0008B5032FCCDF71279119F4C27129351BAFD
:1028B000B6408037131A13D293DDA3952483F28395
:1028C000C96DC7EB8C5CC4EF74EBCF4968AEA29DB9
:1028D00079F1813E7F3CB7715230F0D65D6E32AFF8
:1028E000C48CAD5E55CEC607111C02DE296BC3D366
:1028F000442026F07788D0A1060D4705EC763EFCF3
:10290000C10F1A54F50AFF0405D90CD2B9A0B43688
:102910002B49054387E2C5159D821CB616EE380D7E
:102920005F55F25C07F2206E75F94A139DE7E27C71
:102930006258752FEFE63A4EF604831CF851DA8898
:1029400037D0D65970C8FBFF91448D390D2BED203F
:10295000B4F1C0B97BAB9539D547BC66BD59AD6CF8
:102960008DD271FAB04C32C90E5F6E2ED80C6E0D3E
:102970008A32C42B2ACAD4F4E2296C87508C5502BF
:10298000A3B53CC27DA670AF1D22C57CC5C9162368
:1029900000223FB46010C40A40767DA112DA411FC4
:1029A000F597BF14071AA046311565C9629EF4A8B1
:1029B0002715FF86886E274EB3CF2D3EEA99CBDCD4
:1029C0008C5709B57D388F523B8FAE2F82572557D4
:1029D0003AC6C9619B5E290D3477679CAB48642B6E
:1029E0007123D263ABBC3B933140AF29CF33DE3789
:1029F000C01C786B4BB654002EECA8F1E94E79F26E
:102A0000D28FA92882E7C773BB7AC20D1FCF21B12D
:102A1000A9844C4D42EB9BACF95CA243EC001DB584
:102A20000F892043C040D8B0C7022505DBEE0F2D2B
:102A30002A8DB74DC341DF9083A9532B74ACE87640
:102A4000657D584A38A7A463DCAA3C2BF7F6027AC6
:102A5000A1EEA3CDED107C843031387586F9C089A4
:102A6000D4B16C693F6D3E37C492AF97BD47400902
:102A7000383361C89C05B4DB4EED3A57E468806B8F
:102A8000747FEBA6072C4EA0850E49D21C28EB00C4
:102A9000F313B5D7738A462B4F55D322E07DAA2B6B
:102AA00041338C97F574B91B1BD6A30AE08C73B322
:102AB000A36F4BE8BAB138E7141304F737414388E2
:102AC000670860AC56A7232A0D894A162CDB3FFB0A
:102AD0004B1AFB3E49855D50037260887514B58BB7
:102AE0008A443F277F7A45BF6BC63B90D677C63F67
:102AF00047738CDF2AA4E2B2A766F287C4DC935145
:102B0000CB999CF70191DF342CFA875F288DE6D0B2
:102B1000EF4164BABA0EDCE83BF120B9DA00027783
:102B20007408F7004AED6F7849949F3B60A96DB82F
:102B3000ED87B8FDDB7DF884E31A0A985787F02B00
:102B40005602DFD56E4D738359C43C6DBB748D182E
:102B5000B859F216794FD6295B7365C4549AD77069
:102B6000527C30AEDA2C5B9BB9304C3544222BBB07
:102B7000EFCED4301C9899782977D97F43EDB1AA4C
:102B8000AD7442CBA654297F56106513022DBC3F6D
:102B90000A95D8644A9663A5CA076D0A6661780DDE
:102BA00039CD6D4620BAF89207C147E0CD072922FA
:102BB00034285BCB5241B97B1FC6AC6FCE31A69B8C
:102BC000B88258E9E6EC123A1B5A7E4A2AC6D0FF70
:102BD000BAF300D8FCBC88BADBB04AA83B9485B8ED
:102BE00095F3A591135F039CAE20CA4990BC638EF8
:102BF0005C97F3562A5B5695979B9EE978060CF7EF
:102C000083F293DEF487CE2587C038B502FAAD791A
:102C10009F86599854A0555B5382598B2A483D1181
:102C20000489288CD3EB1EC5E754E38B6400197D1F
:102C3000479B0E48089B9597579A5C767D54AF60EA
:102C40000E1454085895123744B35FF390FD182DB5
:102C5000CC77D994D67AA25A4A1EB719CB8D3A3A74
:102C6000ECDA6B7D34FC7CAE3E0313712A037243B5
:102C7000E4E5E51F1E5BCAC8A7D5A14EBAD57E57AD
:102C8000AD11FC4BE6D946A0D34DB5F9C514678B01
:102C9000DEB99C0A765C59D92C9F2C9E329EDE4868
:102CA000D95FB7EC391D5C0EBF1E0E3FF683F4B43E
:102CB0003253E43D8F080A09E9CC9CDC9072B414CD
:102CC0008B3B95EE3CC9700B4E9A9D1A050869D452
:102CD0009D3918D651B0F0A5464B1888489770A575
:102CE000CB72EB1462DC2A2C2CCF3061084E021D13
:102CF0007418448B08845A0A165F1FB39D411BFF4A
:102D00006952EEF90B15BDFA2E9EB7623DB189B33B
:102D1000E5F67A18B32CBDB0408F0C410EB77BD1CD
:102D2000D2DB31B348E7BCFF1552DE965B692B203E
:102D3000FFCE0DD11A1DC323B441E66FF4211F6BE2
:102D400029A4FAEE594106F07EA9E38CBA5A104440
:102D50006DF188139847009786FE55157AD2298021
:102D6000E592BBD1027C7E461025BD31EDB456C143
:102D7000CADE8C79105C56331525AB3AAF1B6A4816
:102D8000DC146E4B80F5FF8951A45B73268B3D18D4
:102D900061749F9CF6B7F338F759AFD2979B326DA9
:102DA000EC022E6495217FCC39687543092D098981
:102DB00005D22C980673D09DB2736D3C1C20B49044
:102DC0008C7570103F4002A677E965C748B0E108EE
:102DD00084D56212FAC71FA896CC175D938E79FC32
:102DE000A1B7E562CE4D2F935ECFBDEE7D8EB0468E
:102DF000A08C84EEC9C83DDE02B2C996AAB157AE16
:102E000072E14A285754266AC391B3546A942D2A12
:102E10008D4832A19F1BC54ED3E66F352129D02D99
:102E20003E1AFAF83D9DC486403E5510565397AC65
:102E3000043D5CFF6080DD5A5816EB75A01FF39AC5
:102E4000121C960568BC92322FD566FC21821DD6D5
:102E50001C24EE85856C003640D16034DE0FDC44E6
:102E6000DCD65C90429B127211565130AD3481CF4A
:102E70007882E95CE23AE721F3B45C468A6E268AFE
:102E8000620A6D3CE145971F82D1A9F9E317CDE0B5
:102E90003E607716D790B752297C3F95FBAB1CC498
:102EA000E09869D01A3D0D5113089CA65556E78449
:102EB000B87ED14E4B2D18EAF1432CDC9FCFB79F43
:102EC0006188A5B65A40F48B27D41414626A26BBD5
:102ED000949AE96B00942C2E155CDB8A55411CF703
:102EE000CF20F393053B25F8059C5C60BB742F1144
:102EF000AAD6A0F28C8C6F666A6633D1D7561B9E19
:102F000073EF3DAB463F9F13EA55B6B6CB2B11325C
:102F10001807335CD47BE55A130C88F3A668C99173
:102F2000AA5AD7802E22C649D395246F9EA4E6A321
:102F300017C96C554E88069D9287FD85EB63430447
:102F4000D2E96A951A3FCC82FBFAC0A83083B08CD4
:102F5000A69FED03207AD6FE273D3125EFE9D82F35
:102F6000F7DBFC0DEB4D8540D5390B63F33CB2A785
:102F7000B590DC6AE96E3C9D55DFB99DEC476FBAB0
:102F80003F1F4E6EBC0942EC62B1F8D98F9567BA0B
:102F9000E5B3F23BE02DFC5C594245DB1D74A2D742
:102FA000AB69AB68CC19AC9050CB0F4CCEE8617FCD
:102FB000EB2260E2D765FB6090A7D81CF581043254
:102FC00020852C1C1560501381DB40C53C47397AA5
:102FD0005A55B07C9A084E6F7F6A5CF02A431F6D89
:102FE000C3B0BB844FDC381E348302BB2B9EA89336
:102FF000C00CC3EBDEDE41927F4031759E1FE5EBD6
:10300000440537FA5FAC68E396BEB1339AFAD12330
:10301000765E47CAB621B076C6D9C75C3EFFDE06EB
:103020006537DC4904BE3FA0E62299BC897963F587
:103030005812DF1D1D55FBADF29E3F77893E62D1D0
:10304000719BBB3A3160A14333AF7D070E108F8176
:103050004A92BA4D93D4D39297B0474DB5BED2CBD6
:1030600052350C8B3FB266E74B7A03127DFCD401DC
:10307000749B7FC3555DC08A2EB60DFD4A649B1FAD
:10308000FF2280C7D30022C44E22C6CBDB0D804571
:10309000C253DBD1552CA3A9A2843EE8872F4CC68E
:1030A000662D492C1A22EA7EBB6DCAAC8FF7FD62F1
:1030B000AD9D10F7AC42E0E1EC612DA60C878DFAD6
:1030C000C4C98A586B26D83B9950AEF34717472698
:1030D000F48C96787643972CA8DF06E06E0143D3F4
:1030E000558838CAC89D68567AE31F22FEB8403F0B
:1030F000DA96C3456A8D2C8644A589F5894E0C5B0A
:1031000028C6E6412DF7EC68F9571BD8C4985FD85C
:10311000A020DCC1E414444DD91D34004CFEFBE07A
:1031200029B6A978BB39079D89D3C16E92BCB3ADCE
:103130001D2F42DFCA8E4C1D43CE1C90B1A4468584
:10314000456C19AF35608E8B4A7B985D52D9F73C40
:10315000217875724D85BBE2F822E677E6EA96F9AA
:103160008D4A858AD03AFF0CE5B8601E8839D6AD05
:103170008A9F47E9F00CDF3A3DF691125C2AE3FDA5
:10318000D61F6B557CF39B616AD5153852B02ABFA8
:10319000A330F77B59CAAC04E0C607AF2A88C6DD66
:1031A00065EA08D8F3D698369AB3EA90D7E668333A
:1031B000F5A97E5FCD0AFBEEA033865E2F12555A2D
:1031C00029601B7DEC81ED3C5CA0CBB878F8F24126
:1031D000E09B6E8A3381E0106F43E6A5CE32354A1C
:1031E0006D79EC177FF736ABEBADD2B7A146FC1289
:1031F000170503B3D96401CAB9141AF9C735A379FD
:10320000DBD67FB4D344CC975F6B30244ACED15900
:10321000B877CE0BA260C6F28CD9CD1B3E06FC401F
:103220009D133FDAC6CD63CAD684FACFAF2F91FD86
:10323000B053F7B4B415DA7EE9C426C77F30F95429
:103240007BE91355C382F7009E2DFA5F0BD54085AD
:1032500027887B249BAF13EFED56E692F5349E1C36
:103260006EEFFD37C08402DAE20F9FCCA061DA4036
:103270009118A4512B4A34DE268845DE72A05E5D8B
:10328000EBB1A0848D35B15379B0E10B546385B8AF
:10329000EAC1D985E8644B5794A8CE5B41A26F730D
:1032A0008540FB57959F5BF0995AAABDC0C1A42EDB
:1032B0002DE790A6ACB77617E9BC57CB6DF22A7410
:1032C0003E2C35157D7E802E490CEE977D4EB6083E
:1032D0005617A59B24A429C3C8661A1FC4BA5272E4
:1032E0002E9FACD333B74D1B6976B87A30B171F4E9
:1032F0008BDBCEBD006FE5903B046034A357A7CABB
:10330000ABA5A2AD6CDE88A9F75FFF4434F06787F8
:103310001F7DD740B9F7A17C9682ED0198433663B3
:10332000177AE2D29EE42684E0AC73020560BE3DCB
:10333000FBA4EAB730A0BF35BFEC90236F7AF61A32
:10334000FCA487DB3A9F44FF2713D73ADC3ACC9999
:103350005070D2D1AC93B143ADC14E97CE5194BE13
:103360003CEAB319E774596F98CC501456B5313C08
:10337000E4E691C4A2B1021EC73E59095ECBF3BA7E
:10338000EF56FE0B2AD57343BE1B6DFB90FA60C54A
:10339000C1FAF5CFCE1DB8B9C792CD53FB5DC4803D
:1033A0001FB755BF2FB6CC510635B7FC550E464258
:1033B00058B1BD4AA6DEE27615416EE41916FC5CF2
:1033C0009B5E12DF995D1D3576F56A6CEFC172E088
:1033D0008DA8D7929C5C971B5C91C8B82517131DCC
:1033E0009418955A274CE2D302220DBC490575EF7B
:1033F000C707508078A4A53FD4D5CAD993701D02C1
:103400001639739806ECF13B8AC2D7533C10026C14
:10341000F79BC77E441471C941A9E6ADE896D095E3
:10342000AD0E22ABBAD59A602BF2155951A7901365
:10343000A0E8DB486C310DFE32C27C351117A6DBEB
:103440002AA51B67FF59233F572655E187056F5A69
:1034500089F474F5BFD28DEC005B51E7EE9B852EAD
:103460003E42070791FED2EC03BB45838ECE2AE78E
:10347000B561D533BA4E326142DF01FDB1EE83E072
:103480004305BE34BDF4C526D89FFAD158FB7D8FC5
:103490009E7914DF47C0E92657641A161C78C423A6
:1034A00020FF86D11ED37003602326D911A32433B5
:1034B000EABB538B73DAC1CD312F271980868AE09E
:1034C00043F73215D592A3E7524A1CB6AEB8325034
:1034D0006574266469D84FD5951C38D5507755D872
:1034E00075CA40FE083569BADF357C09E8E72ED396
:1034F0002C853A8DAE18D9E7E92DADEAD8D6CB1D8B
:10350000EFC7A9B89C5CF4F999AE8AA527CD71EEF6
:103510003FBC096D50413BDA825427F97D819549C2
:10352000509B8EA4FA49111EAF1B362D735168A310
:10353000A7EA9F0D0F27C80345686EB03503B65F35
:10354000E31D7B194FEC5CDADA418F2DB1ABEB5CFC
:103550009B41A4E62292943F68713FF688F7356458
:103560008DACC12E70122A31488F8026CBFD595662
:1035700080A0544CC7AA7155F47CDAC6E8EC0B2243
:10358000D6C10043201477042D26F50ED05A7E9A1A
:1035900041C8A2D3CECD2A9E7FEFB2DF732A8075B9
:1035A000D78AF3E2C645E5BD08E06CE8EEEFFC45DE
:1035B000F41210EA552EC03C161E8EABC8A7056942
:1035C0002EC8D83A473D24E1F4F754C002885B2F57
:1035D000304C19D51F193B4677D19F47536DF17277
:1035E0000351B121CF71AFF4A7DD551692DA50E93E
:1035F00041834C8B29482B4045C63DAED2A04F9B02
:10360000C4B827E2863D9701F72C18342823D12E21
:10361000E87B9BB3B788AAB4058AC25F2D411534F5
:10362000F38B1E846553674B68E5268E4FC597DB89
:10363000E23F07BE66A9FDB0E6A01762D2F6E051F0
:103640005E4893CABC44166F38FDA495A675BC4F5E
:103650008A5FC14A82AA3150EBA78522B4F0EAD230
:103660009795699D1BCA337709BF8B6FB011782876
:10367000E5692B37E58FDF5364ADF2A24A79EB168B
:103680008D04948A2B0B06C39651B396BD0A1DE296
:10369000D5CEE66012441F1420E0B0BF0C64AE65C6
:1036A000F9E45452C2BC8C21BE9A86ADC92D5D315D
:1036B00075E05CA0DD503B68232BA732795A8870F7
:1036C000EAB999E28F16451DCE910A91FD42D17853
:1036D00080C69A11337139D5032F32D42313506722
:1036E000393FC7F2B3BE72F153C20C3552F44354A2
:1036F00089B729556D4D04FF585A7FA260D50FFC3C
:10370000D01607932F0F15B1C5F06BF394719BB1D1
:103710006F53D784E6EE4F20145A14A35AF731841E
:1037200036C2C174B573CED92A905BACC75AA01506
:10373000145A1C0375293EB46086C91CFE400C1344
:10374000EBBBD68CFFFC0EB4FD7EE20FC57FC9DA61
:103750007EB001614767CF6B18AC26CFA320E40B86
:1037600025BC604F1872CEEBF7EB46B6E696CB4A17
:103770003BF4BF6CEC9AB4B749A7CCAA317850009F
:10378000031063F796A15D467F964A9BB673762039
:10379000314F3A968D5CEEAECFAF20109CC78C3681
:1037A0006C8D68FDA1B67EFC3053BAF1D2E1856B19
:1037B00074172EC5FE7FFEFEBBFBAECFF97CC5960F
:1037C0008F978B6BE14E5926F34CF22C583B6832A5
:1037D000537A12D42B701EE5B5FF1A6D5F00BA390B
:1037E000C8894F5C54AA31DB7DFEDA6FC20FCD9CD5
:1037F000427445640B04A6183ECDF4E8329957D3C1
:10380000516B561E28CFE1C5BEF830644D6CBC8BA1
:10381000E9345A7DBC8FE81A6B71E8BC8391131DA3
:10382000D1D85F1D4B0AC40EDF2EA7A09FD1972FC2
:103830000704F622126CFA71674D550D91FEAEF435
:10384000A190B7DAE591B8ABB28240459889EB9E7A
:1038500012D3F88065D36725C925E87ECC6F6A2826
:10386000B7093B66D2E62BCD79EA711BB9BC8469F6
:103870003DBE18F918E031B9550F17D490E2967C87
:10388000BBD3701A92263DEAEBE1DB51B3113BC08A
:10389000193427B056D940B8FDEC46E6E5816E7B79
:1038A000572DA70A7A1D9EE84D501FE474F001427F
:1038B000A150EDDEF8F2CE989A72F22FC98E0FE980
:1038C000FF32256E4AC2D0241E3226AA6DDB216744
:1038D0001CA7068F9A5D19C282D757BE8FB8F97E92
:1038E00027BEEAB75DB02199D77F87ACDB4303BC25
:1038F0004AF5C7FB294470E557CDC63E008C39A672
:10390000AEDF86EDAC6EA1626EC018A70D16C97150
:10391000114A2114679F5A8DBAEE791B4E1C95E708
:103920009F97B344B188CECC51111C97C15A16252C
:10393000AB0E9A5D8B5D0D79D1DB2CFE6FC5B3BAF2
:1039400009F6C31F7D98FF3EAD0E2BAACD05A1142D
:1039500047E00DD404F3CD44E99E505C0FDE58934C
:10396000C21E5C0568F460CF5DAEC5BD90A6C637CB
:103970005028FA464A6E134CF8506C0238BFB59B7B
:103980003C8275ADB8A05ABE827BD3B1FF3EFBF43A
:103990009C12F80499576C3486F5B209CF9899A80F
:1039A000367FD5641C4A4367CD3101AF81344DBEAB
:1039B0007E3E38F2FA34B47E65AC8489655E754229
:1039C000C6548444A5D392F4DDE48DFF5B9BD89369
:1039D000A2F83FB57D79158683C705C0B39B26A4A1
:1039E0001EB57B54D1B4F38DD4F31E5A21419ED31E
:1039F000A3006F89E073391796AB44AE2AA4125D19
:103A0000365DC1742A98629FAB7ED666DAD74E3C8B
:103A1000734917CB918DCEB6D4860E07000EF59460
:103A200048F985069A344B5AD6686C1F4D9D05F7A8
:103A3000C7A5D0C49845AEF8C844C22FC2A842ABAF
:103A400026937C9AA5949A792D35E49D9DA0821B9E
:103A5000376A5CD4F9A55AB67FAD6879645227E518
:103A60007E346F8BF0252BF7CE792A738815D655C7
:103A7000F2562B5FA5223B6C65C19F5951A153445F
:103A8000D190F42A5E93D28195714ECF78D023B72E
:103A9000D073A3854CE5FFDD7ACE42F0E43DDB3AFE
:103AA000C7B3F2DBAD10CBB17CC14F9DEB62AEDF93
:103AB000CC19158057F991B1A066FF1749B0229F24
:103AC000618C556BA4E47872021F769D7511020A11
:103AD0000679B4553765B576B3B3FBCCBC99FFA76F
:103AE00085A7D7DB64417D17534BF4F0274D52C1B6
:103AF0000015C8A88F2A462A0B636A2F2E88DBC3BD
:103B000064853AC9ACEFB110BC263CE4A87C7E3792
:103B10008D213EB7986C30A56659E7DDC965C8149C
:103B200040F252461D3B2F83969E39859A916F62D3
:103B30004B3DDC67D03B2C429C1818B5184D34998E
:103B4000DB7A8789ABBC993F346043CFF5D5DDACD8
:103B5000A9B5107ABF0072688D87436F9D0CE6800F
:103B6000F302270FAF1B5BDF38D8890D2838DC71D3
:103B700022740E92009AB318BEC86D38A733404124
:103B8000415844A5C1F80302D0DA02E959202E8039
:103B90007830B5A705C3ED7FE49E2D16C9949FDD4F
:103BA000A80955EF45642DB015AC319D24ACA43166
:103BB000F06C8C160EC19BD24770F5FCCE6F493B62
:103BC000608A3F808269499C2DEF23EC64C1CACC96
:103BD000C407AD86E0ECA13CA6F1F955338FBFEAEE
:103BE0003C2C4D9A314929F5736843113C0B715CAB
:103BF0000E6F8CF973D63125B490C6C44559F5497A
:103C00003BD17B31D13E0B3F36765C06C4A97BDDD0
:103C10000223196F44304CB131ABE91C24FA6B48D4
:103C2000F54D477E7A6DAD0F80936BC9676A11DAE7
:103C30001148C995C32399041486BABBCDB46C0846
:103C40009F19A15B5C18306A6E4BCC6A8DAC365DF7
:103C50003214B8CE6123CB4EE8E8A325E90B3A7CB9
:103C60000C2333D252341876DDDD1FC141791201A5
:103C70000256CD7DDDAB29E1B7419DD762DD530909
:103C8000BE7F37FD2362460C4396F9AC455C01A22A
:103C900014824F0D6EC4B12ABD35356D85E464F2D2
:103CA00066DD373B32E22759C3E3791B9FFCCCF03A
:103CB000D9DDEBFDEB5646C3D962B73B8AB5FC199B
:103CC0001E97C843201FC7772254D1FC62FFE6D05D
:103CD000ED8623B48520583B84F96BDF7C34323A7F
:103CE00088FBC01A6A68A48D43E07D73172062C404
:103CF000E1E3163669918D3A096867151BE914717D
:103D0000165ECFC446671BCA06C48B73C80392A352
:103D1000216B34E26E3BD7DCA8BA2943F2FB531285
:103D2000F2199C5E2DFE8EB23D8ED626203CBB172E
:103D30002503AF96444EB18F4F636964EE4A19FF75
:103D4000990D4F1D179A5478DC115D495C91CA4258
:103D50002AD620047BC460C7AA5CE735BDA6512FD4
:103D6000699FE6A7922DEFD463F0BBF0F343ADC596
:103D7000ABA65D62CDE57F0E8E09B4193AE13FBB7B
:103D80003196B755180AF37E1231861B3D2148291A
:103D90001C443DD45D8D37C428C499AE0595CF79B8
:103DA00013471F732A8C3B608D9AEA90D3C22BC2B3
:103DB000F0262332103AB8769298F0BF8EA1514285
:103DC000946B18D9A7299096373DB752D8EE29049D
:103DD000B41A072DD2EE07EBFF6D44C6908A9E5DA4
:103DE0000817545B3392E2E0B50F28F9EE6A095ADE
:103DF0002787075093E801C365AB90DF4E1245C398
:103E0000E8330E795673CC6D927B84E9F335294102
:103E10002E609AEB7F0A2531A8FB92973555A24D6B
:103E200000348C9C7F3906307FB1BF788703891DB1
:103E300058419CD896731C2A09038587CE6F4791F9
:103E40008807039ECE3CF82AAD8ECACFF1B736A2C2
:103E50005DE5FAFCD36AFBE363C33C56B8DEEA4196
:103E6000C9DA795CD6B3CC0B162E8CCF7D60BD0D34
:103E7000516B56C839783C25CF7F2E01A34EBCB379
:103E8000126071ABC199B47818F02D4D0FFDF62179
:103E9000D96312670CF510835CED04274343CA0C09
:103EA0004A0D7E0D8007215EA0BCA26F294FB4F39E
:103EB00070DD016E9E862A5CEAEF5F8077605F8E20
:103EC00014F61C6710C48BB6FB2194EA6DF710EB57
:103ED000C280F4CF656328C250918461864938C39B
:103EE0005E57B827C79756D5A7DCDC170936B5E665
:103EF0002C5F9E0AAFA0D48259D2DB355E1DB0BEC6
:103F000084DB04F2BF4730FEC102F92E670BA643E3
:103F10009F3CD38DF6CAA4309246EF782FDE8CAB4F
:103F2000B19143F5AA07F8582326B7308F1E2BCB43
:103F3000CEA308BE31F9D1F7FE5ADB7E6E7FE38552
:103F40006AC50CE895A17D4FC21038439A7EC83AE5
:103F5000591E6A7C5449F32C26AD2814BBD4FD6D40
:103F60006615AF05B33588692D2B840FCDE3CF518E
:103F70004720BEC4CEB71960AF83E4AB18C4D31BCF
:103F8000ACE6E2E38E02CC6BFD66109807797E6AA0
:103F9000A3B2B1C2A489E2AD34FF8630B17111D7AA
:103FA000D41BD004D62FBA6463F82AA2DAAEA49F39
:103FB000FF005DA06A008C97FC01777BB35E346ED6
:103FC0003592B23CE8DEB5DA0B21FADAEBDC66FBBF
:103FD00044CBACE6262F215811FAF3D12DC09BB764
:103FE00062A3E7F5DFBEAE6D6694962811AAABCD4D
:103FF000D9AF80BF9A42E79F40353BA8D8CD3DACB2
:104000006373A90AF6C1F5A46082FD08C017638C2A
:104010009DC25D7363246182D97CB8C1744ECCAA01
:10402000A0FBC06BE9B94FDA169A7AA05B9EBCDFA1
:1040300017011DAD451781DC286D00522B718A0DCB
:10404000015648C7E33E2580D92BE4EBA22D8E74A0
:10405000A277D8798B3F12D0F2C2F7DFE5D6CD9E9A
:1040600063ED4444E8D12640F36281D8CE1C8B87AF
:104070003D6FEC416ADF537C17C86C7AB5FA8CACA3
:1040800014FBD4841A70C5A95E03709FCA347D489E
:10409000C29A966D28D74909930A16EE66B2DF6B6D
:1040A000F171641D8D61F57B68577BEC7116189872
:1040B000B79DA708F2DB0363AA6AECCAEFDE240C03
:1040C000E0C03137B50EDE443920C7E9020785FC70
:1040D0000513A258C4CC59ED5E20D93D27C83FBA7C
:1040E000C566154674198CADBD42A605EB370D06A5
:1040F0002CF67D889657DE570AAF217CBCDFFA93F9
:104100007A11267CA314D2BF7C28CF7AE25F799300
:1041100060F9DFFFA3FF3E99B9C7B1423B0B04B181
:10412000A9E63DD5E44E496481D6C21BBDB774F9FA
:1041300070EABD65A7AE5B23DD08173C6BF4630A2C
:10414000E85078382D055A8B2897F4129D7B37EE6E
:104150008A9B51EF04622B8E43E40E5C3E880CFE7A
:10416000D6888B648350424E47677FA5565C530ABE
:10417000D8186D6A521F005FEBBC1EDE8AC80B8B1D
:10418000A9E86618E7A37E0CD09D87EA0B68949D8A
:104190004F92BDCCA2F8891CED2B9CD8B21D3DE3FB
:1041A000EC16384972CFCB37CD79ED86501E8AA5F3
:1041B000C458FE50AF9ADEF0D9C7FE4A8106D21726
:1041C000563D984B89CF7705D3B26F04E26C0F4C04
:1041D0009BD8A81CBB8384276A533F14601F28D731
:1041E0001B4B7B8F841436C64ACFF666BB426403F2
:1041F000C6ECD9047453DF5A9EF58B6612F6B38D64
:10420000226B0F98678FE26EE24377EE99E55CFCD4
:104210009039826BC7E7E789D889552CBFA2D9E4CA
:10422000725854627FFA2E7F851653BE3B3C21F8AC
:10423000FDE970831129ABABEE8425D25C7D44513E
:1042400040614C925B1DDA4CBCF9D0B14CF2AC47EA
:10425000E9A03C9A5103F338C60394803CCB7138F3
:1042600038E9400897721DAC5C4F5ECD161EFE3AD1
:104270008EB091AA834E7140CBD6CAEF2612D2DE01
:10428000C95B51C9B340992D966014355DE4DB805C
:104290001BF6CDF367E3941A889C70D806F89EFB52
:1042A000088CE3E3701551002ABB59FE32F0A1B52A
:1042B000E6940B80CF09D4240DABFA718ED02CE894
:1042C000EAF868BBC2A4E2890ED7504BD22636A7C3
:1042D000AEDDB86A253C01F532FD36183D201718D1
:1042E000287FD1E9F92A1D80CF3E18C8AEC77D19B5
:1042F0002ABDC42C56763A3E95FF82214A4E0A6D5D
:10430000C7139804E288328E93AA0FC70E20AD40DF
:10431000B87823A403487F8690701298DC58C72988
:1043200019D6F10BE31F1212CCD2D8806BC3705494
:10433000A92C26A82D0CC2B1A836F3767F345DF6E1
:10434000E2BA70D28EF75BACE6E11538FA1D24DFD5
:1043500015493704F4B95634DF42E39E6EABEA35B3
:10436000C9A003BD450F4FE32D5329042D534D190B
:104370006D99289986E4B2BABC483CE4F4C51E8421
:104380005B0A33FF9EC3B5D8188FB62B8FDA974AD6
:104390001C84E140B5F4389AEDEB8E9E5719BC149D
:1043A000262ACA59054DB73D89AB62E63572960E8D
:1043B0009EF3A756C282505FC95E9E1E002F0983DE
:1043C000E358D5C84B4166F1EE4179F2467C703630
:1043D00025D4C6600550BB47177DCCD79D51BDEC99
:1043E0004161A305EFCF0AEC18AEBB350A965049E0
:1043F0001430CFB923E1723199847B1EDE270A2B5A
:10440000FA4FD84C8949D975B168F93C48DE03D8D0
:104410006D75248F4896A68FBE4161F507E60E3272
:10442000A86825F49073BD9BCFC761172CBDEE3FE4
:10443000647602B2DB2F2DCEC5A6B0E66C46185FBF
:104440008F6BC6ED271873A033277FAEB7E2B8C5D0
:10445000B20D7D0E6EA7A4BFB9B28B65545111ED9C
:10446000D79DB51A9A02C2F2001183A9C4874A14D3
:10447000BE67E0C68BC3C3FA5CE54B31AE2D147D3D
:10448000ECA2FC8E802BEE656B808779E7E2788169
:1044900092BE16A23A04C5B2D17AE7C7FE311AF32A
:1044A0000FF09FF159A5BBCA16CDDB4858AE365860
:1044B000A55339584270819AB4F9F146203D5233E0
:1044C000C5AAD090CD98FD854D5C305E54D36AB0BE
:1044D00068411671D452D06AF6847E4F5317C4E2F5
:1044E00019DC2A08A47B4306C8EA39A84FE687EB03
:1044F000FA7909B885D65AF7396BD1FF782CD53EB1
:104500009AADF10F38952DA31299F48E56430AD423
:10451000511756A7C62B8223AFC9CC25763A96F001
:10452000DB953AB2CA91D7ABDDAABA16029E5A649D
:10453000720F7AF35C3442D30BCC6558C36CCE5EF9
:10454000A809505FE42080B3B1E9C61098C8FB24E5
:10455000EFFC6DF9640A79418A5ABC9CED62600FE8
:10456000F06390DE6F072005D0036B6780CB557E2C
:10457000896420A48C6EBC1337B7C8F581058DEF14
:10458000385F0A59EBEDFDB67EF3C079AC8E2F286B
:10459000A3EE9A96658B3CF8C31DAC657E6BC32673
:1045A000E30297678A04A72F3F24A81298F6374B97
:1045B000236FB4FF89A116866871201A96A264C180
:1045C000EC378DB2C188B1789B4913A1443718C626
:1045D000E5511A790FB3A3D05AFC0023EED19E7A8D
:1045E0001CCA9B426C83B522FCF274E44356C36739
:1045F000D93BBAEACDB68B8CE25C18A0C0169719ED
:1046000001D560F30C6346682FA75C2ECA0924E32A
:10461000F4B8B20B260EDCD6C943BF0575912071E4
:104620008BCAAB0F340E7EB09714559F7A44F57148
:10463000E4D18F635737971D1B851AC91406275677
:10464000F23A2C2B49CEA37EA72017D76252455AA7
:1046500027460E390D2438ED654D55A8AB35A6B566
:10466000EF750AD3353D2F7B04B802B9C01D662B08
:104670006E23944AF6CE843409B8BC8FA72DEDC4BE
:10468000576D36C2658999113F2429B5643E726F12
:104690008020787E68A688B023C7CBC4831F0C5ABD
:1046A000F64D557DDA29E8A98812436ABD22D13E2C
:1046B000491B46D92E4F692A26973D5226349089A8
:1046C000E312B8067FE7528E4B9DF6B242028C95FC
:1046D000293924C2649D16211D42B03E02574A5E0C
:1046E0003181CB58706EB0D92355644708072BB27F
:1046F000FA7F737744F3D568FC8C1FF88C3DAB7858
:10470000EBE4090B72F70B4807E8054FF4B4732C80
:104710005598D7CDC6594E1AAD00D493FB700938C1
:10472000692614F6C15D21EEA98C0905E78BE39893
:10473000D1AB7CDF2B69C0950224F615B76D0A7CDE
:1047400068903B24066FEDC9D199D90345C2A1F009
:10475000B5CBF9CF989A1ECFBB25B260B1F6ACBCF1
:10476000741B0FA842A57366E6DE15B8E168D12078
:104770000D501AB75F97B76D27650150E950BE0716
:10478000864219958507BBF51AE821BCC099972781
:10479000BC436B055FDBCD064C48508133352A9A0C
:1047A00035B3905E6D26928BA1A463E6090BB180B0
:1047B000FA72DA3C19D2924F038FEC82B1FA56A505
:1047C000EB8BBFE52B8A781EF6FD3F185CB4249D69
:1047D000C88F83007404876AB2E0EE02FF0C7BEF9F
:1047E0005C0EA35F991CA932C50F6DF738766E1D5C
:1047F000AD1C1E77748421665E18A22A024FA8F5AC
:10480000A159292DEDB040A70A96896951FB34AD15
:1048100006D14DE8E013FB7216734346D9925DBD95
:104820009D6DA0C27EC779993D11ED41ACCA6AAEBB
:10483000B47FE301B2DCD2495AB464D71D48FF8F7C
:1048400036A57B396D8BC53D42ECC4213C31057EDC
:10485000FC5B9C01DBF78E15C052ADF4E271CDF725
:104860004ACCFB508EDD35D094939DA1BB553A08C0
:104870009E7DFBC403C1FAA3AED2C96A89CC507530
:10488000223D019D65C1C70DDEBE9EDA75403EA08A
:104890002A37A7308F03696CD9A4D824032199370C
:1048A000317F520C132B3EF65F3E26BEB4005C07F0
:1048B000886AC688CF35199C419334E8D8A6115828
:1048C000A82FDC58F038D060775C78D0EC3DDE0261
:1048D000A51A20F5C3878AC798A101E3646AD93C69
:1048E000CD99103BFD419450F3A42F2175BB1722A5
:1048F000BE06B05FB4D8C5E06EF2D7607ABA42683F
:10490000E59AFF036ABA065CED3B9EDD7C1B525CB8
:10491000A9993322B39BDB8F856939965010B06C0F
:104920005F1B9CBCFC7C35361830EB8D693694528D
:10493000F0433E115707A23674A3B95ADE3BDEE5B9
:104940006A51532A3BD06502C61939D6246776C30B
:104950008460F52872CFA64A7DD3A8A155E92C031F
:10496000AFEFD7D064D6C2E3F395374656EC7AC59D
:10497000ECF7211BC4E81D56FEAD3236EA04579D04
:1049800051F16E8F543717C562810139DD04010280
:10499000C957BE2D679095F3C6AB23003C64894987
:1049A0008B0C3771330D21A8CBDFBF82A925494677
:1049B000D774EF957007311C8DEC03A670745CD62C
:1049C0007F91056691963C444904A22EDDC560772F
:1049D0004057E36637D9054D6821067E3ED9B88534
:1049E00035C75718952A6A59517C955BF99264EA44
:1049F000ED2877C03832340886036B291839A69C15
:104A00005F4921D2C283454F94C0DF4A0EFAFE5B54
:104A1000F7E12C4F722EB9FBF36295E740183F5433
:104A20002947251C54E6AC392069CAAE18F91E0383
:104A3000BE053D95A91274AA7DC29D397F575D8F31
:104A400040762E0C40844F21A0EC34E9D2297162CB
:104A500010E416C9B4D089A47917036C190CD1B528
:104A600079851AB00C2D1E1CF6EE5D4970E725778E
:104A70004C1B3942160D5769AB596DB2B46B614E80
:104A80008C48DF48A9826111CA1F1D9ECCD2685391
:104A9000152942FE2ECD62A50C1D014D7ACBB2A880
:104AA0001715C1A497F8EBD13AC7963EBC304C52CB
:104AB000F6D48AB40E12C3623299437FFF45BECC4E
:104AC0003B94FEFB3491E912F4A6325B8949C10D97
:104AD000E7B4A14A4956F85BBACBE627C5CF023FF7
:104AE0001721F3C2AEA2E1452CA382B1C6CDEE637D
:104AF0005AF5DF077BBEF0F6D845DF36B0FBFBE8A2
:104B0000543430EBE9258FAEEFB8B2DDA3C534B82D
:104B1000D8E828640B1EC36CBA5455BD715425E601
:104B2000D6FE60BD8A3A9DB81FF0F63C03E5E295DB
:104B3000BE5536CC53C8CE702F2A61E2792FF6E2EB
:104B4000C2205160E1983C078E331BBB846E284F16
:104B50006BB2E9D8F74CE4B971FC4744BB654451EA
:104B60003FA639424D8D166DAA83D2FE3EAD6B1F16
:104B7000B32418FCA8ABF2E38CF6A8D13F0566E796
:104B80004F51E762AD582656BD87593591D511244E
:104B9000E48081E7A98C6637CF4368A0B810E66D42
:104BA000AAC48CF23CABCA8FD32291EAD88CF9FA12
:104BB000D6C873405B1C035634D3C85858E8A6B413
:104BC000DC607AA78DBF2947BB3F66BF2B07E40295
:104BD000133AC18E8CAD7E762AB9500FDA609717E2
:104BE00018D92C81291D14981308EBB07D19DD23E9
:104BF00034181CD86A9962A8276829FA629B56085B
:104C0000034CD5C7B8153E8F0F5C59B5DF29BD5C85
:104C1000748BDC7739EA5CE9472EA63019B1AC0613
:104C200018D1F57F9A7386E98C4CE0E80279B85385
:104C3000A5F49A0D48DECE070035CA45E0B8C7E6B0
:104C40002F7019EBB317E952EDC6722AEBBE427A08
:104C50008F15329CD91B982EB23D92E1981ABD74E3
:104C60001FA958C3213E342D9A41B989C30C23FC96
:104C70008088FB27FD11ED1F36027262263575C054
:104C80002D04A5C86791832971B0FFCF645A3C13E6
:104C90005D0AA24CB7967594815E6ADD60C1168A82
:104CA0008C4D8690055811F04D3172D0CC2CC92511
:104CB000A6F6C795D90A3AE5121C8A15D22A9D652F
:104CC00033023A055B6834CAF3CB2EA27524AD9E3D
:104CD000AEA08C9C782DBEFEE0E4B59E47F825B4CE
:104CE000AA1ECE857AAED4494CB02919484EE0F9B7
:104CF00091776561C645BA2BB4E32E6B8488DF9C3F
:104D0000D656990470D1DB9AD7DC9BB9492D39C7A7
:104D1000FE9B7600A8CCF29DDEAE0A88C852704792
:104D2000D85AA5F45F9AD6CF552A2B621AF94508AE
:104D30006125F5A7DDBA5FAD0546B8508DF7F716CA
:104D40007437A31782C3F35A5E0A44561EF94067AC
:104D50001D7D361A3A26D810AA6801C5C5EB133F47
:104D60003396C38DF89407FDA56D6B1A69A57C1069
:104D700062C9971D7AA4F09430A1773D77EBE78C58
:104D800016C3CB12772427E50334178C84E7F86623
:104D9000C93390CE4721EDB38A543496E534C90E19
:104DA00032B20C73C84987DCE99A8D122F2FEABE04
:104DB000979603E700374B5BC731799105C7F81623
:104DC00047684DF9EDC1E8632D45C8C7A951456352
:104DD000939BD3DCE37B1F71F549E755AC998EE3D8
:104DE000C07E31D5F74E5A907F07E8BA8B87A3D69D
:104DF0004B9C59B2251487004CF7BB6D374AC9E16B
:104E0000DB0E283E946430DAA769D646CDEF6ACF30
:104E10003C8F97779E564BBEF897AFADDDB141CD35
:104E2000ADA3088A2F517E2E2EA70DD441B5923600
:104E3000433353E125C2E2DEF31D8CA1069D6325B9
:104E40007E271B34CB8D1DB2473276FC30EA88FDBD
:104E5000E9FBF52132F69E80204EB2415834DB301A
:104E6000F211369A3750A3ECCBAF838C72F43545F0
:104E7000F2A8B9B719B040BD88511640AE54F474C9
:104E80005E6B9F1DC30CFB17D6628D6629C44571EE
:104E9000F9AD6CC2B68924726052E5BDC53AE7DC53
:104EA000EF22D2EE5658E032D0093185990D76AE18
:104EB000FA6A30655AB89B9FD77472CDCB49C88ABD
:104EC000F152792790010AF3F5F3CD3A10142B2310
:104ED0000452C82035B57CCBC1BDFAE148262B175A
:104EE000AE5B45DC3C8B5FE4C577C683BE6E578600
:104EF0007D473A5C3EBDE78D4FA4E727C9DF95D5D6
:104F00001E53BC1B0A914BA7C9CF46886B9F954681
:104F1000EA209E9F2933B27C89C4CB07507999112E
:104F200058600638342F1AD8CA570E586A9DC9EBF4
:104F30002A25D8BDB9D740AD1EF3B69CCA07934FFA
:104F400035F48C4F791E7F6CF5230EB4C8721EC4E5
:104F5000780884CAA356F78C0CF2187F65DE15BE5C
:104F6000DDAE0A66D13DD0A0861D7676C634D75F09
:104F70007A4FA406584E8A11CDC9E7715886D87663
:104F8000DC91B79C03747A6B3109B5D8E175E433D1
:104F9000050F6D56ED8DE83F8DB871479765B2FEF0
:104FA0004CA8F93CB8D727EA08BF38BC444747ADFE
:104FB00067679F89297966A9331804D741F59F56F9
:104FC00044296DF8E5813CB0E5877207ACB6F8A4DA
:104FD000221513CB7080C86D04B30CC074CB3DF1A7
:104FE00094166868925760B189E2AF07DD23F082BA
:104FF00095B01976FD1ABB2E6FC46E0B840DB314D9
:10500000841B4825DD719F5B1D812326A6E088D582
:105010005B3F80A715C68DB3783955F3E1721E4604
:10502000D9014DC8F1770B0C09547B1EE1102BDB25
:105030005F8D89F3F358B1D35846FE4A52B7FF54F7
:10504000A367CBC92C2CB0B72C6E44EAC69291A5AD
:105050006388A8F3100EF3FFB17965130D57C8806C
:105060006657518E02C1D88DA23CB1F52AB428B63C
:105070001B96B5C2DDBE2458E5A29EB4D74698B8AB
:105080004805CB7D6A56B038E73450463A6AAFF4EB
:10509000FAEE1D346ECAB8AAD5FC1AA8BDC9263DC1
:1050A000BADFD90469B7848A5D929A910D6829C2E2
:1050B00097BFDC45D2AFEA866B4F2C27EFBA89C188
:1050C0000DC60589398645F4941A445AE1FA168CBE
:1050D000FA22152CBCF26EFC0DBC92108448C6015D
:1050E000D725D4A04E09A268C6EF91781486D7724E
:1050F0002DECAB9089C710002E16FDC77C4AB2DE9E
:105100004E40FA2A25CAC0A4005145B7295D6A65F8
:10511000D6A9EFA7F75141B4437B6505FACC56DE1B
:1051200078167C77A6F1157310726F2EE55A03B8C6
:105130000CDFD9119EE20F4FBA46305B05EBA95642
:10514000226C5BE4A81D2F646BEB71A7F43A9F708F
:105150006A4C173EB8BDBD0337B4DB292CC65BF2E1
:105160002E0CD9B3A004163D11781555589B281F55
:1051700033A3774D91E46069B07C6DF3591C73578C
:105180000E0A294807DD2F492E0091C93CD53C4025
:10519000BA3AD487C2F707CE79EA42F22AA7F49244
:1051A0002C7A9948F073830CBA2CC552E86D4B5198
:1051B00073A04CA8C33F018A40390A7CA10FE4CDFB
:1051C000BF8B5079D35A638EF7C9E3AE5821F535BA
:1051D0006D824CF469096F7FB67197C45E4DF5BB63
:1051E00070C5A19B8DD127219704F0B6FD4998D3B6
:1051F0008EC976074E318253BECC6B1A1FF929280F
:1052000012A318CD1A3DD2CCBFE03CD226DEEC155D
:10521000C42AB038937083072B7BD5757A7C57C32B
:105220008D41BBBBC367DD51EFCD8D4324EE8B01B8
:105230002D929789B37CE2A6C78DE126540ED02625
:105240000AF76B7C3F293AFAFC0D7B023680DD20A1
:105250009D8EAC77DCFB61F2AD1A5B6133C6E7264D
:1052600026DB8933AD56945E8C4D8D909C36A02DF7
:1052700078645CE2D6F5933B02D121D1363C2539E6
:105280003A599B757E4128164E79B50DB98F3FE28C
:1052900033DB55EEA37E30CF3DBD154C7F6BC8D5BB
:1052A000F43EBF7D77AE4AD2E3EB196126DB31696C
:1052B000FD10C2F88BFDE90662E1B08F7B6F80DCE8
:1052C0003C0AD0CBB4E324990B08BC00CD6D32F876
:1052D00086F040113991B08C200173E0E90D34A5BE
:1052E000531F9A4F10B34B64DBCD1C30D6A178B25C
:1052F000AD5845A93DF644CD219700693D50F1FFD9
:10530000DA4E79C2D2AF8CEF1284A25F26921613C6
:10531000671D6D47D497FC508C7F13DE4A161CFB2B
:1053200061E323FE3B3C001BFC663922F204FBAA2E
:10533000D030BAA25CD23450DE2276B7E9FC5D26CA
:10534000FA6ADF33803B1BE27E331DAE61FF34A679
:10535000167D8962349E4341A9F57B76C003907027
:10536000A05DA1387838DADD95D0D31AE5DCD7EB2B
:10537000DAA19E2F922E8857C794CCD534FA73B4F5
:105380000803D501F1C886B1318ED5A925C252D006
:10539000CCDEADC1E6AD9BC826ECED641F31843E8A
:1053A000B711B85DB806958225D2EC3FECDF4D62AF
:1053B0001755E667F455D7D9F4FAFCCE44AA6F1313
:1053C000F90D4344CAD8634C5FA2DF7CB9E2A94D12
:1053D00023ED25561ABDF636192DF158591F8D5754
:1053E00076EA6F479A5387BD74BA5AE53A01E537B2
:1053F000969C86766916A57F6B089178EE8D57C6C8
:1054000000B732892FCE9579C9BDC392E6B766E75A
:105410008BA3A8F4B7A4213E0FDF50DECE8CBBBD1A
:105420008DE904E871497DB6740C87EECF8C50FF8E
:10543000E5946D0FE6ED0B60E5232450D5998C942F
:105440006F2BDC6160020BDCE341647A21C7EE6AFA
:1054500099ED8F4D17AA296BF3D7EC5E7831CDE625
:10546000B13D97171BE09E1004F177FB7836687BFF
:10547000DF0ADB34E077950DD52C65BB27508252CF
:10548000732DF2DF3F68756F8D6FAEBFAB33AAA887
:105490001F44E8493F9E902E51347A79D2B87DE876
:1054A0008D0E91173E2D94A240A7D4198D309F02E6
:1054B000C06716DD7898FD6D87F9777348636D06D0
:1054C00010C32971F8B8F3ED7D4DDF65EA932D65C2
:1054D00076B3C2FB73BE464E3B4330AF2EE96A8FB4
:1054E0007FD9B5842A065EA43433E9485084F55345
:1054F000F5B135D4320854968D2CE9FDDDCC4BBE88
:10550000A52013D35AE996EE73E52332368494AE80
:1055100091727960FFC17B62BB53452B5B87C83DAD
:105520005E939DC24679720104D3021B7A1A3A1621
:105530005D8C732ED9BCC5EA5CF6A2F38D8363FE45
:10554000B07C8CFEAFEC1B02E1643C650665E7BAFB
:105550005E643C43D23BBB930A8694326A18E36E86
:10556000EB157D386DB8EB61E7A2E9A1F994916D77
:10557000E70ECC0ADB16AD24AC6E416BD1FADEAA85
:10558000152063E52B761D456E732C427D79C27024
:105590003C8B3AA783F38CC608BC46111E068F8944
:1055A0009E53224D11F8FD52E1B80D75C6D348F453
:1055B0003759203092B0EC1CEACB4DD3EFD1B7A5D0
:1055C0005880C57FA6B68E88CBBEA090A5516D0829
:1055D000B5FBC1B3C2AABE4067CA2D730A361F5FAE
:1055E000DBF91A08671D65448E6C6EC3AEAF599720
:1055F000A3FC3CD11A8022324DC10E8B683F38A7E4
:105600009F7EC339300AB354A397BEFF4151063A77
:1056100096F38D4A5C340D8AD33A071D11B1D447F5
:10562000AFF8980C686FAB45DE47B18D44671D5FDE
:1056300045F389D1DB1B517707490206CFEC8D2555
:105640002FEF51F9604EB4A68D95163F94E136D1F7
:1056500064B94A34BDD229B29A75F2D04BBD3678BE
:105660002ACF56BA742B0C549C4E2F70D4DF0EFAEE
:10567000F9E44EEE68047A77C7B028C667D0F7D34E
:105680009B2A5F5B641F8D9F390818C6DD20EDC81B
:105690002E5D89F7D877532529DE444D0D948B80F4
:1056A00071ABE87EEA48C61F0FC11340FAF7048ABF
:1056B0009AFB45CA907AB382145E5B2B6C9DFF7C8B
:1056C0003EA2CFB53149CB2324A2A75D9CBA4FE8B7
:1056D000A1486A1D1823C00C10EF08FAFCF3E593EB
:1056E0003880C8CE0A5816F18AB9097B7FDC8D7ADA
:1056F000F58F1A102A1103D150141D70E5E15C00DA
:105700004BFE06A7A9EB00A6EB951BF17A78136A6E
:10571000DE4C4296D1014C0C8C2F56B81B7CCEFC33
:105720006A875481C707CD6EA4BD3682E52B2D80D4
:105730006A24C4063B47E201AB35E4112222678E9E
:10574000BEA968CB124FCBD9FC800CC87E4C8C1004
:1057500062920A87950E870FCE29F4A128581A5312
:105760008BAC13009E569C103316335A06319C782E
:10577000AD09D0C0F19A18DBF460557712C30D64FF
:105780009F0AD90A70AEB84EFF11143BA804C8EDA9
:10579000493843ABA7D6B4AF41E677EEE218C6D09E
:1057A000F049942524588873D72C153E89F48345F5
:1057B000A2E2C49061F6E8134ED2AABE318F2F2B1D
:1057C0000640D244D5300953B31F70D5BB6C4F2B64
:1057D0001AA0F83AAA5E47AA36B706A22BC2512AE7
:1057E00024E92D8EBE6274D6AA7D462A72BF6060FF
:1057F0007E502F04F1F9043BE19064CD59A1345857
:10580000E0D6A360FD80EE26F75AADF6EEB42E3456
:10581000EEEE47ECA27B73D70BE6023DE9615B0D30
:105820005B7BB0FAC701C6A6EBB411AF811D47A3DD
:1058300084DE4098F2415318470F4BD00BD391A808
:10584000C17A5D18598A32622E0E64E438E2D90EAC
:1058500020F555BCB4225F8260F0D1B214A375EF7D
:10586000D85F630284AAE1FF1BDD3B06B97FF2A08B
:105870007228B1ECEDE74B136721FD7D1ED6FACD02
:105880007DA86A134131BB9AC766958CF0B8D33DA9
:10589000658213BDC54D69C33B6E86BD7A71FDA49B
:1058A0002057420AF9F9D6A41FF114FF37F1C1902D
:1058B000E3A99AB74C5748833B39F30DF37FF1E6E0
:1058C0000030FBED6B5D949B9C7A44A46E7A96D07D
:1058D0006CF7C869A09CE8FF5022636D7770AD4AF1
:1058E00048414D3C5F168198EBC8399AD7142CF883
:1058F000A4FB07F564676F6480620A16E514049AD6
:105900005A60019F5AF10CB5E11018882A50BE1256
:105910001FE843E6DC9CCB85B4273F6F3F269AF314
:10592000AA72A155F8293851885353ABA826A88CE0
:10593000821B9D6704842C0A6F98086FFD30F2AAC1
:10594000E91DB0B8D1B1F32CFD71C30610B6FEFB52
:10595000D7538F8E797FB85F41C4C858A3E735CE3F
:105960006AB16238C38B4BB3186ADFA3DF3903B85F
:1059700027F08C988ECA8EC87FD56DDDB8CBACED84
:10598000A645CB67E06413168C4633F6BBE6342F8E
:105990005C7261086ACC040B373EFDA34E21F3AC68
:1059A000836DA876D1D6F6E45172AB5CF7EBE70FC6
:1059B000919B20D59D41002E0280B2B98197EA7853
:1059C000278F93397A425570319791879DF2F9303C
:1059D000B6C8121365DF4B7DD26B7B85C7516EE471
:1059E0008768C425AAFFB57BB243F2328C0876DA09
:1059F00039FC20826D0F55862C70CFD7C724EEDD81
:105A0000B1C2E285C28AA29DAF9130831F38550D85
:105A1000D338A82661F14B87E05A25519238148378
:105A20006A9721957B591A51CD806266AD6F3F0D03
:105A3000D7BC10706B0E0C3E9C757F9C263F89DB9B
:105A40005EE69E7BC88FF6BFFC0FE1E3B49B90AE91
:105A5000C5D454D8F35429E9A061232A3EEA09B6F3
:105A60002C6AAA00BC2BD3AE313DEEF356364475FA
:105A70000E7E44F31E4FC07BD19B860672A5C031BB
:105A800009057AF37E423C3C449D3D61DCA21E69DF
:105A9000BBAD7DA167949D595F0FC69F908F3188E4
:105AA000E906C995C9EFE05B2520040F20E948A469
:105AB000B7652985195D4D1853ACCAEB8D9E9E9034
:105AC0008D800CF2C509F71ECBFC01E37FE2622E4C
:105AD0006FE42A3CF114B43D8036E8ABE0EEF40FFD
:105AE000EC385BE2F88E928B600801BDBFA6A8443B
:105AF000F6D3EEF6659F20F656EE9CF3549D3D924C
:105B0000EEF9AE60CFA72E3F90A99726808A0C0CA5
:105B10008A364B468EC9C1B023A7FA78C7ED08D0A4
:105B2000092505E1475A9C4DBDE64D67409E358BE2
:105B3000DC21C37E66B95766E66A69F15B615E196E
:105B4000023ECBF05B13DFE4716D743AB37A284CFC
:105B50009212A0DE6B88D6E01F27B774857F9C4821
:105B60001ED35E6D8C66D82D6D51B58EE434CE514A
:105B700089B5BF330172FB5261D3F546514BD084D6
:105B8000D50232DB625F55F07A0D2F969F9B614004
:105B900026F8A390B7DE82AFFED8D6AD286381D4B5
:105BA000E57B787A40AAE6989C5053B98D3FE96F1F
:105BB000CDD61523B5A9C52DA376D6C2A1BBE2E7E4
:105BC000C8BEC65F1D14878EEB67308D155EC93465
:105BD0006035BF6F32CBF4EC95CB1C8099EE4A5404
:105BE000F2DE1CAD993DCF8B3C043DEA7854C15E9A
:105BF000CA805A581E0953D20849794B543D0A2D80
:105C0000ECB9913F820E45ADFDC179D41EC495CC4F
:105C10008EC9CCEB2AC724723EAC7ED71EC3BFA16F
:105C20003172043AEC88D03D443BD95FD38DA3CF89
:105C3000018398F0252B9EF78D35089374619DD7CD
:105C4000E9310E2AD4883D0128B3542AC86DAB9A95
:105C5000CFC541CAACD05A1511CE5D0C09116E8A60
:105C6000FDE96321BF6A00833B4E92C963E6E1E030
:105C70005FAB8D90A21841F58EFD5E77778704604B
:105C8000A4DF96CA4663D79DCA80DAC7C253BC3226
:105C9000E143207AA2E964B210AC56C592B10F7804
:105CA00032B50AD9849034CE19A1B78AAB9E50ABD5
:105CB0001D9F7C3955A4743DBB6B908E737AA26393
:105CC000694455F2EFABD1AACF68FB3B32BE7A2ACA
:105CD0007152AB08343B3D6EE767037D036C0B6686
:105CE000F42EB7F145B306301BFA9177319EE0F3FD
:105CF0002502113BAB7617F3A1DC01C06F15FE91B5
:105D0000E4A7CCEFABD809D197F4200610442C4877
:105D1000C2E95C6A4C071666293781AD1F0A5AEB47
:105D200089A8AA4BA83E02F2F37B5146E906CF3080
:105D300088C7D61166A50CA5548F4A7AB46986CD5A
:105D4000C48B6C5F5E1B9EE534AEA69629101DBF0A
:105D50001347C24503DE9693C82A208E4707607911
:105D60001E5D01645002E9E1FDB6E61C1A383533C8
:105D70002C5602FD8528BA923F191C42A340F43FDD
:105D8000C132048A733A19B9BEA2D7EA0004F68F69
:105D9000DE86BC117ED8FD54E900D25A688252F2E8
:105DA000FA189EC81C37E9A5038221DFC8E94A51C9
:105DB000769EA2DBC6D228409BEDA2E3F512FF47F8
:105DC00056925BCFC12AA8D6D355311ECB360E448E
:105DD000E601556D398F45D1E93938922804E2ED55
:105DE00080083347B5BB20BFA573561EFC227F9F9A
:105DF000474D58844BFAD6926419636168E756CBD5
:105E0000DC6586819A8C740F21EA19581EAB5B9071
:105E10008EA0695520BBADAEDDCBF43F044A4C4BA0
:105E2000539C3CB6964A40CC3B33046769B83CE18E
:105E30000DBD3D97EA0DC5352F4A480438003DDEBB
:105E4000D765BE8F8AAAD591B3F23307B2A287FD78
:105E5000D5F6B60AF26944FC3D21035144C54B4CCA
:105E6000BBC82BA365C49C5654B1DADFB721A3EE9F
:105E7000EAE16FD1157BA9ED9DA23D97A151CA1D05
:105E80002F3C8E39786375C2E8B2C68C3685047FA4
:105E9000877A40E07E5F6D41712D11890983FDDDB8
:105EA000D5FFD5E470A112B51847C97781360A68C5
:105EB0002079790B3017EEC00DECD1D74578BB08AF
:105EC000667461AF29AFF9C8EBF85321AC783F0E87
:105ED000DB6A19B88A88BB76F390B2635C1302DF81
:105EE000C90FAB3859453F742F975FB7BAA245D554
:105EF000969E16174D39E69D04BAA4D10294FB7FF5
:105F000042C0CD2DAFB7AB5F61FABA32BF387BCBA1
:105F1000A21104638BD0C0FB230B23974861825FDF
:105F2000F2BF36270F3A7783B7C9CC283338DBD195
:105F300057E1DAF8DB33BE809373A44C77D1A4F534
:105F4000C7EB1506CE4D52BBCC0136A041261A97A1
:105F500037577C05CDCB82C9C22358A718D36B8B8A
:105F60008003080A4E8BFC4816C9DE970F16D090A6
:105F7000F3B0525AD4E73CEC4D3FBB73EB7BB79385
:105F8000DAD09453E370599FB9BD7008766508D88C
:105F9000A4CF2B5A46DF14F6E3F95ED1DDDEA2BDB5
:105FA000D4F3F3525C523295D54C133C14F2F27494
:105FB000A7FFD4555E8FB24C18A0467B03C50703DC
:105FC0007A7A28383B46257D55E45A94F93B43DCE0
:105FD00031F8D22D8A25A3B5422592E368349E3646
:105FE0008098D6C0DDA1E60517C6DD67AF9E56DAFC
:105FF000ED451EC575C72A90961E0C3B20474BD712
:106000006C5C8133E68F17B8251D0074B08B6890E7
:106010005EC79C8A28B55FEC675E2BCD20EF37BB4F
:1060200047D5862676176F4E98D0E3C9E2936EB3B4
:10603000952A2D6324758C615DA1E1F698D4C9BAC7
:106040000C8718DA9EEBA300999760B5727E59A76A
:106050009BB853E45C27A52A1D5867F9FCE828BDC6
:10606000D53572A539E179A64B0419F7BB256B86A6
:10607000604BEBC431228B93F53FE464026C3952E0
:1060800061674826868328EA0755B341720D1E02D0
:1060900071530CE7AB61EBB300378B904D65D60EB7
:1060A000D11CD54D445707EB63CA406B4F9664A78C
:1060B00089956C41F87ED5B1B28C9AF594E6036F60
:1060C000E59563EBF9F0CD99260D9989BCD2E7F2FD
:1060D000C8E63BE1E8D1CA72344059E567630EB1C6
:1060E00096D4D9BE330E3D7B5DB42B8333E114616E
:1060F000A69EC4D4BE37F0A2639059AFD3E0C0CD02
:10610000EE6FCDFD2FACC17CD6ED12FA31A19850C7
:10611000D94D09C01B576F27EC61FE8FB8FACB3EF3
:106120003F3BD444A6E6774591BCF256AA106210D4
:10613000F3B2B1CB2C50D2D4EDE9FE673C8383920D
:1061400030C25DDDC85E647D72CFFD22D2FF1D26A8
:10615000BAB0900DD6E277D6E51388DB8877A32313
:10616000F51649E3CC5DB281E4E01EB9B15027C118
:10617000C2112CA50A2026C98F153FC21E9677E9A9
:10618000F20385F11FA7E7C43ED9BD01270BBAFC76
:10619000F5E5E670A157EA5B395A3A1B4048FF1A09
:1061A0002B4255D1B3FB863E9AF8D6EFCE4F3BFB40
:1061B00068A0F67903B2838702E0A32DFDF13D1BB1
:1061C0009ED691997E2961244DDCA73FBD873F1F54
:1061D000C35D5D6134962CF5A8331DE70A7B8CFC0A
:1061E0003E1BC7FBA5DECD9C32B8B9D0B065153FCC
:1061F000F255CE41C930EDDAB1A17E00D34F452A28
:10620000BC7820049033E5E3163C8B2F2A88C91F05
:106210002AFA2EF8E9F2197607900A6D278109BB50
:10622000E650249E525CFB1919CBC17C9E05A37DD0
:1062300064CD3610154E527725E9C60FB9E5F77BC8
:10624000D9322657D08799A7219D4A6816D7550974
:10625000B8FF1E6312956A8FF9038D560D171E1D28
:106260009138D6253C5441F5DB53735CEA482E95B2
:10627000F72675FF15BAA51B86B72179F1B20F9BDA
:10628000B6D0CD8E02DDFF05B3FB1918B760A29C16
:10629000C85E7E92E821DB1A6108CA303AC76D8772
:1062A0006B0FDE94EF494ED4EAD391A26E6BE6DA1F
:1062B0005B071884BAC19A25612BF979E73E989457
:1062C00053526DF2F6FDC4DE2182309ECA5A2EE58D
:1062D00033906AA553BC98C2CA9ACB8E1C729ECBCF
:1062E0009D4A2432ABBA94E27EEA478E448FF8C8C6
:1062F000A7C2A3EC2CB111D65F2E90FE19B65AC2DC
:10630000F21B1EC633C258D8ACE9C9A9886DAE7657
:10631000CD096564ED6252D9B64474A973CF7E3C51
:10632000D90C1467E9B894223CD1BEA6D8DA1A6811
:1063300099D7009ECE86832A2DF8E043AB4A3E0FC4
:10634000EC3BF23E8C8A2DB534E717D5F426853424
:106350004EA22CE651EF549353084E107EC1742682
:106360005FC29E5795CF4318C35FA9551F1061DACE
:106370005A2F154F3A13C480130BFB4348458B51DA
:10638000F803CD1A5D798469BE3637BC4A0A0E4ED1
:106390004959B3BBA64B0FCA276BCF5F4650E426C3
:1063A000FF0B7F9E3A54D33701334A08B8E878741C
:1063B0000961E07F62346BB8A7B9E13DAC8AD706CA
:1063C0006C7F20D8B3AC89E05CCD98A3EA9D62A82D
:1063D000CA2DF4159A599D71C3E69CFCCEF390BE6C
:1063E00061365255612294B6AE205FF5F5C2448203
:1063F0008633BF723FCAEE7B5D18D9C5798F8F791E
:10640000C1AD07DF55AFFDA379331750465140FDAD
:106410009AD373A4AB5818E77D8DED9B0379D06FA9
:1064200002BBD4CDC59C92648176F1233B5A0525ED
:106430005EC396546A4CA5A503E4AF521692E819C0
:106440004F139313849F0D4AF9A5A04323B7CF039D
:106450008B512CFAADF3AEB9BB572488232A2913EC
:10646000135BC777B1AF884BBCD2BC34E0837910E3
:106470001EA40D18D37AD3CA4E6E5CA670A47551B3
:10648000174F9270E053A5CCE4CAE8483E5C293728
:10649000C88E2DD1D1CAF8D1C0287FC3DEFACE97DD
:1064A000A17365553E691CDF79EC396F439F226407
:1064B000BC25D4B0B1945A628B4B379B96F5F883C8
:1064C0005ABA91C9D815CB8E04F000B20041947C21
:1064D0009DB5A626DFF8FB599EA57757F728F40D42
:1064E000EFABCE45CAFFC79B8C108329BACE0ECE28
:1064F00037BC7DC94A9590166692901C2E35857CD6
:106500006B31BAB6E85E8A2BFDDCA813FC34E2439B
:10651000FDEC9D9C48421F60B2B538190DB1323276
:10652000FE8893E4F542D3A6D1B5856B73F9536425
:10653000EA3A250896D69D5892C9A843F52AF74409
:10654000530B8BF43FE59BEEDC067F9E6E952FCEC2
:106550006002424CCF00E6CE5CBCFB044DC8F14566
:1065600073D97FB59B8A7AB5BBA886B1DD9DB596F8
:10657000169E83E76BEE8C03D84542AE410DA11BFE
:106580009E699734C6496A2768B2AD7877F8CEF02D
:106590009BCBF9B69CC5B01C1B9ED4A8F76C5E3291
:1065A0005F3839061EBF6FC97BAAD3FCAE545BCFE0
:1065B000640E41B60906B3013840F58456BE4DC697
:1065C0005364C147E31EB057A7DAE6FC289667126A
:1065D0001E95749C4E84E66BD46836C0AC363C87FE
:1065E000B3EC08A1270465E1C5C232C44C27C5F34A
:1065F000048047C9C6549651A2589DA2FA247C78BB
:106600005E1C9879C6EECA8973F10B1ACC5BE8DE82
:10661000DEC70EEC688A6F4DF635C2028296A39CE7
:106620005573C029228180F4CEF1E8966BD7B02053
:10663000FFD4142A15CEB68CC3863F94A89DEFAE26
:1066400067B901187B4A18FDA2882187B1092C710E
:10665000DD7E3D24E96A307745AC758E02E7018F17
:106660002BB2B23BBF034E5B9EDF05F5EB51DE4F15
:10667000184C28D8348AAFA3A3840DD91353BDE690
:10668000D5EA64279058C91C0439B17ADAAC405174
:10669000C63C6BE6203D8F711EDD94C9A5D55238EE
:1066A000AFE39284154AD9C40FCDA85C709BA1605A
:1066B000AA67167780BB19900D260980A7B85CE9F8
:1066C0007CEDF00A63F0574791F8CE730503067B23
:1066D0008F8D8485ABE99892BD703EDDA8CB669224
:1066E0001367AD876D94AC13627464B4C7DA785ED7
:1066F0006EF9F7A8ABD10498F7542C5345ABB7ED1E
:10670000A19F600D21E00CE6A43D2F4B66DAB8B2E4
:106710007F060A4151E819EFC0022CF0716F2892F0
:10672000699F878C5B081ED2311979EFEA3A6410B1
:10673000219F70F6D76ED21197DFF3BB8F7EC0F525
:1067400093219D3A9A619604F467C6ACD718FB87EB
:10675000B382E9FA6DFCAE08D7328C6DA7F186FDE5
:10676000ABE406DE2BD6F6E1F63A8A4055568A624D
:10677000076F1575DE6E595E6BDFAAAEBD1F3B8FCE
:10678000A6A2AC47A19217C3D7421D36DB210D98B4
:10679000166888BA09BF5955977CA6AD1A2B35B92A
:1067A000DB4EBE305437281A914ABA2984439E459D
:1067B0001DFC047DB57CFF1AB94E70CD5363359036
:1067C000963EDD2A47324C4B0DB90C6BDBC8FC03FF
:1067D00037A23605FC001D3EB85CC11592017191CF
:1067E0002EB9997FFE3225A0DE4EF5CB72C13F4D0A
:1067F0008CD1C803D39F4E894E4917D698831A115E
:1068000010CB3EA492AB75CD5D9E4A1B76B449C0B9
:10681000ABF3421DC25207BD92D5C3523962FFD1BC
:10682000F74C5DC52EE2D870297D75F784B7179CAB
:106830008BF80D89A80EDBCEDC31CA199A66795B1C
:10684000DA1D02C6F47743F6C40E3D2D529CD038B3
:106850001FB6FDB8B9AA1BE15E729D8345CD0690B7
:10686000B5C1C0542CBC9A22E110B08CDF2A4CBBBD
:106870000F57F4AB173B33817ADFD18C7F31BED316
:10688000F1CE2261C3B1169B9BF8DE00AC63785B4E
:10689000A4A4D2543EA53E1B63D5005EA3AADB721E
:1068A000BC0A540E38260D5EDEE6C133A027FFA2D7
:1068B00004C18B5BE10FDA8C7865344169F22D738A
:1068C0000C08ABCAC8092D9E11DF4D25C2DD87DB40
:1068D000016FD47ADCE5800E67FEF9AF41E5D4D1D3
:1068E0008688A9B60C439FC1024A6BF4CFE60CB868
:1068F0006A7A0CD1828C83B3C488C89F583D39C052
:1069000046FEDB8718E3A0F8B04276596909BE4914
:1069100063BCCC257D31C5A4F09F19114673A853E3
:10692000683071F16983BA9F60E59ECE960E17EAD2
:1069300007126CF3EC2A3C85619B60E0C1F01613F2
:10694000080BA728C1E8F59C043AE97248E893A22D
:1069500022B3AB2B6CBF686E851639B786C848DE8C
:10696000714026D0A80E97482037252C6C68A918AE
:106970001B8C67DC32531F8261D6ECD284750A35DA
:106980009F99C4DC00364130FC6FABF96DC197862E
:10699000D86DC7DE8CAC6CAE485A6DD7C66B45D18E
:1069A000F13457DEAD106D8CE4336D2436CDDEC18D
:1069B000F1EA1BDF3495894DCFBBECFE321FB57475
:1069C0002344904FB0D322CEAAEF11F64151D017F5
:1069D000C7FDFA56952E0DFE2B34D33FE6A10D1AB6
:1069E000403EB65182781237E8360A6EC77CD9A885
:1069F0003D0E03512AF2614D7AC3AAB3C8DA5EEFA5
:106A0000B087448CA10705FD6F5F05BAB33EA4EAC9
:106A10002CCB44F2029925D2AD6EFD03BC2B170797
:106A20000869D2368ACF44B777D8C57E809EC2A483
:106A3000E95578D89996E5F8570D48773B75EC837A
:106A40000E76C3B1FFAE616B4D6CD652676896533C
:106A5000DC0FE2073B3324FF4428FE272E3929CAE6
:106A60009A7B577BD4F940D8F4F54EFB192F7A84E2
:106A70005A864F73E0FC8BDF08B3EB3106BB4ED870
:106A8000B5E81896BA3B584E2323B666DD4599BC47
:106A900039BCFE04E0F34C086F92E3FB0A06B41124
:106AA000F29962518948E2CF160FC692A21356207E
:106AB000B7C3EB5B2D0E18F17AB1C11918E0D24FB4
:106AC0006EF72E375CF84B3DA3936C853E62E9A7C9
:106AD00065B808333DB3C5F7F7E7E63DCF796BF10D
:106AE000A4CE4AD8B47E56B792E28283566CAFA544
:106AF000C94E98AF64044A52960F1A466F9D2C1FD8
:106B0000315DF40C5CEE6429148C2F4C68F1EDE1DE
:106B100010E2C9402B3AB0A4F63695536DE9301A0D
:106B20000C8AEB0CA78A1ECA8AC7A553901D69114F
:106B300071CA3B5F107DCFBB41E8FF765C5694D9AC
:106B400068B64E65481630C4AC14C17A3E7AA44982
:106B50009AA9D6F5C024A0A7D43FC94FDFFD9ECF88
:106B6000C6D96C6DEF3C1218D834B8888CE33E5F00
:106B7000BCC7DD3C8B9E947B88FC5707EB6CA59BC8
:106B8000FF2CE6FA0405F64C8B7DC7C79017E86426
:106B90008952C7A9760F28A653E44D847531444322
:106BA00021F25484EA135FD95647D3019170576F8D
:106BB0005CD293B117E51275F2ABC4169C7FAE0E92
:106BC000E03FEA526D5ACF79F113FAEEACB0D77FBD
:106BD00005565A0274D0B4222BD233A29CC9477EE8
:106BE000C1B7612FE12C3325FECBA5C13107FBCD09
:106BF00017B784E37B8AF2DE32F9E866849C24C00E
:106C00008253A50AC37271CCD1783FAB43FF335B8B
:106C10000764C6C35313548C2AD7615A3C8813E3C4
:106C2000FD3D6F0BDE98EF7D23F658586F85639B13
:106C3000DA6D26B067C8B881DED308BF47233B10A2
:106C40008CE8DA1C76134154FA0BE8F7904C4BB8F9
:106C50005AD5C9203E3E163EC846584B44AC5863F0
:106C6000E092A905C1430BF8397945FC170FD0987C
:106C7000CEF0712CED85908FC91A2A460BAB0521F9
:106C8000E294D527D4FA3CB497AEAD063DEAC7F4FA
:106C900091D2310BF2F0D945145EAC9F4C19ADEA9C
:106CA000953E95C13F097D533EB62E0AA2F82CF3BE
:106CB0000D94C59A377E9B90CB844D7FF0D2CEA9A0
:106CC000B0C66458D309A37E2D7063FBC35A4368D2
:106CD000FC47BF91A756C717F90809F142D3277897
:106CE0006B2A6504FB5B15B5C6E86AEB714DD22AC9
:106CF000AA2B22EA7E8DFE1D393BF837EAA4C4E5B3
:106D0000330D6630A8F2E95EFB6B5C49652C6B4D78
:106D100031091BB27FEF4316C99095C0272ADD1FAA
:106D2000D05E742853D452A8F6E9CEA6219BB1BCFC
:106D3000BD3F1A27FD031451EC72A3A837D4FEAE51
:106D400060A4154B59D5DD0C0314864A36D2FC726B
:106D5000E5C6BC0A2B029619C04DEA9B081CC8ADBB
:106D60004E393E4E94512E9ED0921C72E4235044D4
:106D70004BFE25E7E8E2F99373432FAE5A64C4381B
:106D8000DCF8AC4EBAAE7C4B0AECF9FD82E28844EA
:106D90001C30D84FE3DDD1C07115AEC6227FF6B2EC
:106DA000DC1CB81DE9E6901E39DFDAD6C71B335963
:106DB000BA89ED30AA768889BB213C36DC756FEB49
:106DC0009443BE1A9C72782027F63411D73E1245A0
:106DD000C25E26D00E023940F2473C35F4A470BCA6
:106DE000F1DBB23CEC4ED7DE873AE72BE6C2BE229F
:106DF0005188186A0B2484AE157A97BC19AD6BF4D0
:106E0000D10193C496E0F16D294D9D5C1D12BF67C1
:106E100093EDE1895A73F434E635A3A5FC0F08FB22
:106E2000EBB9A1A6D9B1E22BAC9021B394FB29C355
:106E3000E55D1967B7DDCDD69FA23F1EAB8A62081C
:106E40008829C72A2FF7AC142B669E97376354B353
:106E500004E1D472126AFB8B8F889CC9989A7B1BC1
:106E6000F39C551C364BC23964A4DDFCCF62F44957
:106E70000633034E9911758F00EEBB09FEDF0891B2
:106E8000DD7CF11AD7FC9161414FDD8A1401024D7E
:106E9000F3427642BF0E28BC2362539B0DC88D0F70
:106EA000E13911A60BBD5951A0EAC3694AE1222478
:106EB000D104C9E7A9336D913720889DD0E5D25E12
:106EC000F3F4E7687BB62F6E0F3DA63761D187C418
:106ED0003E21D4AFA2ADF81949EB32A580E7CB7BB8
:106EE0000E73F8772BCCD0593930BBF19E353BB7B8
:106EF00046CB196BDE713E99CBBF7816A7E0DF2534
:106F0000EBA3DBC7B696014CACA00CCD7D1ABF0835
:106F10008B13AEA8D1D361BDE16A35C48DACAED0C0
:106F2000E20B88050F4CE53869022D9654E91A7B6F
:106F30002C5088FE4B9779A5F7F9162EC0D09EB637
:106F4000BFC9E9FB4812CBD2C608B088FB8DEC80E4
:106F50002FB1A4AA0260BA4D18DD86FD17A66EE80F
:106F6000E37B08AABF393CC4EE0E388E8A80A48D1C
:106F7000AB1B85691EE6F9663CD076747D40E474EF
:106F80004BB81D7B516C17DBE6DB618374CB6996D4
:106F9000DAAA240C728EB22DECD5E02C4A2F85BFD4
:106FA000541352A8203207D9DF7FA2F7A8D0E8AB4C
:106FB00050E03B0BB680C098BDEBDB52C6399D61FB
:106FC00031476427D9BFEFF268D875101C98296A39
:106FD00037A969B7E83B60A88E69DD8E6B441F9BBB
:106FE0004E01FB18BE751FF35C3E1C7C1EE94185FB
:106FF00089CC2108D789A58DDB161E032A40AE64F3
:107000009C72EDB860B0FD71DB0E2822BBF6D1D8C2
:10701000987DB651969D0C1C2A2E5A7E258166308D
:10702000A94C6BC883363ACEE8D4E3F20DBE3CBA25
:10703000AD6B56420F3C0537F93D2D2C371232D03F
:107040000A3F2E8829DBE84DE7DB6A86864EC96752
:10705000198B430D202E3FC5C426FA6C2CB9BDCA2E
:10706000674798448559710B6B0E5AA0ADB2867272
:107070006856B0E4F7B618417338A621B2BF0108CC
:107080006D6814F580C9C7FC7C5432A62169BC77B1
:107090000DDD5563E1B241E5D542AD99C9D2660631
:1070A00041C9D832B0C050EB510DF249E85CCA3248
:1070B0008C6CCEF2A5DD18C5A47BE7FDC723F6696D
:1070C000677A04BAF5DC34D34F9E5D308E3232508D
:1070D000BB72B85D32570BF375D9CCC283CBDCEAF7
:1070E0009E8BA88783B5404D1B6C849DFB5359D75D
:1070F00016E321C2A59D9F89CBC37F7E3C588CCFD0
:10710000739896465D604499942826F7C079FD846B
:10711000A937F7FD08CA558387EA29022071933AF7
:10712000F485BD8CC033A88718DDC89DA34045DC1D
:10713000CE735D6B272EE5C3DC76E142329E1F489D
:107140001E9AEA99E1B68F43CE52F2060497264F73
:10715000173F746E5CE6FC6D108B07896DC2F519E4
:107160005D0CCA350751B89D2B28A0ECC380824224
:10717000B614E3F806AE619664DAB1C03E7B67FDF3
:1071800092F0B6A2A42277202809532093E84699CA
:1071900077C619252C39A3DDC363F5B859FD0EC98F
:1071A0009D4A59F4692A8837271149F110D2E50D13
:1071B000BFC5AC9F7BABCE151D787DA5F4888EE254
:1071C00079254F9EDD0AA1D5389F688907F6411DB4
:1071D000B2A2A0569CB2D20BEE69572A44532A4F52
:1071E000C80B6A5C7CA9B09D0B753BCB940E3970C3
:1071F00024CA5ECC470681248516C289A28D75EA11
:10720000E43E1A7B0EE0760CA5F3CDF484B785F04E
:10721000DBB8F2D62DF0A9EF9BABD80A9852759740
:10722000A4DFA549DC1347F1D0F8FE9D78E451C2F4
:107230008470D27EBFA7A9AA21BE65C6636B51D850
:107240003FBA2B35E9FC2C499C3718EFA9E24D26B3
:10725000E8275AE84C764DEC45B9925805E08FB2D4
:10726000D086FE4E921D38CFA4D2CDDE0C78998305
:10727000A27FAFB9352D91AD1BC74C334D6B5E2B43
:1072800001D5D81D47DF809078424FFD1CDDE456C4
:10729000E37B05B4DD50B5DF34A24A744AF0AA4D51
:1072A00030FE044465F9DADA5E3835B3ED0BF03DB3
:1072B0009804C0A22062F7A35C538F6A72946B4952
:1072C00099BD4B1156E1A7AAAC1A9F023253EE0B9F
:1072D0008CB99722422CE8E1AC789CC39EF25E4DBB
:1072E00014F4B190E92D94D8CFED49444A03D88ED7
:1072F000955AD491F1BF102C9F216D07313569E269
:10730000F7C7F0DBF8BC2228D4B8F29F726F7F2554
:10731000CC1C3A285A2FA2E1DD284FA8563D393619
:10732000A157EC8122BA313C3AD92643290961B2EE
:1073300078328752337F7F6DA16E51C692D315AEDE
:1073400039C8B0F9329566DD4C244B26E0C0B55FF4
:107350002012C7A2B117FC0A5068F6C6F5D64A6BD0
:1073600068EE3F7FB51ADACB26FBD706E91D5BF046
:107370007BF581BB17FCB7EA5D8DB2E21625DFF71E
:107380000757B802AD315DF05D01C71A42E47BFAE0
:1073900049C27682C67D2A83C1D75D2834D355265B
:1073A000937C83C24BC012F5460FE2F540B3ACFCB0
:1073B0002027EEDC61735F0A61672CD454EE1E3C1B
:1073C0009ACFADFB434E9DA90B61290FB827767468
:1073D0005B77FD197B20BFFAF0A81E2CC201814209
:1073E000822DB13A9A8231448C16F7A2B5F95E70BB
:1073F0002E9B1655363EF23980D0A449919D20959A
:107400000CDB6C8A72DF1297D02E991E9E1E262AE4
:10741000BC62FE68ED10B319DFF3B9A32F3E74FD13
:107420004D6D2AA93BBFAAD1F7AFE466178BD26F87
:1074300079DA186C4484E28661DE75413C3B694B25
:107440007ED8F20A5A5C1E1014C1836A24EAEC66E4
:10745000AA96A91AD1B59C28DE64CF25E66F135AE7
:1074600039B947A5A99EB0840A743B05922CF94B03
:107470006A36CBF12FE35E22FD7333E58B2DF57970
:107480004CBC3805F1E3EE4228780B5C9DCF2CA074
:107490004F25119E022514C595208F8F3EAC5EC5E9
:1074A000AC9D21DDF44BFB5469439E9DDF0508250F
:1074B0001935C8BC648B7FFE39FB4AC3CE460CED40
:1074C00056488C2BC9084DAD7532EFC8A477344DA2
:1074D00037D80B9CE30C0FD7DEE8BB8115FC9C353D
:1074E0000BBA4838FAAA5D7167BC91F9B813CF7826
:1074F0006659F84D80E5AB6825B2C5A24C4CD53431
:10750000088846CD2BBC8AF1232F303695647ABC8F
:10751000A9A539575DF2A07EB6A688945FE979BC2B
:107520000136DAAFB7D9A32739551C3F47B750AB5F
:10753000A69F35A84B82FD1610A9D00D43B1349AF1
:10754000998FDD54418BEC0E09DDD389F2E8A4322A
:10755000E8BB4A2C07436AEAC7CC53177640068437
:107560005F3DC7F3C1467EA3F4E0A7CA1C00D3BBAE
:107570008423F07AE1DEAC74A73FC1FF6E16B25BE4
:107580002E0D82BDE7207A0CEB1D87285B5966F92A
:107590006687C6CA27C59A0F58499BFB8B1A6E751A
:1075A000926DBB87037D8647CC3364CF6A0457D383
:1075B0007E0ED68737D790EFA99DBBFFF5950DAD11
:1075C0008416E64EB642591A93C7B47AB93759634E
:1075D0000D2AC041E8140A95832388DE9E58507A0C
:1075E00083F1CF4A1C35708D714C7D1226146F8F3C
:1075F000BE2BD8F7C814F8C21F48705215049EA6B7
:107600002CC3A936C49613187FDF222B1E047B7D62
:10761000A99D4F73D2FF0D7F4E4C5F2ECB49A566BF
:107620005FBF79E9B0CEF56EAE1E43A89429222E35
:1076300053AA75BA095640CC5D35925D70827C5371
:1076400078F751B6B0302D9A9C00A5C86F479A7A4A
:1076500061C78D8AE6D940453C5641241CA802BE2C
:107660007FFD76B2BE92094D3E8CFF60834EAE57D1
:10767000E61485FB0567DA0558682B13628F42A96B
:107680007BA7839AC2C864E8CCA2367B772154607A
:107690006BE2A790526AACC253284CD5CF7BD0EB9B
:1076A0004C44F7A241B5D0586A1A2E487BE5E5ADA7
:1076B0001B5CFA3406F84A5F06B72D6955066E5909
:1076C000464E7F85299EA23CBA869C90FE7D0A6C20
:1076D000A3C6525143A77A3E477EE2E929313BDBFC
:1076E0003C592C29684A08A9C270822C766164052D
:1076F0005B315179D7BB26D761AF84D793C48F9DB7
:1077000096B80BE1760736B2B39CCCB3B2D7C9B703
:10771000A103CCF7528C582F8129E52BDBD9160316
:1077200029484A23488C41B05291D44F4AA3AC1DFA
:10773000EA8A99B8691114223330ED92558CFCE530
:10774000AA03114B7E1BD81028CE635968CA2AC1E0
:107750003C3D79E30411023548EFC37E20CE03722D
:10776000D4B4D6F4C1E7E3CDB8F593A16157F434AE
:1077700077B5CF713D826CB5F25D236A8528A23959
:10778000FFA1471D67955BE9170341FD1D1336A84F
:107790003AE439E66520F171A52CD2103C7626DE5C
:1077A00017CC28EAC6D9114236CDB179CE8C790EE4
:1077B000C01D3FEB143CCABD5C433E9A6F865D0E14
:1077C000A868DEBF23CF3E4B79F1AD2B53711F2E3E
:1077D000E0C8F5C1923308487F3D9AEA9D6CAACD76
:1077E0004DCD0AC4528154F84DC55E92CDFB9FEB3E
:1077F000D730CF7CFBD0E891BAF10DAD97CDCB77E8
:10780000015891E4DDF67912B6EAAC482E5F17DA3A
:10781000C393F48E37F6E1040604C35E2329857210
:1078200096039E5822D352DDC1127CA2899700CBC9
:107830005631EE95EE9DB1195FEB9EB83B1CEB887F
:10784000906604CFD4C34E398BA3408819CD121F44
:10785000F92363DA87F0F5E3EC78B83473BCD6F338
:1078600076BB62DDB385E64C6CB8F24AD727BF1B06
:10787000A764634FCBC51EF0B7B94F054CF68776AA
:10788000F25793B2A51348C6BC4F33DDC4285DEB55
:107890005F5EF474001A0A993C178F1D7E0F72FD0B
:1078A00066A7ABD0BAF72B219852F0EB37CF22F670
:1078B000AC52F5DC40DD97CEA7232257FA2935F3E9
:1078C000CF544321C4A1BE13E355DBCD2639C614E2
:1078D0003D83E66DA00975400B15FB3034901B5DB0
:1078E000A8B621B1F3006C2625AA6CC32CE81C5E57
:1078F00041ADE1AB7478112E4E805CF749B95A580E
:10790000AD1DE440E043AA0BBD241DCB82D3EB1296
:107910005CA4022929895E3C481CF2D2A8ED9D3F57
:1079200065A676551B2135E0B74F94E66AD267828B
:1079300051F4FEAF0A02648CC43EFD87A31D9FF480
:1079400036B8B7FC48B9EF5AD90E10060697BFCC27
:107950007A7E506FDDE21221AEE71ACB9554A09DDE
:10796000C7649B60E5D8D7CE6AD8082EC454625C41
:10797000A9D1A359ED3A69ADA7026DB2428DC6A552
:1079800026E4006B6C56EB6F0C89B8E6FE45C5F338
:1079900059410A456C2E4CA727613FC8044C9727D4
:1079A00034971EF9CDCC32EFBD02CE9DFBE9CA1B48
:1079B0005DCC56E0717191BBFB127F42F021A6971E
:1079C000C0108D17F23B278C0A12FE2F8ACB748FC2
:1079D00056F31B58207E4DC71FD6DCC3AD118E6DEC
:1079E000C6DED267937B7BB117643E7840A449F62C
:1079F000566FFF2BE31C1A6093256075C4253A2C43
:107A00000D30A7AEA2C94B5E82E03F2F0321C95AB9
:107A10001C8DCE7B5DD9AB9C88BD892466547DCE00
:107A20003D53DB65B6648D42EDA56557A438031F51
:107A300040AFE5378169F68F81E1562AD01686631B
:107A4000BFC6864D04F2E4452B812E738E04BCBF65
:107A50009A208AFBC37C96C92D149ED6907862E149
:107A60005752D5409765DF8E411BD58068B384FEA1
:107A7000C3EB7B2A6CD5A88331EFFF319EF02F6BCF
:107A80004C9BA3BD6419E5E749BD51AED4368604CD
:107A9000D9ED9E74231D649CD592E16D7EA91B1DBA
:107AA00036379ECF99FF27323EB50CDDF62324DA18
:107AB0001411956CD8C0832F539F6CF2074979CE6F
:107AC0008B2ABCE5E275E04F34321D0A67716EC344
:107AD000890774B3D5C7057BD4B73582AAFE49059B
:107AE00076C15409DB59EBD8435F094DBE7E2E6841
:107AF0009CD9C63AA5F2D9BAC18405D5A9EAD179EB
:107B000057D588BDAF1287939631F378D11A455E69
:107B100036E94FBF2DA8045B8F99AEED54A6F1C78F
:107B2000C5D273356AC6C22F7C6F5CAD888CB01F1E
:107B30009C278C51A6FDE93C683549065F6989A8F8
:107B4000D774D52A32DFAC208EF343B20DBB1B476E
:107B500023D5845FFEDCB416358DF8EA31ED1109CA
:107B6000C370CED5BFB7A67392BC40CEE707FBA1CA
:107B7000C78BFF1D76B4006F22747A8C5F23AA1D19
:107B8000A025ABB28AECB01C36B40BF7E54F9D27AD
:107B90001DEE04A60D90CC01301160CD464C305E38
:107BA0005680CC394CC346A4815EF98D4F05D9CAA5
:107BB000FB2188ABAB75B1425771E2EF58F2937974
:107BC0002C2D79B21E507A2F5003D8C194DF877ABA
:107BD0005CC2059E08049A2B6A6445D9C7495C6754
:107BE000ED432A9D5194F655CAB6D86FF509C2BF28
:107BF0002D592B194903FDA73CF407B6B35DF1C11C
:107C00000B282ABB50B9DB6AE1501587A066724485
:107C1000E37CEDBE0FD7FE776A54C48770308FB611
:107C2000D5D74DFA42338CDF21D4DC2DE7A44C1498
:107C3000A3DCD4D067456FD643BF2344B9A2519487
:107C4000C0DFC0D11AAF9EEBBC49EB3A3497C5E90F
:107C500070F64D1A5254DD52857A84BC94AB9A3634
:107C60000B2B79AC224EC140DD7106E59CF8B41FA8
:107C7000CC064899381F49B01A83E588CC1AC41736
:107C80003FA5FCBB887278E7DD52B675F03956C364
:107C90008ECA4C64FB95517B4C4070E9B38A2B141F
:107CA000BBAC72A365901267D4D2B6E4AEFD75F298
:107CB000F65A84593CEFE62FB45711AE79E642F3F9
:107CC000893368093FD719E041502925EBFA27C5C8
:107CD0008C015972F215F19E1E8BEDC1ABC61FD7F8
:107CE000E35712FDCBBAE1CB350EBC6122CB7D212F
:107CF000C380005E4D4D1D8E06F2555D5B34EE1166
:107D0000757EF4FBD6BD4E48057BEB4DAA42CB55A4
:107D1000D2E9B28749EB1FB669F640A8D345497A44
:107D2000B77B896F476700B3C36BBC52ABF6A3BB8D
:107D3000CDFA91D564EA39DA796D5CE87F6D61231B
:107D4000832E13603CA74A5991BF587BB9EF5A065E
:107D50004550693028014FD6CB1DFF27FCFBBBDF08
:107D6000206FAC63AE7F1C5995F484CB6EB677E47C
:107D70008337F75DC1BA643AD2257AA772C7642700
:107D8000E2883E06DF56D47C5D4D0A5FC7C866C7F1
:107D90002B55A963E6F79FF208B3B85DB7FF850ED0
:107DA000B7B14AA946EAF80A49A24686477B5B9BD7
:107DB000D14A1FA02BCF46FBE01246C0CC4858C189
:107DC00056977901808C55561A1A8CA79D024AD570
:107DD0001F794BC182367464AB7D9357BF4A2D48DF
:107DE0005CF54BE5E571B52EF7F4F3543008844C9F
:107DF00029F14D22D2F4AC874F12CAA4CC89CD010F
:107E00009CD83C3251B24BB3CBD1E18C40777BF262
:107E100080358854573EBB90D588381349AEEBA3C4
:107E200073472CE15C36B719D8CBD71523EB5044F8
:107E3000A93A4D1F3D8C2EE07A55F23D0BEFEC191F
:107E4000D061A6AD572966A41E21E2AD6F4FF6EFB3
:107E5000C092A0BAB634E4AA0CE5D411FA77332460
:107E6000DD5282BB35B8EBDE43051BEC47783C2B7B
:107E7000F1B73C279568B3D10F3A0F15A586E99164
:107E800088DA668633703A28E9690F5A767AAD2A1D
:107E900099DBCD702E0DCA18DD3BD4352FBB719DFB
:107EA000FBEE20BFA9548C7DEDE4D45F02633DF965
:107EB0004E4CF25D6005AB709A1D1A53561073F468
:107EC000A7DC920E0A2658F7185043615678EFB097
:107ED000C6965139FAC5523F2EC5EF0109FC40A3A1
:107EE000CB1C1BF04B9E0A32F649388F8677FA700E
:107EF000905BE48E594E5523FABE14CD51F7818D17
:107F0000A80208DE489B0F28BC9D543A5B9141941F
:107F10008BC455FEF68DBCBA160E3A6ADAC71ABE85
:107F2000DF288BB4F49487B8BB99AF811C55CF562A
:107F3000FE87EF612C547156575A2BBACD44E82175
:107F4000DA533C7876C867FA6CE0228A3BF2D82D87
:107F5000454D8C8DA639B2B81EEC44F9FE9E5E628A
:107F60000FCACA2A8E289AA96A3A01B1C30C90BCDA
:107F700070219A8F42FE669F14632D67015D0F3753
:107F8000FAA9AA2D0BDD3260325857371BF2C616FC
:107F9000CBCA67150B6096A998934C720ACBC4F4B0
:107FA00014181D02164FF96892F9788291E7470E6E
:107FB000DD8FAD3ACC1D46BE1406B9E9A66294E049
:107FC000386DCA66132D79C442B1BDDD9B74167A33
:107FD000BC471ED079F502ECF5EB054848662FD07A
:107FE00015E8FD9C2A77A9CFA1EB2D1592DC84C85A
:107FF00012D9E7E605126D6996A88B53A80ED53FF6
:108000000E66769A7EE1CEE72F18F7C981B10EC4CD
:1080100019E01018D584351C4E535D67F2608CA5AD
:10802000E1DA51CB6D10CEC1779E2B7EF67DAF9BF2
:108030004DDDFF24C31EDAD02B8215CB2FC57B8DDF
:10804000E7EDE8A29C1FC0ADDC916019F6E49C84CA
:108050002F2DE01216581018F83565A960C05192FE
:10806000609A6DB25C3818FB4C85C5E928C3EACE2E
:10807000CA73172FA131BCB07603DC699618A01B18
:108080002788BEE4DBD8C351A4698CBB911109BC1D
:10809000494D913EAE43821482F77D925464835AD7
:1080A00008542AD02DE7BAC780A0059B7F04B7C12A
:1080B0000A22DB2D8F3D801D7ABE63E6686B7E7ED3
:1080C00069BB17FFBAB5B8F5B5C95400176D65DCC3
:1080D00042F2DD859851B026B9BA1F730A550ADA03
:1080E000A49CFD0881D3021FBA7D9B385B97C0B565
:1080F000D4248817510F749379E103C41DAA594DF4
:108100004BE3CD4CA5B6DE44266AFA54266512BB75
:10811000780787E96D05D689E044460AEB2C53A31E
:10812000C3A5AC32945627C0892DC6A4D8F9380E01
:10813000BFD32CA2EE540C18BE3639F5AB49E488F7
:1081400016FA264EC174346307AD4FA9AB0B68EA2B
:108150003B04BAA3318F7C9AE6E4D43A4ED1E79F30
:1081600000AF6C6B68A28D106710821A1E7114FD2F
:108170001FFCDC872A17B80D0ED97F944E044D3DA5
:10818000ED8A89029386AF1DADCF946067604DE99B
:10819000441A2DCC9578C3D77A5095EF1B0432CD75
:1081A000A029D8C118DE8767A2884DFB814EBE4743
:1081B000BB4B1EDD2691EF431205B6920B07182428
:1081C00075F859ADC709409A9BC6B2687056766675
:1081D000B48726E383E094911AB9339A6065012F3E
:1081E000163395C35B8EA0E3EB3FFD05C812225307
:1081F000108F396E830A645D2C784AF0611CE3C3EA
:10820000FD0A34B515CA86B56DFFFD0F9C670ABA25
:108210007A916640E47667FCCDFDC55BFB33DF27D2
:1082200030F382BE0133BA91B780B82DF8BB6447F2
:108230005CCB6F5E250C83403C9019BF1E8D45D2F0
:10824000C790EC851B545471FC5522311B4C69A816
:108250008FE970BD508C5D1C2EAA267F2017A5A12A
:10826000B37C83C458F10F9721682F91B20360CD7E
:10827000100F327AF840FE3D5C8EEB8CFB20BB3059
:108280004122284521B788DC55D75367DD9133EF6C
:108290006837C24359E86C230B79F9F4EAF10ED13F
:1082A00063D5E08BCA58F67456F6B74AE281249B30
:1082B0009230A7488FA068C0829EE35C7524B019F5
:1082C000501BD97F246AE5DFF96B0D56F37996923E
:1082D000B404BD8F27EDE7D6B2AD74CCDA3F95ADCF
:1082E00055511981145DC170614DD9517EB3DF1FA5
:1082F000394DCAECC9340D6775E76851FFF8970628
:1083000028F3413481FD28574D02F81B2AE1B4E0DF
:10831000AC87BD32DB4A89CDCA22E8250574B5E5B4
:10832000E850582EC29C4B9FAD7362923FC1082EFD
:1083300099058C1E791958175B8CCC1782316F0008
:10834000FBA0DF45BFA2B37E86C1F13DF2F5EBB2E3
:1083500041C51A00B1D93B032D0EF4C68BA46B3A6C
:108360008FD30168161A00313511D54BB3E1562968
:1083700030D1AA8EE2D9BBB96D63625627C0C9BF9E
:10838000FD12026A14A3CD7D03A76D1A0BFF2B8A81
:108390005207F3CC04DACF291D418162A301F54FC6
:1083A0008D4009F1E43584AA13257982758E82DD2A
:1083B000FDB1C1F30A51490890E755D08EB3F138A9
:1083C0007B4B07184B8B1329970AD9AA5D4D870E53
:1083D000F515D1D589B718DBF8C39D84843FC52D29
:1083E0001F2AE967B597194B55CEE9E7A039E4C3D1
:1083F000DF08578DE4B564FDFA7AC04958998C7945
:108400007830F50E6945628367AE0F72DF73F67DD3
:10841000D106601B04E7AA831DC70B1134157683B0
:10842000804FD23FC63DFBE36045CCDD3685A94495
:10843000FF35CAD938321D8CF5947A5B6A7C6D0998
:108440005A4A5C72808F65617C30CAF46E78A9CB21
:1084500079CAFDF4690EBF5BA074F9EA0256C284C2
:108460005E921987EA033B96820D03FDD2B7DFF2D5
:10847000D764846F85306BD8B19DEB31295E20C401
:108480002F503CF8BFE1ABAD4A7C09E3475BAB98AA
:10849000A68B50B5EE079E2E104F5FBF0DB9356904
:1084A000E18BB955205BED7AA91A79F51535DF0214
:1084B000FD43D8A2E0F9DAD5DE8E1A1959AFEE766F
:1084C00036E61515253E95B1A1F6B30A8A998DB603
:1084D00054A98BA36790441591DFDDC0E325F026F6
:1084E000A0C7CC24CA06CD7E6DD17844B3CDBC1DC7
:1084F0000F2BB1DCDDE479728884273B13C4711043
:10850000666F629AB8BA87102E846E2FD5C64D2D2D
:108510006734C9BA45D19D7A0E717D31507D7D8217
:10852000A8172050C209716864DA7CC44C697518B8
:10853000EC068A526E97851D4FE59B768F81D33866
:1085400028759EC038B74AC03378B791F43D9D5323
:10855000281FEEB2F7D1857CC5C6DEFAD1738CCD6B
:1085600066D88C9A2DF7373018111498558D74F8F9
:108570001E38DC07BD0DEF8E9204AA549759DE7A9F
:10858000EB4E4C19BF1EC5A1E8886542F81EBED04F
:108590004892D4FD62279B3BB3939980EEEE2F5611
:1085A00019E34C27AF3A96A7145D61473AC4BC550E
:1085B000659D332B20CA9FA76FF21BBAEF884A5BD9
:1085C00005A6D1392FD7D946F5EBD56AF01A8927F8
:1085D0009275225AC2323C7C36F1AFD6742D99B7CF
:1085E000656EB6AB8F1716D3D08CB56E3EB89A5D5C
:1085F0001F1C27190B6328F7C9792A20E4FDF023F3
:10860000A833044989966DC020CDDA4A685FF34BE0
:10861000C50E63872C8836872988385CDFEAC65404
:108620004C69C43868CC35517065C64C44F2E79E3D
:10863000559F9B1A214FEC3B946CC1CEEA0CCD2B7D
:10864000AAB5880D21345DD48FD6EEE1E303D5A41D
:108650003662122E5DD6F1FDB5EBCF6B3381BCAC2B
:108660004E95BF9619B232A7C9B5922FB183905CCF
:1086700017BC63472652F8E0FF0E1E9D73F763CACE
:1086800065502F151BA152DCAA86BC8C7361DA4B96
:10869000B8B7FF88573AB4ED81C935A7193E690CC0
:1086A000C987320D2DB0BF99EF425DBAD31743ABE6
:1086B000851C11BF5C97E2477C7E567C6D2175540A
:1086C0007ADDAB41A76350B711DAD945CF0AE7BECF
:1086D00080E4BA2A967BEA4BA50EBE653094D73B60
:1086E000D2C54D654C959AC87668858CE486BB9A50
:1086F0007F4733BD2ABBC09C65DEA62A39C0D27530
:10870000160AE2E191BD80483B6925942ABFB80969
:10871000A270A429E98AB211ABA43AF9349685E88B
:108720009993F9EF76DBF8A1023783CF10D0762743
:10873000970F8AD757000A425CA945CBA3A093E2C2
:10874000CC2F8166C2007AF09F625F4854F9BC1B4F
:10875000E01FB3C62547CFB057ADCD95E298AFA87F
:108760003A42FC4F93C393CCE16AC45E394AF1119B
:108770007101E72528C6196E60027591F0CEC69288
:1087800054F3F070CB2364393B270CB5425CF260A4
:10879000CFE8467D464A2DEAF5758FA067708B06B7
:1087A0004F1DD37FA51493F3F2CB6F6363ED0940A4
:1087B0008B50CD6988A870B86EDD37EF3DA58C81F0
:1087C000AA75612B4D0194B324F08F5746FDBFCBA2
:1087D0001F2807D8DACDCA168855324927B6187A25
:1087E0008386D677DA4FB0FD8CF6F4506217E6F048
:1087F000FE0BA6A066D87A2BF1C57F394F06BB5F6A
:1088000011E3EC3E71F193BD89DB49FB5CEAE7CCF7
:10881000FD8F7EEB5C8F6F54F30D5D2CB9A0982318
:108820004344A818FF8FFF5472A85E1B3DF6D7F98A
:10883000C66BAE856F90D0DAFA957BF9E9D94778A7
:108840003FE2A74CEC3FA37F8B1A92F3CB0E1C4167
:1088500045861F6CEFA9F659EE90C06BC060A2214F
:1088600022EF1C80D0E5EAE6694BF18BAE94E16A19
:108870003343D413D2BEB9C0E0801528FFFC177E65
:10888000D45CDC5A5F29B5B84776B73DB81C4401C3
:108890000535CA026F35B815BB44FA5916060D9D49
:1088A000DCA77C43857E150C679C15360DD7495592
:1088B000CFC24AC79DE38AB75C240124D794F9A9A3
:1088C0006B10E430F143F03ACB56D702A22CC5220C
:1088D000B477F2B1525A95F0E1B0AE88666ED837EF
:1088E0000460E4224AA81E7C72F869CB044E9E07FD
:1088F00046371C8064A6503148018F50DC028E8AB6
:10890000F6DF84C10742BD42C1984B988FB07EF11B
:1089100062FE5B1D6672A057B40678786069AEEBA4
:10892000BFFF8651937319A203B998866ADBD54AB3
:1089300091AF49DA9FD8A6FB349510F8C0F0D183E7
:1089400080AAAED973C221B07103DFA097FA245474
:10895000FEFFA02E0B6FF1195F2896CD24F6BACC3E
:108960009BD247E844A0FCCF1FBBBBBB674B831E19
:1089700023F43CE22D7CBBE2664822AB9C59A084E8
:108980006C22AF70F8A2AE1835A433E5520B7A28EA
:108990002DD2935D5AC3ABD64C1B366D9BB608588F
:1089A000791C875FDE8746A05DAAE4C8933F2FD677
:1089B0007E581847978BC0A129E5467CB1311B3101
:1089C0005536A94968C5F776ED82F423F98C54161B
:1089D0000BDC94061F7B0324EFE43F75134CB1C0FE
:1089E000C57B1801ECC65D07B03E39F1787EC9B190
:1089F000D2F77C43ACD6FDAFB3E037E6455F44B772
:108A0000F9118B79C5F8F1A6769D681A54837C60BC
:108A10002AC1F66459EE55D1D1F32A864B3259D288
:108A2000C36AAE5473192DFC0AFA3B9DC06A955A6D
:108A3000D26F19333569F237D13C6B0593167AD86A
:108A4000A164143D312CA69CAACCC04390C80AB0A6
:108A50009613D9406D9104F4F4EB0135F51C19C15E
:108A6000626583B1EDC52137B326EC65D15885D554
:108A7000FA510074C4EA3B022729CE6C0F03763703
:108A800088A8DC692E642C8B2D08102B9633FF6C84
:108A900098B378ECCC296FA30C482A7A64AF287677
:108AA000E35A358142E093696849F392175A37FED9
:108AB000D91ACFC8B0E8A242DF8DFEC89684CD098E
:108AC000BD3168434002C3AE16C0ED6C9447954B70
:108AD000FD826FFDF25BF276321877C09970E397F2
:108AE000CF9C10A92E3FBA0CD7A8E2EA6F63962F4D
:108AF0000A17E2D2EC0A5B29B41044CEBB995B7D25
:108B00004AD3D0834D501F0627BDDBAAC54B1A237D
:108B10003650E6E0C25141735E48996911A9B3E24B
:108B20007186D1B0C272FDBB2B4EECD57A86AE6F8A
:108B3000DD88E579B763356C81C70BF14D5EE5EEF5
:108B40009B0DAD8944643A0A4D5E27366C3F639BAA
:108B50008E93ED6DC68B71B1915681FBF3F7E443B3
:108B6000F32384AAE56C19EB4FB64019F8B87C7C66
:108B70000CC5596E454D33D9ACF6BF753BB3208655
:108B8000615F5CECD6CA16AB6409039487A015310B
:108B900031A5DACE8A6958D274CD461FF83001D893
:108BA000BC0A02EE387F8D4E65CA571073B8C3E019
:108BB000018290782681D9ABA7E91752C5D66A6899
:108BC000EF389F5FE42B0D9E4222FE63CE0C0BB765
:108BD00046036887F4E7A09A5E731E044538D354B1
:108BE00065CC863F70A31C4E8191363FC5D3AD83C3
:108BF000BDBC8F866E44BFF9EBD6AD1FFD4F148010
:108C00006B9409227A6281D43F10AA343F1BA524B9
:108C1000A2E04EF9DF75F9398901B8F1E18C160D42
:108C2000541688701B7F9BD83857C522EDB00ED9DB
:108C30005A654CEBCEE1A1E3F43AC90431ECDF3FD5
:108C400022FCB9083013FD0BA9C72131708BC36C0E
:108C5000CA0E91E185DA2DDE421105A21711BC344E
:108C600042ECCA9EBC25531734B647BF62A7B1D6A3
:108C7000AB2CC3CFC3DE89EBE433723631200C1E3C
:108C8000BB8C47CE5F347F4243C5C95FF34C2D8D0B
:108C9000E645614D09135AA36B4F04F1F39F91DD33
:108CA000DD970DB311FC3E2DD4D89B579E5C441824
:108CB00024AB84013B0FD67A08046C2E684E92B523
:108CC00020638645D08E6CA272600ECBCAACD9A54B
:108CD000D4C22846AFBCEEBD267B899945A54D166A
:108CE00096DFC2D3030CE4DD64888476BFD4B8EC8D
:108CF000CCD377F526AE0BA1A4F4B300094C449273
:108D00006DD3A73AEA00B4327C109C7703C2A9D78E
:108D1000B4600AEC09745C42D12C8C23126EB661EB
:108D20004427E2EEBE734E57894FB2764DB33FB93A
:108D3000B8728E9050167CB8047C8D8211A035BF1D
:108D40000E0CC799474B992889C4193B5F73947AD5
:108D50007C1BC289C382EF02CD8DDB8B60E7549D03
:108D6000C06E1724B9888970527AAB25812512F21A
:108D7000CC1C5914FA2D3367047BB7EE3FF3BC1EAD
:108D8000D63DA023EE9071FEDBF40171695A64DEDA
:108D9000E6D1EE8AE542DECBE61435FF6C94D405CD
:108DA000253F92DDCA7011580AF85FC0173600BC23
:108DB000226B87959D4C914F79E137B8FB985524EC
:108DC000EE404B3B9092BDE7DBE0E6801AF753AAFA
:108DD000298B168A064073B4127BB9922EC6E765BA
:108DE000409BC7D72B47FD5B8CE7B5900261C44120
:108DF000D98D81A563F47311A6A56C170FF0617A64
:108E0000F2B20D5A6A45D6F78948EDDA0ED8B0A20B
:108E10001DA9233B0DF3A6190ACD94B09B4D5CDB35
:108E2000DDC81DF56A9DF7F03B3FEA3F4E064B96C5
:108E3000333C974D675F1ABFFED43EFFE2267E2883
:108E40001689B7F348449BB16875CE37F9FDFF6DBD
:108E500016212E879385862C957E42E2AEC004BEF5
:108E600015FA3A43B5FB5EEE85B4005BEC3F562A3B
:108E70007A45FB7F3410251104ED6C346BF34F6998
:108E8000F162AC6891059C5485DCEA8136BB83763F
:108E9000D27E0B6E874DD02444CF1246BB0E429635
:108EA00059CB6B9D21F1B37C5467F64AD3A9336C3F
:108EB000C4D95807EA7BB56B7F6FD2614B4806ACCB
:108EC00025E0E843A485F1639EA4062AADE7762752
:108ED0005DA1C7BA8F47577833B9053185517537CA
:108EE000A90AD11DA86947795EBBBF325831494BE9
:108EF00029D7F36A4FBC28354AC86D58ECD7F24FD2
:108F0000227DDE521A4A4AFA7A2C1E552A90E966C8
:108F1000A0308AD957A02988C8EE3A4C7C01F9A222
:108F2000163E1D3B3B188C25C4F87CF14418246187
:108F3000AC17CBAB6CAF8B3132B41D01122063C0C8
:108F40005B8CDCEDC90380E4127A39C888440DDFFC
:108F50007942561397D487324EA07466B619D85505
:108F600092DB42BF30441E8CCBD987320A41E55A8E
:108F700082E39728B1F940A49B1FC82D4F1F395E8B
:108F80009FDA68F7A57B25BE9362870E38B87170AB
:108F90007642B1D73D30C15E3938EB69BDD9602525
:108FA0001DE5F3061EC60893E12B0B7DB13092A39D
:108FB000E5A8E5E9262B11A175C87B7B9CF5D1EED0
:108FC0009A2DE7C1B5B18F016BB89CE9044CD98CDF
:108FD000BE4D17564A4E17241CE7E6D8CDFF390A76
:108FE0005F5809BE52E4FEA677CE0D98FAB1B734A9
:108FF000423B29639670BF46C2271E8C5F2E854D6B
:1090000033734188F2B4A07191DACA289CDE3EEC39
:10901000DEEC4C47A37BE4FDD98137540B1C06439F
:109020006603C9462195B845F770D51101689CFAC9
:10903000C7C299F08A78F4807F66159660E8D519E2
:109040002559FC82544FBD43F6D9ED4E4E01211BEC
:10905000D750A7F86FF43207CCDB0BEE793658FC0B
:10906000E34E2F8922E09D252239486B5EBD72199F
:10907000A601B9C43EDA60F36D3D03F873190C170D
:10908000DEE9679A4D50A619A525F2EB091F4E2B74
:10909000B4C494CA0DF28CA490CF7113546838F5FF
:1090A0004EDEF0C6C2CAF57ED6D189E62F0C5AE351
:1090B00099E26C40D953550C06BEBF72C73FE7C05A
:1090C0005CE019FB202034B637A15A87221071B911
:1090D000C80D45626C4C97E43888A5C139A1882930
:1090E000A4E90C8EC24ED2A30B2A53B90E3809063E
:1090F000AFD4EF896DE9701583F655C875BDA8DE4C
:10910000D4E722F312D8AD9663256976D9A94A75BA
:109110000498ECF5813BD2279B976656F3617E1F3E
:10912000F0CDCF62124248B4179A1E8B98D8A91678
:10913000D7880BBF476FF5D334FFD50A180FAC782B
:10914000D7B33A7BB6EB60DA634EE1022212B37515
:109150009977B06148B9B3964679A81C6296D9FD53
:10916000931970388E2354BDF12E87BEB2DF554659
:10917000A1B967214EA4D0EC9EEFAF99DDB6A63C15
:109180005043F6FF3978402738FE67C2A688A9B653
:109190003FE0E14753F526DB183EF8EE67EF8D74AC
:1091A000793DA8AAF3C2631CA64EC35694BEEACE6C
:1091B00010E29A06DED03842EAD8D732320B4E504F
:1091C00090ED8DA42D7799F651B15C26414DB5CF28
:1091D0002330848902FDA0C1971387F1361E5DA05C
:1091E000976AB007DA8A9E3E8B695047314F64EB2D
:1091F000166C5500AA5572A6E36BD38A4CAEFA568C
:10920000890D92058A4109E149690EBDE762E46072
:10921000AC7204FBAFCFDB01E4F09B531B55D85974
:1092200000D0790FE054514DD86335E7BF0B2F6C58
:109230004D96D12C74A1A4CA41E9B4196D9F8846FA
:10924000AC2092FD058F5BA4E4C42944F5666E6FE3
:1092500004EFC26C3AB50742896C15A5CECD05085E
:10926000319C74D03D5A459A837BF9EC7262D07779
:109270001C5974E2E31AF8624B33BE498AFB85B885
:1092800061DF67D2809990825C3DEB3A00592F2BC9
:10929000ABDDE3E6F6CC7AC44DA448184CF430902C
:1092A0002D9F82821715E89BA764A0500F39DFD14C
:1092B00024DF674E6CCA9F667885EE2B813C8BF469
:1092C000655E9C417A2E3527A38DC09CF368622A87
:1092D0002F8393F5CD7ACB82BC55A15D1AA4350DB1
:1092E0004229FE34B12A016F52F59EFC396FE87CA9
:1092F00018F2052FD502726E7565CB177104BBE6A7
:1093000077A9CAD1487BD7E6FDD2216B226D4B8E5F
:10931000F2E1637B56C40301AF4CD27D489637BB64
:10932000D4A83EFE31BD4EF572E6F09AF8DF21C6B4
:109330006B63C0D2AE5AA0D8F939B58B3192D63210
:10934000A7461868BAC5199464518807BFC4B962A2
:10935000AC09BFB4F60C8D17B4547B0179AB540F34
:10936000423BBEE291D38D1770C86EB3BA825A4C9D
:109370003A6C6C445C078AF84DD984517CAA9AF403
:10938000CA83009440646CE58D7F11F3EFA0B72D84
:10939000E7B1C4EC75325CC1830CC01E6FE1AE1541
:1093A0003F99CEB4D50BEEF9888E789F015B2B895F
:1093B00082C27E8FD99EF2F0BC263BC34045210776
:1093C000722557EE023A8B9FC530673054F9D60BA1
:1093D0007E8545721080B7FC7592A4D1276F4A7DB7
:1093E000E2DAC16E60BC98D55DB2D96B1238F61462
:1093F0003DFED97B7655E2439D7FF45D8540BF3AC3
:109400000402F7FCECA7762E66CDEA79A2BCDBADB0
:109410006488EC7601CD410C1C783FF6BD492B8960
:109420008A6C1F6177DD3B999808F721ABDCCE0988
:10943000A757315E7D35117BE964C307032840D50A
:109440000264EFC225476612B821E8EDB0849B950F
:109450009E5C0E5033194ABF6FB309252815D83AC0
:1094600053E64CD0BFA6B26A3C5D747726C2A3A473
:109470005DFB807F235EA6BF394B4759BC93714F7C
:1094800070C2E61F3EC8BEE900FED60284FE9E8C76
:10949000B1FFF0FB8D586FEAACC1E2F8EDC6462E85
:1094A00029BABA6F1C96062EF2E0C398A88CF37303
:1094B0006BA42469AC0604D3B352CC9F0132995AF1
:1094C000AFB9C85BBAAE63D80B245DDACA5722A322
:1094D0009EDDFCFF416938F97E9535487C6AC86A93
:1094E00096BCE930462888FC234B1A42C339D91868
:1094F000EA90245B3D03AF660C556123163B402682
:1095000017EDB503404D09E8EC978693FC3B30A17D
:10951000FE21D034B348663C32D76E4A925368B6C7
:10952000866C314A9E12D3B1B1CE37DDC69077B882
:10953000302BF91A825F71A5C074CA0C6E52EDD837
:10954000FCCA95385D76C32043B5DCC3EA2F1626E6
:1095500071F758F720B20DC44D05C38DD40A3CD025
:1095600051E404067C6D0C9A2003ADA9A32CB75AD4
:10957000A34C0F679FBEBCD58ACA622DF2BD11A055
:10958000FA703822C30A00A92041103E95220AFB36
:10959000EEDDF637ED612FD48D07D195830FA080D6
:1095A000475239EDB57259DEC904CCA0B4072D1F5E
:1095B000C7C99352221476D6BBAF49FFECE890BBE3
:1095C000A6B34B6EEAC50BDBE68999C633558FC24D
:1095D000A42524EA0F8A2B46E50C50D6BEC760743A
:1095E000B23CCF9B3CAF0CA39DFDC6F19CA111EEFC
:1095F00077BDA00904DFA87006065B8B811EE8F921
:10960000DD599DCCEA86256E550BCADDF082965554
:10961000D6BD299D796440308C2B165E6099A65288
:1096200051D05DE56EC71F8822229DCD0AB6C919AB
:10963000607CDD16AF1FBF470A9F41CD80CAA66A76
:109640009BDDFD56BA4F54368E41A219DD4378FB9F
:109650007B9D7D329F2F5BBE93E5140D3B6C4A7C56
:10966000AB8D2ED481D7AF6AE27E3B432DF62555D4
:1096700005F3E094332FB2352DCC309A1DF273FBF5
:10968000096F15B679EA5153C20F3040883035DD85
:10969000421B9B7C6B7C56B468A951D36865A6A01D
:1096A000773C5EC47E8B50BBFD93D034D26A58ABFE
:1096B000103F21AB9175050CDF8AF937229C776644
:1096C00044555174E1AD7924C89AFFE05FA59375C4
:1096D000801C120291BC48EDCAA1B2B0CB093EA3D6
:1096E000A6467EF54B7AB9245D09954127EA1049D3
:1096F0000BD603971B94B8F736C15DA373C962B943
:10970000F96CD6161D4E6127D3B961227A1B066B00
:10971000D95E4230B247CBBE5DF4D27863B7E08900
:109720006FE69073D75D08343C480981965E1B282C
:109730009699475FB8AEB78B7FA10FE508EA5A3517
:109740007C37500E26CE598792177AD1B15DC6B7B5
:109750005B695D249B8B4CDF96CA08FC055ADB0EC7
:109760003E887DF893839404AFFAE49CEB29351C82
:10977000F25C95CE56EBDE9445C5DB314CDF49C932
:109780007F74E1BA16C8A2D95A2C0DDC1B1DA8A201
:109790004E370759A6CEA006D93F846DEBF389F268
:1097A000D6FC631FC5F38D9747AC3258A8382CB64A
:1097B00046AC9DC6CCCFFFA5DB5D089986B48C4C2A
:1097C000EF0B8908012D27081B0CF7DEEC7A7CE7EC
:1097D000E0C27BD0DBF75EC937BD660290F2985ECF
:1097E0005670CDE9EC6BE4124DD56FDA4C712F4415
:1097F0002EA95E865DB952F057FCF7A6572207ECFA
:109800004F4D96E518F92CD404D6AE2C84E7073AD0
:109810007E16B273CCC9CEE50B57257871046CF96E
:109820009E8757198C1667943B8C504AE7E2A57DBA
:10983000CEABDBE6D8A6F66B1971099C5A7DBE4FFC
:10984000632905E1EBC045BE0DC3E9B891E2156B94
:109850000439F5192FA2861F7F699757640B57FCAF
:10986000BE84E2A5DDD42E72C9476E9870D00F3841
:10987000904907BB13D280899F469C9EA204FAB6EA
:1098800073C2367D50EC4CCC9C0F3014F5BD8FFE6E
:1098900018C88F05B6378E380DAF5AA7611C04D390
:1098A000FC793903AD046DBE21E40F2222DB2CD8F4
:1098B000E6086D51A86FDDCE55F907F8B7989056B8
:1098C000EE2CAFE2283FEE117CE14A9A380AEEAA6C
:1098D000145708778450B2ED045A8296AF9E0D510A
:1098E000560B2976126A12AF4AA0AA63AD6DEC61DD
:1098F000BF2EC716A60FE7710F25996129A2DF8534
:1099000028FCE9846E1D9CFC023E07951E055B3910
:109910007C2E92E415493A8669548F142BF7A6E2FF
:10992000AC94E4D3EAFEE1F8965162FE3C281D4572
:10993000E0BB0396C9B35A5B946ABD2812DF9B71E2
:1099400091DAFD7E4E289BF9014F498D012CCC34D4
:109950002607532BF0150C57EDA9A385F0DB726E8B
:10996000D4AC95CFE11C0D43C7B5DDB0D38B1A4AFB
:10997000AA0AA1E696CA85B0E2A7A1651274BED96B
:109980005EAF696E5DE67CCBB6866315C8FF78B1C5
:10999000765C09F1997F388D49E9CA325D4F50F6FE
:1099A000AE7403D46659B31CC97717ED1BAAC988D6
:1099B0003C8784673A9CD4A694110884CAFCE4A628
:1099C0001146908643E1DE65F2090DBD3AB366901B
:1099D00086DD7BEEA4C345815DBD8636EE069A9199
:1099E00023BEBABD8C51D2971A94BA50831D11E090
:1099F0002296537D81F5F39B653536982A8E482350
:109A00001547E7CD9D2D7FD1391E467A2F8DFBDE80
:109A1000CC68938C461B35DFB70603D15146EB6A01
:109A20009891D736EDB0061D643FBC820E64F9BD37
:109A30009FDECCB7379E100252B9990A97CC960197
:109A40003F3BB1741B1CAE9BADB19FC95E18201E7D
:109A5000BA2DFE8E93533B5AFAD063FF561B79639F
:109A600090B857888E8C597C36B63EA93ABD32B331
:109A7000CF23141D0A9951D98B1BF10C1586E3DEF7
:109A8000DADAE6A652E7B3CDD54FCB56B24505D7C5
:109A90008EDB00526457E8379B8D6639DEB5E2D223
:109AA0006AB2B2C79C4BBF683EBBBF192CB26A3BBF
:109AB000684CCD11DB7A37B50009FE8995D90332A0
:109AC000D2DFE3225CFF817E9EBAC30939823878F7
:109AD0007478D9D8FE4222BF4325E69CD86630C8A8
:109AE0006475274B333335859AA62F60BEAF896CDA
:109AF0005CB42BCBF54C00071A6D28196B61FAACDE
:109B0000BDB7729B3D7B018C5F84522EBE4C5811B9
:109B10003BEF68AF30DE0533EF6A432309EB6AE2BF
:109B200054F7A856CC00E6AEEDC5041A172C0D6903
:109B3000B17C439062F78612DEEB2ECD985C51EF3C
:109B400019FE507CE9A5A32D58BC8269AE032DA156
:109B50002297680CEA2F4AA7DEF397153420FE09F6
:109B60002D3E662F3ABD226D91DB3B554EE892FEAD
:109B70000DDFF66F0006D9AC1E60E0A5876682880F
:109B80000354D27C32941929CE4D5F659CB047DDD9
:109B900055CC08E0A685A63EE0C7FBD885F1296133
:109BA000452228FF289CEBE72A1BF3F73BB1A2785C
:109BB0003215A7990852607741DE65FB54ED0DDB45
:109BC00017F4A411A25575CEC1687B3C47AA6D95C8
:109BD000BB001BA3FBFC9405F39A595101FB6127C1
:109BE00030785DF142D726DAD70BBE7C218FE7A310
:109BF000DE8B66503BCCC1190AC043E682A778FED3
:109C00006972FDC68507FBB2A90218B0A6C49829DF
:109C1000C16AA66F942971CE7D315B42696A7FC2A9
:109C200064588FE012AE1C930168CCC7B85E889070
:109C3000DA5AE989F5A70EBE9CB85C9AAEFB24936C
:109C40001A6B3E59D6A5897AA7FC468CF26EFF4264
:109C500011FBCDAE1CBA6AC5E0E600746DAA88E5BA
:109C600056B3B7060D6CBF82325375EAE1E6C6C043
:109C7000CABA4F4A86BBA807B37560CF96598655B6
:109C8000B9CFF2A28B2E7E6BE94DF967E6798D7123
:109C9000A6B6FFC44FD13A3FBB0CDA724F786B3394
:109CA000A80FF3CC132C03055565CCC0A74AAEF41E
:109CB000C9C7EC65462E5B08EEAB47A6CFB7AF8FA2
:109CC0003C1031E627857CBA11E65CEE555A5E4EB3
:109CD000895BA0A3D52AD6369737AAA2F1EA65FBFD
:109CE00011F510370BBF5D68D3F0016D76A000D081
:109CF000974D085292317F879CCF1A922613002EDF
:109D000015D1EE26FA1CC29DCDDF81C56DF7C77D4A
:109D1000D595BB351F9A70AAF1F8D3E47631A682A7
:109D200063FEB55D2DBF75E02F422EAB5BB9931C72
:109D30004FCA4EB404F1B1A6C660A1FE55C422C8F4
:109D400096F40CF4124E19D4BE2A4D46337944FBD6
:109D5000F282F9019A16D53ACBC8EEAE10221A0B50
:109D6000D0FC228292C6DA7E79073442AD87E5F4D0
:109D7000E82059DE11378318E514B8D5138DC0805B
:109D80006B5E9BCDC0C3F3CE538B4AFF4B2DBD5AA8
:109D9000A2FF2197E08A5429D92F71724CD241AF8A
:109DA000984E3224251EEC0A0D73324BCE62DC50E5
:109DB0007F5FFD720D0D365B68ECD940DF5BFA8585
:109DC0009F94BAE13150F861BD1FDB94DE04D39754
:109DD000EDA9DDC160E634963D0E00F1DE098C2769
:109DE000D96D068E890B2E3C9C8F29123C7B9324C7
:109DF000E2E66171B478D672ABC978B2AB65EC5C5F
:109E0000019A3938557EEC72519B4D9F3DD4BA9DD5
:109E1000361CECC18F6B024E204B70643159FF2F02
:109E200091947B08A473D889EE3813916718F9FAD6
:109E30000FCAF1CCA0812393E40B0BEF604753D7FB
:109E4000A086DCE5221E9E7A20207929D614844043
:109E50001A215C8E365966ED2A357D8F36C033C99E
:109E6000D4E284B0AD47F3E7E143B98C8AA354FE52
:109E7000A6D02D793036517F4F9AF2FF4C99B15AC6
:109E800081D004DDA9BF174FC24CF194CED7C2DFF9
:109E900023979FCAEB04576B0D45ADB0EB9EA61AF6
:109EA0007641194EA9168239FD25E54474E5CD2089
:109EB0000EC6EB240E29B839113BC1F91F66AE4816
:109EC00013105D59843ED101C945B68B5C24803D99
:109ED0008FC527A2273D22374AEEED7141C6D52610
:109EE00082F29F410BCB93ADD79C49F5A2986EF5BA
:109EF0003093F0CE9ADC6AF25A863773AC35021989
:109F0000D8EDAC202BF42D69681216DB6D0E1BE129
:109F10000EE414EEB13CE38BD7EC3B8AA922B5A941
:109F200009B378BFB2BB31E3A485D7FA7911A67C17
:109F3000548DD50601F27BB13D634819196875A8A7
:109F4000BB096189AFE742C8C603B99B3D5738C812
:109F500050D42BEEF3592C9C4DEEE0CE6C9C4BC4B0
:109F6000FE9784CE75361C4DC909ED093FEDF432DC
:109F70000C1BE775C242D2E6411079D1BC46DE34F3
:109F80002C5DDD1DCFFFE12F78F57557FB4971EA98
:109F900006D67D890B1FD02E1798CC43C995A14AB0
:109FA000CFF60B64D2450CBC003046D9FBD66E34DC
:109FB000DF81212952373C5F0D22761FFE03A30467
:109FC000288714CC8E00754438FC471BA8CD8E7EA4
:109FD0005E52EA26900B3E691FE36365F27C5347AD
:109FE000EBDAC2D11C897C5EE38D7B1F9C112FA80C
:109FF0008091953B6A3582DD3973CF1A688C205584
:10A00000B3B164F3DCDB02904E4639776E38A4239B
:10A01000491D411094FCF1F1476D608A494B619EE6
:10A020005D334FB4BA6340FAC3AED6372C239A0AD5
:10A030003D03622F5C185D1CE05FF679B8F68F5621
:10A04000EA6B2EA7468869C2C9AE9C1082E106263B
:10A050009CB09B27E74F95C9E353FC6627B2240ABF
:10A060006CE90A090C24250B756DD24BF7672C4E51
:10A0700054CBAD90ABFB1ACE8702727E98DBACC19D
:10A08000519251CA88C10682CCD76840063C105C08
:10A090002953C7F8F4B21BAB9663BEA58A1312BD51
:10A0A000317167EA90A5BF4FAB1BDA0A924B0B3FA9
:10A0B00090A1D21D4022713144295361E473CF5FD6
:10A0C0005C6487E785D5EF320E6694C28CE3B9D91C
:10A0D000B2B9D52BC3A243F9EC8926E2094360D873
:10A0E000B9D8C698B6028B598D9B798A8AEAF1AAAB
:10A0F000FAF71594AF2B77AAC4153E2BE3C59091C0
:10A10000A810FAA5520BA8C17029EF9AEEFC1362B1
:10A110000565DDD5DD7F9873CC2B5D2EEBA80F0197
:10A12000FF561B70BE3DF536537B99505EBC25ED46
:10A13000B66E0A540A292A0D8827F217A84A016424
:10A1400071DBD6852F8B38A47AED1A8F12A334A336
:10A15000B7F625D78EBA564CC3E015AAB8407E7222
:10A1600064E15531CEADAAE0C2EE1371FE819A537F
:10A17000255D952974F88839069E9106C81181E0FD
:10A180006E59CA8871369DBD44E1A0D4AA313865A4
:10A19000F0C03758709A0D1A677289670AA9901132
:10A1A000A63D9C4DE6B1D346D84AFC5D298C328D44
:10A1B0005A962DC542DF8EEE0E707DDD98412479D2
:10A1C000A89986F30C917C9C0AD3D6DBB3C8B35113
:10A1D000FC3DEAA90943641D1A4AD8AB36E49AB695
:10A1E0001B4F83C75B945ABD0EEDCCF1D9635ACA9D
:10A1F0007276A0D9D25C2C263F370264ACD27DD8CF
:10A20000D9A6FB30392A8134674DB02BCA9C8EC148
:10A2100051ED75F4E1970D416369774A40CBC21463
:10A22000EE3199ABEDDB47096E0672FCDEB2DDADB7
:10A230001A9A0F23A4AB39BA85E496B5C2BF96D15A
:10A24000E17D314D402A37F34D8603A5886D386195
:10A25000D591ECB9C43767D20773D07E28699719B6
:10A2600071872BC6F55C82A5905B1BACA307AC6520
:10A27000FAAE1E1A4C5A514ADD95647A994E8805F9
:10A280005EE96D6759BFA942CFE62391161E976A12
:10A29000210119391964874C5E5B4D60A892124503
:10A2A0006FE249CD4A0AE9FC55E67184A41EE47DBB
:10A2B00067788D349A72DACF87B0986711FDC61A25
:10A2C0000E6D2B7F6C8DAA43B5548144F068C3C1D9
:10A2D0005F978E1A90C659BB67495916AB683B44C5
:10A2E000C94BE0B068C758BB50D314FE6DC34CB720
:10A2F00090C612A754253D46E907CFB1ECA95DA24F
:10A30000850E3C2E3E0AD46A66416D984F99B32A59
:10A31000A7FED94AED662A95DF8A51C9F31018AB1A
:10A3200034AD423F9390DB943313BCB66D31E945B5
:10A330008A52E3735640A67FA9511FD9CCF6C33B7E
:10A340000A627E572367C6B74D2634626333A0C7BF
:10A350003508B9F04C1A070936FEE7CAA920ECF80F
:10A36000B6947C18A29CAA16815F621A3709D6C8D7
:10A37000276B59159E9B206C365E54612E7802D156
:10A38000FA39C07A2B8DE61CFD6170C60033D03FD0
:10A39000784648F5C124A681E3D134CD0B18A050EE
:10A3A000BDF4787B1931186F12AFC03F9A69CDD1D7
:10A3B0007E93329F373F8C6AF0F9484B039B4331C1
:10A3C0006BC5BD0BC22EAB52FEF1A4EC8CE814A9F8
:10A3D0000AB74937D38F3B16373107BDCD50C27B03
:10A3E0000E10BDBF9A12220C0C46226BA3CDB230C8
:10A3F0007487FA4FE475454C8F1DD726DA1B249AD3
:10A40000F671BF09F28448C36643F2D30932B9CA70
:10A4100063C2ED575EA039F9EE741BA4C35326F84E
:10A42000E69599D16340BDF87B9F47A23D56F08DDC
:10A4300013047CBDD956D351100CC6DD5E6751386C
:10A44000DD70FF8DF47A22C22B979588F0C0170C2F
:10A450002CDE9B8ECFB6F66679FFEBAA1A3B9C16D4
:10A460005F4C655270E14192521189E6110B8230C6
:10A470004886BFCEA4132FE622A443E76765768EF5
:10A480008997F9B91F16B602C0562471365CD041BF
:10A490001AD3BB5232EEFAD9E727BA773C91D8B932
:10A4A000370CC18B65E8E3B4AAC32C253B0F99CACE
:10A4B0004606A635100631989E8E641BC6B152EF33
:10A4C000B368FB3A8F633979D38B021C87CC420285
:10A4D0008347F88294672A7CD5361C93C7615CC693
:10A4E0006B43F1F1D707887DFB3C3F3B2360B29F74
:10A4F0001E26FA93A1D7E7EA3BD8CA1C7887262301
:10A50000AA246CB205C8752B66A54586A5909DCE7C
:10A510009D018404CFC7B46369D0C513B04ACC9DF4
:10A5200032B4C62BE629AC99826587806FB1896AFF
:10A53000BFBA22883CE604285BF477A85B90E5026A
:10A5400046437F81D171556241E744B658DA0B82A8
:10A550004D5487FEE1E7E77234ACEA2EA0D5D45F14
:10A56000D323205EBE30EA59231AE4832ECAD13E9B
:10A570000AA1A36600503FCEE388587CF28490B0D5
:10A58000029A6B407038946040F8B3F0047F354A0B
:10A59000032BA4CC706001D38E64219D2B7A9E7412
:10A5A000DA483443429441F7668DFBA0ADACB8F372
:10A5B0000DE05438673BDA36EC6647080C4F7454AC
:10A5C000A9010436C9CC80C50569FEB0F3B90B02F8
:10A5D0002202E5B6E05A7E86A2402564934F4DBD27
:10A5E000D77952E80153115906A0860E9577BC0918
:10A5F000DD1DE5C582FE33E8D46B1888815FF3DB8F
:10A60000A2CC02DC44C158EC28D9DDF5878B16B00A
:10A61000EFEF5BE29DE0AA56E5E3336F20CDAAD5CC
:10A62000BD4112BEA7ACD9C5E9808CE6573282C2C3
:10A630000C5CA88760BCBD5B9F4BA121E7516124E6
:10A640002AA65A1D75482047062112DA34C84D53F0
:10A6500025C1EE523F101E6E9487AFBAA7D05D5D44
:10A66000708EEE61BCC67FDDC99D299A41F9AF7C31
:10A67000EFA4EBE27F704E536630DF43D7F220C188
:10A6800024504CA994E45F79D7F6DA9BDBE9BFA5A7
:10A690005E49E26DD07B3245372C1710739192578B
:10A6A0004DF5231B1F2633EBE782A04DD9D3BA61AA
:10A6B0000D64A9237267C377B89E3585DC946182E7
:10A6C000C29B55BB7689938A9838194517ECF3637A
:10A6D000B1644AC288EB725B8112325C8FCBC10AD3
:10A6E000465DABC930F3636167CD61E8BC70F9AD1D
:10A6F0008BF23091ED6071C6D165536CF24421C28A
:10A70000AF502B20A8E0E8658B9032409588196304
:10A71000811864747F550750E3C764F0522EE2B588
:10A720007169679B6C525BD7FDDD5C197EE4C9479C
:10A730006A276B8F2219563F7F4A21B2532C5F60E4
:10A74000586F52C40AE567D70DBD3076FB04097413
:10A7500027D19D980D28266A84CA5F2229F6C6C68D
:10A760004222155DD3EF66E562E3E8E19ECC032665
:10A770009E5B38CAD952045D271CC7B8D0BBCFF343
:10A780000BFC98B6C229836F917E26507BEE23CCBA
:10A79000E76ACAC6E1F638A9469054410EB283155D
:10A7A000CAD0C90D8653A37A3CF049CF256199657B
:10A7B00002E7B4C4BC8922BB86E3EB1151888D4506
:10A7C000FA2733E31E69A1AF9C70C3C854AC43E1C0
:10A7D000DADBE582F35220B71E7A14F04128928822
:10A7E00052855CCFEF45A47A7283AA1D4770356409
:10A7F0005B0B5B5570FA89748F6FB10DD5B6AF38AE
:10A80000DF8EAA431B7619BA32B6DD880A3895FE68
:10A81000A8975AAF1F1E22D5F4D58A4333F072BED3
:10A820002EE7B3054A590E8DBB0BFAD766FD36E508
:10A8300083AD21DFA9D0C21997CACE0A55C6E596C5
:10A8400038900ED8138E78EAC670402BE97CCD1D67
:10A85000A44588E6F56192F79085931DC6316A2A72
:10A8600050B64D6553111784DF2F71B46EF0AD4FA4
:10A87000B653BBA44B4AA50D6D8DDC6E8788ACC367
:10A88000FBC123D4F0F27C19D022DE94EFECD78DFB
:10A890005635BC551EC548C6B80904D660BF1B0B4B
:10A8A0008BBCB7A8BAED14A9A2105E87A5FD03065C
:10A8B00001C31E32B1B0E58A130ABDAAF1D96A14E8
:10A8C000ED90232621415CA9A317DE84B562A11077
:10A8D000702099404BCF933229CC05FCDFDB1E2939
:10A8E00016F15F744A3CD2DA526724CFB72B935AE1
:10A8F00037177B680E23B2F4D1F18101A5F8831CD0
:10A900008CFC39DEFDD3115538B8AEFA5204C1BC07
:10A91000AE0E6F4115F5DED7A5A82644C3D58C51E0
:10A9200094BD2F9249540D7DF76CD0816FC080C8C3
:10A93000E2646C3CC689122FC41A4BE9608EE52F85
:10A940003466F938B51518CD3B5C785A5679A28B28
:10A95000CD66205C5CD9691C2CB91AAC6A961F8242
:10A96000E56312B54DA24CB6659E5D0536B0703CF0
:10A970004E04927847C90F531A5C2E0A8AD917C120
:10A9800077F446EB4FE035E53A23D05E30D0A60AA7
:10A99000D1F7973BAD98BFD139AAF2EEE23461FD11
:10A9A000C6D7D9C865F53105021537946367ACC9B8
:10A9B0005DB389FC44F9059DD07F68C8CAEF6E611C
:10A9C000AAB0537F676DA899E49F72CFC50564F460
:10A9D000E75335DCD997283779E999B8EE066070E6
:10A9E00096432892877DD6DC7250EE282A41EE18D5
:10A9F000EC71B2F0FC95690F8B7F6FA6121F00CF30
:10AA00006DA8FADD813E842B99B1D029D22559E970
:10AA100040233EFB53137C1D1C75420280316EB3F4
:10AA2000C9F27D8509B21EF8DDA0C094B82D37E9C2
:10AA300010F6EEC54151BD2206FB262A3088590585
:10AA4000053BB1C483349F3CC4CBDC4D17AABB1E6D
:10AA5000DFA860ACF68564AC6170EDA87B927FCE18
:10AA6000F26A75611A5A960425C9814F2B517BC32E
:10AA7000E02DB9737EA3FB8AFF8C52B1D7ECE2F0D4
:10AA800065AB7A7C5B7DD1B29A46924A54BE4E85C4
:10AA9000B6FCC0C38D41B04C83847DFDFCA4E9BEEF
:10AAA0009B5F8F98628336B7425D092588EFAC8241
:10AAB000140CDDFE3B8496E3A05F57F75062C8EFAD
:10AAC0004F3E4488CEAF0D6A55A4F3B2B96336C584
:10AAD000B9161AEE8FA2C3043F0B8AD6F14C639AC3
:10AAE0005E240F771C7E763164485E1F5B9EF17595
:10AAF000580557413EF75EB61333B9FBC150D3FC3E
:10AB0000B6BB7A80230F61DE2E03445BC55392717E
:10AB10002B54264A6A2E5F6E958CA70BA82E1C0319
:10AB2000FADF42640D1F4EC176DBCAE28A526A3DEB
:10AB3000F29ED314CE8410297181752D458038BFC3
:10AB40003A9C0CA35EBAF055B798CCFC732963F815
:10AB5000404FEC64F83C1D2B270F5D5645939F3CFE
:10AB600018EE600E0852CA877B8A55D3D816D18852
:10AB7000155B5F28A5170A5D24727E23B4A91E4DBC
:10AB800012A1C5F14AFAC00F0A9CBD7151086F713C
:10AB900071B779CF9F8DC2FA896F5A4255B995C165
:10ABA000686ECA95D1EDFEF6F4251F19B18C6EE2E0
:10ABB0003DB5B05EEA17504562E9271E6AC7CC7002
:10ABC00051FB9592A5A1BB386EB15EE9E15DA8F09D
:10ABD000B9A6109244B2E2B3A116B757096B28A1E7
:10ABE0001CEB7E400C804338878DD3EBB5DB755F63
:10ABF0000D8F564C1EAFEF213FA01558C10C912070
:10AC0000A91A22629746AE36FC163024D75A75AA86
:10AC1000FF46F0FFDEB7593462CD79171E5132334B
:10AC2000D2997D9B223110E9BFB075F1D3033E5517
:10AC3000107ADDFE97B0471343DCE00C30C3ED32F1
:10AC400060FFA127920C4E9FE4703D6720AC9CA64C
:10AC500046145EC561DEFA3232648628955A999EA2
:10AC6000C42AC3864E53856BCC6E3F897A5CEED383
:10AC700040A3601C0DCE5440AB379CAF91A104247F
:10AC8000CB50BCC6EA8807C80C5B80080D4C3592D7
:10AC90002A33C3E99CDEA580ACDB0CB409E6A30033
:10ACA000F1BC7557BF4FB7F4D687F5E13D79D65E55
:10ACB00025A672614C4BB73E44F6B32C890A96998F
:10ACC000BA4D4DC87F9F8BAC27EE3C1ED531BF4C93
:10ACD000036452CDD8C02D4FF0ED464586AA3DA95C
:10ACE0008F5FB849E08175735C62A31ECA4D50DD69
:10ACF000826F76C4F86770F29A8393E48F4B0C8C62
:10AD0000B50F634CB4895C8F3D26DDD5ADB3FABA7F
:10AD10005AA1DE3D55EF059CD62116B858739735DC
:10AD20001F35F7C926BF9E19DDF8928C3C1CE56FD4
:10AD300054523A8D84A243F13D904AC5456732A9E9
:10AD40006AC8CA520D1E34DB52F956966CA01E62B8
:10AD500056B83675CDDF156587819E279BBF73F783
:10AD6000CD74925D37065B5C36398E22C8DC6B6031
:10AD70001DD3BFB367344169F29DCB2EF06C66BB27
:10AD8000FCF64A15214C33FB7B1931D2DBE8CD9719
:10AD9000A1C6D4F67176CF2BB785D2BFE35DCAAC1E
:10ADA000F321ACF0E32E4FE23F8C5CBB1EF0076A50
:10ADB000ED500514DCF0018A76F813DBC9713E4DC5
:10ADC0005D5E14841924B208B6E240E27B8AC019A1
:10ADD0002A5981B00C4BC7B69D48F4AFF277AEA0AC
:10ADE000C162EDC90DF84DCE4958BD579D1FFD11EB
:10ADF000DF6A8B54D0D114913BAEDBA42B7E338918
:10AE000040587FD5D6C0FF3BC64007F949C6D0138E
:10AE1000690905C0D05172E7297E3D6D329010C995
:10AE2000B8123D5F1569D5B23C1F56F4D01B917C1A
:10AE3000E38B8E36941E4AE43A5AC196D2C3EC880C
:10AE40002157251C9040292CDCC21AB43F8F0623C1
:10AE50006806D5420212FE3526CAC8496F18B6DC0C
:10AE600054408E3319AE4B7A9DEF049F102DF2198A
:10AE70007A6FA700BA1D98B86B97F71E21A4B7AFD9
:10AE8000568D8D60D8EF16854899F7FFF6B09B91E7
:10AE9000C9D470C3BAE42686FC2169DE909D8A4F2E
:10AEA000E1AEE0711899806BD29D483FF2458DDC90
:10AEB0003BFB5680AC9987858C889AA09FA031ABCC
:10AEC0001A8167BCF5A5D9253CD584982AB0E846F7
:10AED000387A33C342DA7DA1E1B9078B35A2BEB718
:10AEE000193505EBDC466EB33554D1D8BE46544D0A
:10AEF00085168650617C34BAAB3027B77DCF975426
:10AF0000D14262D1FBA45DA4E68A29D77931B396F8
:10AF1000E096750DD5EA5A1BED283DB2D9B23158ED
:10AF2000AE2510BB8C7056A508C008FFA25F107735
:10AF3000E8427EFC0039EAEDE0D98EE5A55A48D416
:10AF4000001DA3C6B5389F274FEDF0D2399B07D11E
:10AF50000CCD4A3024AE1DB534ECC2F920B4B9A1F1
:10AF6000424DDF41F8AC77FE0B1BCE2FA3883BC0D0
:10AF7000BA4EC3C653F967E078D7B616906DFA1F7C
:10AF8000C03B9A286515F5289FDAC45F48DAA8A463
:10AF900015FA8DDE7FA613286C254176100E8A2ABD
:10AFA0003EE431CCB86853CA1C96B73A6A3865207B
:10AFB00022A8A7F10EB94B24FFA9B10362D8C7E3B9
:10AFC0009C31F2F66990CF545237751E10CBFA714E
:10AFD00004C10FAA1EA160CEA5B6E3BC37EF462F71
:10AFE000BEE5BEB7E84EB1BC774502B7918556B80D
:10AFF00034ECE2117336F8C4DA3ACBD9AB768FCCA5
:10B00000E0BF5E67414FB377230D28E8991EBD0569
:10B01000C81AB417A12DBCE2BFADE04237E66EAF4F
:10B02000B00B7D15ED80B4A9183B075CF822FCB687
:10B030002707E454AC02748C3E353881D489B6BC01
:10B040005B8A4B6F707399CE6D90CB9D7B1AD03617
:10B0500071EE67C32FF8556846481559EAECB111EF
:10B06000A4F1A7F33D9E1DBE451E0127A9232C3E3A
:10B07000FD2E8B3FD56C0DD1B57F3F97C449E99E1E
:10B08000200D13FA0E6A2CE62C7230FD72D7612C5B
:10B090001A19CBE5D300D2A006A9211FA9CD67605C
:10B0A0003AF4B9972AE7BE5FCC1FE0177DC2B3CE52
:10B0B000B0DA758F66C0A2819FC2AAC9C82BE1AB66
:10B0C000A6BA669A20EEC25F17C699CDF2592E54E1
:10B0D0006763D6F53E6CA74EBF1B0D497F22D19406
:10B0E000DD7E6E8F665E9C8869D41BF22F355C5EB8
:10B0F000AFC4C764E038E178EEA18BB9968B8F5E60
:10B100000FD01C4EA5A80E80084784EECEBF1C466B
:10B110002860EBD7C15B96F4F09EC1E32F20AB22F1
:10B12000A8686C4C317BE3C64CBCC28E9A50C0629E
:10B13000A96D92E24E0AD855B53090062832C4E384
:10B140000BC5C6499B3FB7FC1B5344ACBA9746FDA1
:10B15000F41BDDE8888484EDA123CA2C8F67C25FCD
:10B1600071323A327BFBDA80B2460D2FCCF4C0BF8D
:10B17000B898281ED043FCC665E019038D896DBEC2
:10B180003EB59F16CF9CAC5758E20DA3F65B9BCC07
:10B1900093119F3397D39F7E3F8A78894EC943AEE0
:10B1A000BF8EC96171366C0FB3E3115C188FA07844
:10B1B000DC19FDC330DA605C7F2A66A86952DCB610
:10B1C000EA987A813D78242F28B3A13F4E04EDC53B
:10B1D000C96BD721AC8D7F2833034696988955E9F2
:10B1E00047425B8E47F54B3DC47347E4F09B33B059
:10B1F0005A0E60E298477F843CB85D3E92145C33FF
:10B20000C756056FE21FDC7E9D70548E2296B0AD4E
:10B21000B1F4EE07A73CA0A6C212B66A8D9AEB4F16
:10B22000DFC478A46170CD1352CE8D3EF6B04F903E
:10B23000BF00EDA555E746417286A6F0B1B0D778BC
:10B2400031D6D492E3D4727288E4CD04D47A480320
:10B25000C947A4B45C942136E3ADB81E7CEBBC2D89
:10B260002100FF610DA8FEDD317F28A94F9CEB2E48
:10B27000673F9393FFBDFBF0F39F1B5ECE23B202AB
:10B280009C2005FAE3121B72625BF453754A2B0C87
:10B29000441897152EE1061E0F994D47960D2BF475
:10B2A0004773A57238E960E6FD2DD472EF06D82AFF
:10B2B000BAD6B9C6BE5CCDCFDC5F6AE2B9332B1318
:10B2C000C35220E5983503A747DFBB8C2DC5E1C7E6
:10B2D000C068DCCD68DBDD74DC14F5E6D911CA96F4
:10B2E00056F6D87D0569DA5FC85B694038A7597A98
:10B2F0000054C3E1580FF23DA9D15C2EC92B277B26
:10B3000028E67CA858C037F59C05E6E97AA28BC8E8
:10B31000BFEAF8D06CDDAE794B2B4EC11A5716C080
:10B320005F123621CCA7F152876EDD5D0931D8441A
:10B330005EE94FF3D1002218B0B7C95FC4773D541E
:10B340009D0F071F7830F09FCE6001B80BD9561CB7
:10B350008424D1E3AED470DF740626C8A1721060D5
:10B360007DB618DC9148A6E9DF753224F90E6CA190
:10B3700076743B6A8CE5D8DDB97D6235E1EEE44652
:10B38000B100B9C55117F63C0DB357AA6A03ECF6E4
:10B39000CAB80D1F0477DCF513391398AF6BBFFEE5
:10B3A0005DC69660C38B0A746A2380C7FDAE9F2B6F
:10B3B00042AACDBB171D14FCB3536D6E0FFEABF14B
:10B3C0000831443DE0BCE3A065B86182ED69381EF8
:10B3D00080824D6761D0977F1DE94F28C98FFBF9A7
:10B3E000686D5245420846A8B41401C42F6946FD51
:10B3F0001CDACD9C335ABEE2BEE6D61BD24161BCFC
:10B4000067DCE8AA07AB9E2A2EE76B8551E4039F11
:10B410000D6917666DCD8D92DB850FDEE30C7DA780
:10B420004B0EC04E52DAD4297FE56C17137A59734C
:10B43000369BF4705A2FFE5F8220C406D1B31F736F
:10B44000F97F79FBF3A388FB970CAC65B8CC640754
:10B4500069CE9ECBD44C29453657A1F5522DE18AB1
:10B46000F75EDF2524B218AEFD5B0748B04823BE67
:10B470001864D0AABC5E1F0B178690B819F18944D6
:10B4800023485430CEEE8E9717D3B6C1F56225E22D
:10B490001B3827D119CCC69C34D6FEFEEF54CEAF54
:10B4A000EB98A5F554323B6328050D2966228722C7
:10B4B00034BBC52A2190CDAE76BEB06EDE023250CE
:10B4C00061408700AD13A0F0E0090545D2DC69C5F5
:10B4D000CDFDB1707346F7FDEB22CF19F44D7D78A9
:10B4E000626B637455F87CF8A0742AD6F6F616D809
:10B4F000704AB4B6A16BD488F898283332594311F6
:10B5000065FF43AEC02560F72F4252774460C48E7A
:10B51000F03CF7655651B6E57EAFAC3204DC6525EC
:10B5200003E63F554382BC6DA6B415B2623F891A4B
:10B53000AD28E73ED577B9712CC975A11D30EBB3A5
:10B5400024444E4357AF19E88B121CFA7E235B222A
:10B550007CE8D10829E7FAEE6C1A2A760AB9FBBB17
:10B5600032811BD2307B10D8D0D32ACA0175FD128C
:10B570007541AEA5830BCAF4DB68F22A7963922C7D
:10B5800024075B3859EB8111FC0DE1D001CF9553B5
:10B59000385DA2441F02968461377C6B651A801661
:10B5A00018965A165489533C02383B5BBA012DBF9A
:10B5B0006D0139BC2E2DD9428993892B26CB4E742F
:10B5C000F7132A4F859F12CDA459BED94E07128179
:10B5D0009A8571DDF32F194CEA71B06B9ECE8535DB
:10B5E00093B3BD1FF45BABAE24FBD23BAB3D0AC2B1
:10B5F000E73077C3EF3B4F0D7CD207CE66DAC162EE
:10B6000077BD81853E55C20CAF5AF44DCA55B33C47
:10B61000F3B5066F2FF7FD204D186F5107385D8683
:10B62000BE479C1744B77A0D1DA500D638B3470A0C
:10B63000D51CE5935DBF4565005A84EF34010622B1
:10B640008923CFE0CD1FA7C7B37711D1A2F5A8E515
:10B65000063F4681ABF23D7B4C76B3B53E2A181FC0
:10B66000498EDB137B46270594AE0796F11A18889E
:10B670004883B23F7A83375AC8056F06933FA1FECD
:10B680003DBC74F20D3263C8DE6625DE52B5A3E61A
:10B690008D69FFE206D5A15F481E463E983DB9EA96
:10B6A000468FEEA3CB5DFD6EFE5D6A4496CDC7E08E
:10B6B000D0FB9F7C17229B1C6CEF97A4D32C708B24
:10B6C0004D78C5B4503A529C43799625A6DCF09D3E
:10B6D000824B3670E7608487BCEF3D3ACE6DA8950B
:10B6E000B5B44377AC710AD4D1C1C074FE619A7D00
:10B6F000B42BE6C2A90540CC102AACF1756B14B787
:10B70000F74D5870C1E288593A78BD8DD113E6CF14
:10B71000BD49C0E3AB87FC2A5E0F0AC15FAF6AD4A4
:10B72000BDFD08E8A23CA16A4AA1A4FB23F0BC8F9E
:10B73000B7AE3D291CC54FE6E080B1762FCE167A14
:10B740000C47CCFA0D572E8AE29FC7B890B2C5E6D7
:10B7500032DE32F99C41440B191B264255DB6CDD6D
:10B76000D9DE7A42D54BF8F39859D9EBBBBDBD363B
:10B77000A600D4E14F0DDB69929BE2CFDC4BADFF1D
:10B780006A5A44B82B27E813616DD6243751527199
:10B79000E5FEAFBF65EC33DB58942536191EC06F4C
:10B7A000E9A0FA6B472222E13BD2DBB91AA8C4C157
:10B7B0009886B09E2110372AF8308C11A264F7C603
:10B7C0000BAEAB03C728DBDB75F35712E984E8E661
:10B7D00021421486B665589445193C3BCD226FF141
:10B7E000BBE3AFCE02D206D859F0EB06C96643736D
:10B7F0002C498B028DE831E876474549315F89490C
:10B80000ED85DB3990D69C0C74E4F0F6FE3D85FDA9
:10B810008FD13725490C685C2FB145B1EF87353D95
:10B8200064A0CAB79DFEC7ADF7098282BE1AC4875D
:10B830001CDA8D9334E38C0B0CAD627F2A456A0FC2
:10B840004F7362E4FA42EE595C4C0FEF456C09DB32
:10B85000A9A44A3ABC650FD35D96E3E69E9E34796F
:10B860003480FEBE29F7223855DDC33615C6BBFB32
:10B870002A3D4D05B5F87E7B0462A2B957F55548BF
:10B880003C265A2E6CA8EB8B61D91AABBE6B41F2E9
:10B89000C1E5BD9E40F581DFE6618D6E97FE77DCE8
:10B8A00058D952B0BD1BF7DBF76635E8A7839D83F7
:10B8B00035BDFC273AFC2E1DA51AC181069D7B874C
:10B8C00023DEFCF1E148D0F45604DDA15BB88CA680
:10B8D000F19A728544D6C98EF18B08ED98C92FD0A4
:10B8E000CCEB4B123D44477F786C2FEACA6D6CDD80
:10B8F000AAF9565972CE2B80DFC442535859A4344A
:10B90000D45259AEAF5720A961C0BA9CA374CF4698
:10B91000654FE69C2EB564E7EDD3E635EABBB6800D
:10B9200045CEF41374D3883ED519C98BB2A3BFB5E5
:10B9300077724027484526C7942F51FCC993C3B05E
:10B940001D5E1C0D90EA72EF52FAC15F213357B6AB
:10B9500099A70B394E372C3FF3E729324875F54646
:10B960009EDE290E35B61FE707BF4CD1DC94B34BE2
:10B9700030CC0F48AD90B2B3617A2CD2603D9BBB06
:10B980005DBB1AC526A3628C2F6FC102F1AFC672D0
:10B9900002BBE5F22D80E9FD9CAA98052DCCB100F3
:10B9A0009F9690E41532E01B5C6493888AF3D8FF7D
:10B9B000D2E2DDB020E33C5BA8DECE83A01774D8D2
:10B9C00095B39612A81F9207CFBB0E463F0A3BCDF8
:10B9D000DD5A24656FA5F66119572E380F19BB740F
:10B9E0004462732B494D3BB67049863CD85507C01D
:10B9F000080B53EE27D65440F21C4BD538CCDCF460
:10BA0000C3D2C58ECDAAC187DF970BD3E7EB5C4CC1
:10BA100014CAEC1DECFBB1D7073B14489411D63483
:10BA2000916540110F086AF433E81D23EB8E5D71B8
:10BA30000DF0DBD691FF759D7938DE7E524DB9EC65
:10BA4000BA14006EF895C5FE7291E4BEFBBCED2DF4
:10BA50003E6AF781C3B03AAAB48CC194957ED908E6
:10BA600027569A26409678C63AF1238733ABDE24D0
:10BA700017F66BF03A108BE8AE4EFA482E19062DE9
:10BA800004EE73F7F384B3CF0846A310837F360721
:10BA900015F25038D4689AD0CD5E8E73FDD7CA485F
:10BAA0005E98101197E6EEB654C1A8673A6ECEDFE5
:10BAB000DB5E61873C8E561607E39F01AD140638A6
:10BAC000AF461EDC05358F514EC9CA1023D1ACB02C
:10BAD000B3BCF813277596200A4CAE6E238D4A38F6
:10BAE0000E8281496AF688C74C51BBE51A4E6AF24C
:10BAF0000AD61D527C9074135CA8D7349BC5A270E3
:10BB00001E1819DF593B2048B414662FC9AA1F34E8
:10BB100063FCEAA44E519127FADA8474A01E233CF8
:10BB20002AC5EC23DE7018724D338A6D31C0CD8C7E
:10BB300026EFD9264339F4C7AF6AA920AAA9023E45
:10BB4000058AF1B119E8D8B8192E1FC91522268D1A
:10BB500073C399804D168EEF9C68F51A7147906AF1
:10BB6000802B2D539F73049AD576B1581F8BB98CB7
:10BB70002EAE8EC85F82B3D1EC848304EA43A42145
:10BB8000C992278E288AFDCAD83C15855EE2D51E4B
:10BB9000AB7E0D8944AC1DF3B8C2F313618255BF6F
:10BBA00062E40C196D452B5ADD8620F0DFF88A9986
:10BBB000C8FF31CD82F523068E97F330BCFB5CE6DF
:10BBC000AA774DBB38354A2CC2CA39BE264EB88139
:10BBD000AB09E13212492B8C460416A2F78A63F4B2
:10BBE000C97430F3EF83208F5A8F54E5B8BF4B41AF
:10BBF000019275D37F3F17F8C60A079A9B9F8EDE86
:10BC0000298081EA37694E08F3DCFF8D6FDF291D3B
:10BC1000971F8B6A3D852A56456C15E17E7C326BF9
:10BC2000FDB8B81D4D3F941CD0E628BB9E65245935
:10BC3000BDBF46EA5E47137E84441F28AFCE877798
:10BC400088F9F1934486C2EFFBE1A51E79A8A30011
:10BC50006BB3691C0E37621E0A22E86CFC2D245857
:10BC6000FAF518AC2BAA62AB9D2990B0BA92B13B01
:10BC7000FD654AEB743100DCDE203E20AB85D6FA50
:10BC80002BEA44D20043F62D2AD63C7181F0F4A968
:10BC9000E4137410E59ED8C55F61E10949DBCE3A33
:10BCA000684FA088F7A6DF75B937F04BC7B6CD440B
:10BCB0007A30C4C52F92F0C1042F3BB098233F398E
:10BCC000A52A4A1DD250AB51D60E0E43E130671B58
:10BCD000FC1CCF7B6B7BDB917748C1076B31F22C6F
:10BCE000CB58AFE54063F3393264811DB4505BC17A
:10BCF00073C5E442D675396B61413B41C942170AAD
:10BD0000E71EACE24EFBB129D08887A986594A16B6
:10BD1000C36076A2CA3F48B7690588F7FEA28C6166
:10BD20009A83799658A5517F4749BCB4A13F7ECBF1
:10BD3000D3B6E57B869355678F96E2A3C1A6235EB3
:10BD40003CA894CD49EE26A6BCF7B9C6ACA6A788F8
:10BD5000649A4716325D401EDF25A5A57CFC44840D
:10BD60005AC2857B5D09DA4321802EAA6F2578D9D6
:10BD70005004CCE4EFFB631CDB072888B14010C7FC
:10BD80008DDD82F5750DC2F836439BC0E70C476E1A
:10BD90001A784A0557B26BC9F9A88B747A8186164E
:10BDA000C3765324D29C44F0FA5702442DD7ED5E5B
:10BDB000ADB5FEF7AC9E1F3977CB8F54448398C343
:10BDC00039CB6FC366425DB9A3BAB7F14E6F1F4757
:10BDD0008433E0BFA6C0676B9AF0ACFB2110B9C4F6
:10BDE000C21D53CC7B4D88168940CB9D650D8F9627
:10BDF000EE39B2E0E4C09C840534F9660E1DAC0F48
:10BE0000055454E54B4E728ACD5F5978CC26786440
:10BE10001970F345B838438DF201CFF1629964543B
:10BE2000A4EE526FE3ACA8A899154CA087C638C8F9
:10BE3000121D2115EA774D177D9823338E6BE88EFE
:10BE4000C1C41CEF3D32C17B8F8A6DB46AD4F3F458
:10BE5000A77F7A578F63E978DA88E42118C24E55B4
:10BE60005B5CAA168DA4768F575D08EBEDA98E2B2F
:10BE70006B5504D5491C5063A58C467304D9DCDD91
:10BE8000EB6D64A80E575909266BC1449D8B1A7B34
:10BE9000D58ED12F75B3ADE939D84F47C21E22C90F
:10BEA00037E6D8D222AC606DA690C0EF2B2F296167
:10BEB0006E5A1C1383D53898F67028E49A9B73AC9D
:10BEC000D2FF0DD5D9B7CB513D323C5BB048ED76B2
:10BED000BFD190FAEAF3418BFF0D1D98570015FA78
:10BEE000D9DDD7384BCF93E1DDA6D68DDC7CD75694
:10BEF00014F316E1679A6D7A2C4D82810B7B003327
:10BF0000AC6A051D7EA32057D1E5EEB3220092D97D
:10BF1000E63CB7CCCBD2071A6872D77657BA7D9673
:10BF200062952A4798F53B2FEE728952806589E425
:10BF30000F6F15F8C8381CDD273231685E4AF1955D
:10BF40002A255331DB0778116938FB39A95C0B22AC
:10BF50001343AD32CCA9C2F09ECC09FF7EE9E1A724
:10BF6000D3430E64ECDF66FE97B728A4590E03EAAC
:10BF70003691C21B253896679FA07D37A8A844122A
:10BF8000E5BB68B8E768DF4E4E0E368FF83734E40D
:10BF90005E7426147EEFA0373E0F5B84CB1F560BDA
:10BFA00002EF50BD3EE83BFB36E3A407C89A87F991
:10BFB00099FB6BC1CE0DE627A37D89EE16FBAFA7DB
:10BFC0004331BB4C9E05C085E0A59C30A86ADBAE22
:10BFD000BDE5E41092B1B67535E5794BAB0C86A0A2
:10BFE0004B854E8AB754A441A6775E7D5388BD9D8C
:10BFF000821B34362064583C9D7A876DE3559EA49D
:10C00000F87D08EBC88811ECC1F293D723E721E54E
:10C0100023B792FA5F9B85E8AD274CF7C97EC1250F
:10C020001FD5779F03DCDBB79E8CE7C396115C2B93
:10C03000ACE936B9AD2D96E5A78796050A69109447
:10C04000883D53617F1E2CC6DB55B1781E4171D4EB
:10C0500079D591ACA36F5F51A734CEE522723F7CB6
:10C06000E9CF0692237255035E3DDA013860ABB228
:10C070002612EE8932A1531473B6E54F4861FC765F
:10C080007790FCD62275A2FE37AA60CE52B07E1FF2
:10C0900032BB2B6C8023958222B692D2649F93414F
:10C0A000E793A04A603B5A09EC72B1914939D1BA81
:10C0B00057EC4598A51130C43F8859C3840EE80455
:10C0C00005B4EF21888DAA4E92F0C47805FAC58197
:10C0D00082B94DB65846559F5C95F26D7053353B0D
:10C0E000C1FC4F51FA88176BE495148F4E374B04FF
:10C0F0001D7D8C52A3BCF1B34E8488C5785FB4E635
:10C10000A95BB910CA2292AE80EB947BEA0959264A
:10C1100091D1E29489992E8B3818AFBB62D578CD36
:10C12000C12C9004B5C2BA332B588227787FECA675
:10C13000A763ECA85DE2DB737EA5A47965DCB29B06
:10C14000A978B6CAC96463E56A07894FD7E3C6AD63
:10C15000B78A90975E63E1DBBF39446FDC90E85E9D
:10C1600055C46A1F734AA7907F7A982A060C22B397
:10C170002EFA168EF5C673C65F86F3114D15C20EE4
:10C180008A3450B4A93E992F887E27104E91654C71
:10C19000AF50513ECA7ADF886856EDB577496DC118
:10C1A00061FED5F77DA7A9482BE0BBE7D8FDDAEA09
:10C1B000F25CF435C369966D3B94B7133C973884B1
:10C1C000DEDEAF41B7437EC099569CBBE7D0F77423
:10C1D000F59013048BD7074F869596521FFB7E87E9
:10C1E00014FB38C62BC870F4D8F4B7021A3D9C1B58
:10C1F000AB4DCAA415E4DF98CCA3EFAA09C44AA4A6
:10C2000067468DE0A7CA62762D6F04EF06E6B6D2C8
:10C2100051991F82B0EBDF34A51596BFED1840ADE4
:10C220003F1B90391AFB2FA3E33F90D7485A89C987
:10C23000CEC12517E8F17D25CFCDC882263CFDF87B
:10C240001154E50430450318708C44231CBCF0F3F2
:10C250006B4E1C45AFA9219D5217C354ED5552FF9B
:10C26000581A5C00A8B43432826B993921E78846A9
:10C2700093C8F9602E99D8DE90528D83B0BED7F561
:10C2800031D3F6825E523DA34D8104DAB2D9430226
:10C2900034C4EB54AA8FB46BCABFA68F42BD80E5ED
:10C2A00010982F4005FCE23D8CEF82C1D3F24C2A5E
:10C2B0006F013C02E14741B02264A029681E5C1E68
:10C2C000123E41306F0768C2DCFF11CBF29296A993
:10C2D000D04D19AEF58CF18C1F573963D6AC6E83F7
:10C2E000E147EF904D644F910BD28E334E125C4379
:10C2F00030108A567ED866FB8936EA9C05CFF9C293
:10C30000D7B280C59558B2B11D2FCD14B76551D2A3
:10C31000204E66246586624D7B1B6C153052E026EC
:10C320003E960540E0F6AD6BBC5E1A9D48035E3F4D
:10C33000B2083AA243B3EEED003EE98A1916B19372
:10C34000C54983E78992582BC1080D762A37354EA7
:10C35000B490C42117CD8BB5B6AFA63AC04216F63D
:10C360006CDB862CE4F247E8D1F55DC16AF37BB85B
:10C370004B0FC1E31D5502BA5A35A8B249B504980E
:10C380009131E3E0715E5C6A12EBA65B4D7D69C59D
:10C39000328316EAF1F84BB69A9ACA0576D0FC7A3F
:10C3A00064C13E22C938FA7C8E303EB019DC87B9B0
:10C3B0000A28D947D93107963F98E5076FD026F16B
:10C3C0009C09ED3E6AE46C74762113926E5DEE6713
:10C3D000990E9C7F3FA24595E424C5A863F7700899
:10C3E000E707DE4D646108028CDF03CEDCF06F32BC
:10C3F000A552857411A9179CFDF45065F3E4762DC0
:10C4000094C366AC7F7663E1EE222F018144A3D80A
:10C4100049CBE92629D177E39A83C6B285B1DF49B2
:10C4200048F8DC32B789B6F2CAE28B632B0CB5F957
:10C43000CF547279346043901830AEE7ACBC01FC45
:10C44000729C760BDE9FE8B8D80E24CA275986D393
:10C45000A812691EE3E94B5AB98B5F761E06B5A98F
:10C460001759BE65F56018DCD00F4A1BCA39A523E1
:10C4700023D1F8A244D368113857F4FEC803D5FD80
:10C4800074A72861227EB5CB75545354613E356F35
:10C490004D035770A1E50CB74A752EB99F47A5FF0C
:10C4A00088B6F571D1F616410C4B0379348C3208FD
:10C4B0009A7261C64FE97D07F6BF97E936D6668F57
:10C4C000E361D54D82E39440DBF2CDE62B071928DA
:10C4D00041673A02BD143657CF68381F61A47B32DA
:10C4E0008D454F924E9E14BCE224C7FEB65697B8B7
:10C4F000101C48FC6D1E02B597050AE622AADD65F0
:10C50000070DE274207C23F3BAA86E855DAC9B779F
:10C51000DBA171A99E61CE0F837F3AE56ABE37A485
:10C52000E2A19AE0A24B92AF322681DD6C44999150
:10C53000983FE38B0FBCAE45BBE72C4866EA651617
:10C54000737AA7B3AD1E540EA692C442B44A761FA6
:10C5500067A74581E47CE2F9AE11E20C6F7A4B6685
:10C5600039BAF0F60ACCD39F24B310A5990E1B1646
:10C57000103E421B1057D734DA312C6DB4A8F51E8B
:10C580009347F8F341743398468227BDB7E1E9C277
:10C590001430D908ECF41163A737F54C125980D840
:10C5A0009E10BDE0CFE2F67718B9451104DC0F4BC1
:10C5B000C2D8B95DFEB3D1418C353C8BAE537AEA1B
:10C5C0008F409C8945DBA6E8B6AF2BD644D9F4F55D
:10C5D000B429D00D0F60B4B22B2C6FEA30148AA5A9
:10C5E000A43DFB0B9D79433DE66D885F816DFFADFA
:10C5F0000702A00B76B31B9B0ACFF55E42C6D3D7CA
:10C600006D8868DA29A9752A9050A788443C916EF4
:10C61000E28B308D001B12EA01437137B10397386A
:10C620006907F9B68DF9203313946B2296FCC297F3
:10C6300038FDFF7DA53B04200D915ECF7D2511CFF8
:10C64000E2546768B911FC6FA1E7C4699D12586094
:10C650003074823F3FF7F3D8FD0E37D55CB4B80A8B
:10C66000337D418FC646E85A6F89D3DA089DD222BE
:10C67000BD951C0A3B793838DF53DF0059B19C1354
:10C68000A0B1988B0CBBD1B1B8A0396720DAEC6CA3
:10C690007855D591652FC9104B981753A939D53ABC
:10C6A000A89F6ED00D46E5065A6FA2F11ED4790FF1
:10C6B000CCBBB3072D805302ED419FCCA6D97B7B29
:10C6C0000D55EAE05791C19F34419AA2BB9B919EC0
:10C6D000D92601A03CA39961D455D7FDA6DE80BB25
:10C6E000336B1082B448D28567698657B28239C8E5
:10C6F0002F49339FE03E7FF4290BF01907728AEA35
:10C70000C2D42A702ED7095EC59A5D9DD4362C2AD4
:10C71000B9D7EE316DBC15D04F4ECBAB4B12BAAC86
:10C720004D07110F118A0731E7C486D47E6522A810
:10C7300022929ECFCC3909B6C43CD3C1D822B26B69
:10C740002DC0935E0BAAA7250D0F0707D37ECE3B06
:10C7500054D60E1D971D0A604A458C77474971488B
:10C76000E01FF11C80C4749CFE7A7796F7E5822E58
:10C770003C0655E504EAC11D84C6E5542F4E192830
:10C780008AD16316C972064D2F2C89DE2B67C9FF2B
:10C790002966315073EA50EF316333FE142362206F
:10C7A000EEBC7DA8AE30D97448825ED9CE881AF727
:10C7B0008D5751DB8CD8F364D0F3E66A6F9F3165F7
:10C7C000B2498AAB822B5776989C4E1BFF12015CB4
:10C7D000078B9D9A029DB68CBAFE71E9533A02C747
:10C7E00001E2AB0C93B90C853BF4122D436A22761F
:10C7F000C620471571B954ABC3312EEDAC47325347
:10C8000082111DE7ECCF42F0D26C5772014EB72374
:10C81000DF4B41C5E17234C5729B4B4CB2B9C28F3C
:10C82000208EC6B49DB0004B6AC2EC17E74D7B8CDE
:10C830000219105EF1E7E602CB5793AB2C50B360C0
:10C84000CBAD21E878789BA096ABE29D07C55CDF75
:10C85000820E01128089380B9BEFD6A8FB20CA0FED
:10C860000D724D1696529C0889299BD74042D89C40
:10C87000F0AEE2844776988D1FABBE435F9710877A
:10C88000CA5C4A9CF58DAB647315962AFAADE35BDE
:10C890003D699D19BFAE341FA81D5048F7CAB90F96
:10C8A0009F84A5E86CD47F7D0718DA73B8BAE6FCDC
:10C8B000BA698AE56CE6985A358675B2DB0BA42511
:10C8C0008974D51E1B5FC20DB761697E199B0C3739
:10C8D0001DF4BF6B1BDFE3E389DEC9343D61EB86EA
:10C8E00094FA4660B61D51E0F60826B82D3B73F267
:10C8F00048978376C76D898BBF878C885F10F4C299
:10C90000F7A25C24810128B6C951287DDCAB0A9AC4
:10C910004FCF85596E9790E52C8799DC061C68B53A
:10C92000BB5D3931D524FF9068A50703338625F018
:10C9300027A00D5EF8603180C812FBFEE0FFF58491
:10C94000C0E9E25FC7C0CCE8D4BD1ADE33D21CDF39
:10C950007338030D0435E4E8B62B57EEDCE5F6C278
:10C960007A34FBA6CF4AC1179BB6B41679AB54AA4A
:10C97000138B3EEAA417AA77FD2D38A3DF85381361
:10C980009A856641C8874FA206A2854F1772E38336
:10C990006F22AFC50E7D6AB70BE7A0B39D3F5877F6
:10C9A00003F47C2D39B61E416508CDDE02D73AD39B
:10C9B000E82D8DE344B9D8FF4D29C6836FDC91F48F
:10C9C00068056CD9C36943A4D5D7A4E4FFB74E8AE0
:10C9D0005C1129BA1C5644CB35DF6AF0A4880EE2FC
:10C9E000B3F9450E616EC6EB491CAC63EE2A92604A
:10C9F000FA711E2B573B97EE928D897A4EAE74F7E3
:10CA0000424B00241546B9AEA2647B56B750ED7E6A
:10CA1000781BB8243B8EDDD6E60A6AEE9F7B9661D2
:10CA2000E7C43A5B95BFB05FE4CFAAF2B854575E53
:10CA300032829B8EAF748784F694930CCE69392032
:10CA4000E737B2E034D63EFA60342F476096318F34
:10CA5000418374D0E509AA8FAB7738AE3E801906C2
:10CA600081F04029202C53C3033D9036C149B1B118
:10CA70002D312E42545059E234CA0F7D2B85E79F49
:10CA800067CDEBF8952A416830FEC04FBA27CA1A25
:10CA9000CC78EAD5297EFE078F28042377ECDEAF19
:10CAA0008FD29F1132A71D1093008A6F275D00540B
:10CAB0001C784786E11D14033F5D8609A78C64CA74
:10CAC0004155435892B776FA757666B25649961A2A
:10CAD00043F369CFC99AFF63539D3B104F89536D50
:10CAE000D019268D582908F039FE537B8DB1970354
:10CAF0007B5AF7FD3D693A4E83D3889282A755FB56
:10CB000055F859EFA28E24586FDD25955A158A9451
:10CB100056358967274863C78B5F356B47202C33B1
:10CB200078F6981A9F6B57AE6AACAAF6D2BDE79119
:10CB3000A53BD28D6EF6A53E3C5239B6AB9A83B278
:10CB40009B20B7083FA05EE1F46F72A26C0E97B90C
:10CB5000217F183CC692AB6A85DF3EF403B3843D67
:10CB6000962CBC07012F5D1DB90EA7AF98A271C00E
:10CB700068F55A4431E75EA2152350426051D1BE98
:10CB8000CC23B9748DA99EF5BE4B95093B2B60341F
:10CB9000A5366BFADAB4860F16E4A745FDCC6359C7
:10CBA00001F704093D6952EB9DB682956A6C1756F0
:10CBB0001C747EF831083A7363E479C5D449F307ED
:10CBC000256267DF218912C44A76D5F198D83B8562
:10CBD0006D755EC2449DFD0DD0C28A8AB83389024C
:10CBE0003B96F5C057DD2FD0C242F7DA3E4AE36EDE
:10CBF00014D7EDBD8FD69C8737C0CC100C8300773F
:10CC00009FDAB374E4DFF1BF77A61534C96B4CA586
:10CC10003DC34FD375FCCDAE68AEA0F29569981FA9
:10CC200040C6D579995F71998A0071669ED37AF56D
:10CC3000FA5074EE84DD47C392D3584FD8D01F5DAD
:10CC40002CA1BC7CD9EBADE66120731CB8A0868119
:10CC500009A33385785EA4A7B11D76F06D912614E3
:10CC600032FC8DC6B2386F104EAC3A32DA58F1CE83
:10CC70001AF88C9406196A38CA7A1E3EA13528B073
:10CC8000F472C9DB0A3E16339A90ECDBE484AAAE58
:10CC90004F9803BF7B448AB60FB1B7819F53B71932
:10CCA000E441A85A247BF4C7544D31073CDE69D4D3
:10CCB0005C7A1A82165EF574D4CBFCE6723C7E591F
:10CCC00074122AE500C80CB94E2EB9884EDCC69DF8
:10CCD00009C433C67C20670CF94B00BBE4A1AFBE8E
:10CCE0006ADBCF2CE4EEB9FFC1C2F9BF05C6EF295C
:10CCF0001D6D1D342DF7CE6A3B5F21F2BCE345B9B3
:10CD0000A9B361AC10AF23C45CFF45862F4AE3A1F1
:10CD1000943FCB9648F701E4F63C7468428F23D0E9
:10CD2000C494A2FA7D460441AF3B649BBCCF185A21
:10CD300033E7EDB5F819B0C9A6E978A996F6158AD2
:10CD40009C0CB282090849A25D50C84E676FC3F4BB
:10CD5000CBD29F2F2309502704D23D6F0C651E04B0
:10CD60004B21B2345B03CA375467BDC7D972146F05
:10CD7000641369EE747F1DDA28B02A1CC5C75026DB
:10CD80004C6095AB158FCDB7D24847DDD302D1CBE0
:10CD90004EF44ECC95D8D324721BC3CC9A70213557
:10CDA000CAEDB2C1AEA285A8638752FD77A27954BD
:10CDB0003AC78C3FD5A8DD6AA2715D3EA28946B014
:10CDC000767CBA1D24915CD56662E25A28333CB168
:10CDD000992F3598BAF75C01EB9031B677A1107FA7
:10CDE0004CD70900C2A99DE443B7D91D2DDF9E3061
:10CDF00078CB33811866FFE59B7873DA8ED7B55808
:10CE0000459154F2A31434E51A21913C1453504631
:10CE10007A57C989E09129EF79C4615CF7CD3B7AF3
:10CE20003CD357CC95C950DB118286F7590B58A6D5
:10CE30009D9DE9B8ECD70D1562082D1DCCF5EBC909
:10CE40007236F326A66DAD85DD4304B91996FACB8B
:10CE5000E6AA77478C8807A4EAAD93EA3320532AE1
:10CE60005499E31A02C9CA0A8D3C3704329450FF20
:10CE700079AA076241F0E23437E621F938D29D05FC
:10CE80008FFDFA1A00C9E1B8B64A8E4C3A5FC64027
:10CE9000F55E5B551BDD961151BC147FAFBC0018CD
:10CEA0003E17BB371B87849678A67D44F1BD8AB0B8
:10CEB000F40AB9634233BA2A9822F352609340A825
:10CEC000C3FBC02F4F9DDCF420D0DAA9F3E6B1B349
:10CED00020D278FC5D515957F408ECACD3EF7F1F9A
:10CEE0003D3050837D739BE307C1910EA8168AC025
:10CEF00015077FCC5F93BBA752ED527B65045FF7AC
:10CF00003B97546315A1732CDDCA36F4C387BFC2A7
:10CF100024312629001CD91498703B4916281C2757
:10CF2000344E1EE3D35CB95D297A3FCAE6C2C821FC
:10CF300060D74CD6A15B7AEA8DAE785CE878BDC943
:10CF40007290A56FB5103EBEC6F4E6FD0F815792F4
:10CF50008CB38E6A7BB62461EB20196EC0504B31C6
:10CF6000B6BAC1B84FC4518FD772349706CB23B825
:10CF70009CABF2D9DF2560E4C4CD5488A9F06F8D55
:10CF8000F77BFE385D895143205ECF6623BD138554
:10CF9000B1FF33700A12E4FBA185808B7001DB784E
:10CFA000D936C91A2CCEC3D041CDC4D8DB75FADF2F
:10CFB000EE7C6F0A3A6F35D1EC4232F8DA01BB539E
:10CFC00040B718E19E501DBB5C29814CB034BF1C9A
:10CFD000F1717D5ACC9214285FA943127D911411EE
:10CFE000C7D0A4DBEAE2ADBAA46929385CD0865A7E
:10CFF0004D32A215511C3D67DE594C56C177F0A940
:10D000006485941443B277212724A1DE0B2DA63327
:10D01000F959F6B60810C8860E2FED395B0E974504
:10D020004766B60AC9FF9C9C2D4A69FE4ACF085B39
:10D03000FEABB8318241258060AAEE46434B784969
:10D040002701C988505EC87633E7CC81D32DB94912
:10D050002CC289AA2D63E858E038EEF408FD660F6B
:10D06000DF1BC58C33FC0EEC09367AE362991E9601
:10D07000006CBA295B6FB30137825516F41FE3BE0B
:10D08000908763EE690665379A3EF95BD31C2A36B2
:10D09000C0E6EFA19622FD4BF03A20C276C25BDCDF
:10D0A0003A1C58F03F42CDF2C0138C074855D005CA
:10D0B000A154307AE060DA54F42948B04711E0E72F
:10D0C000D045D46C2F484C096C0D39CAB22F1D7D48
:10D0D0003EB39AC0DE8ED735065CE351C485348CEE
:10D0E0006AC2CD07AEF3BE30E63F8D810E70FA55B1
:10D0F0006821323F4DEFD261486B521C9DC9D98DDA
:10D10000A99427C436CDD7F53A1E81F925E2F6BD9C
:10D11000CFCAC026EB00E59189CBCC70ACAEB8E0AD
:10D12000DBC2B6362C0CDD2D7D0F477B7A16025EF6
:10D13000D47F1EF72F05047EFA80226F03C04DFDB9
:10D14000DCA968FD8E21FA0ABFF70DF9942AF616BC
:10D150006F59862BCB3C365DAB8BD0CCFBE30EA45A
:10D16000532ADB4A2AE600D7A5A66FE19183D9C5E9
:10D170007CDDE663E71D1D105BD99637D922C17AA5
:10D18000448B41F2753370A5E01477308E27469EAC
:10D19000748B233B7E0132E60119D499D24118D217
:10D1A0005A51FB064F1ED4AEAF0B678289450AB2B7
:10D1B000C7DD90CF433E08FDAE884352A2EA9C1BD8
:10D1C000992E275CBAC205C66ADB5C9B8CB3071636
:10D1D000500121B86694F86B861F38D2DD672DEEBA
:10D1E000288C614CA3920B6966359C662B0E1EC27F
:10D1F000F84E2D1D149C89BF77F81CB4FDD5A4A44E
:10D20000A27960C5CEE77C0BDCDEBE2D21BE9DBBC6
:10D210004FE2701EF1A22C8DDA375234EC52D54910
:10D22000379E312CB0122140E91181B69FF2282E91
:10D2300050BFA0DB20F8A17175CB019622385FD1D9
:10D24000042FAECE70D2B91D8CAE0871A8884F9F46
:10D2500001F6462EA8F7E8E9ECF8EEBCDA246020E7
:10D26000C7010CDB7A673B673CBA8832E79C6943AD
:10D27000C6BFED4C26D8B9B46D73DB43A69146CE3C
:10D28000441D050B88BA8C213AD614F891E8D68D46
:10D290000097A03E262D24A4555F50056338E55F16
:10D2A0008515AECDF7EC81315174E2256F86648926
:10D2B000A43BC9EA1963F9144EE1B2B9AA3B8855F7
:10D2C0001CCCFEAFD403D525207249EC986E27F212
:10D2D0007A8A041F3D9AD71118591C4CBA1F6E2523
:10D2E0007D56685F4303A0486D3663D4F02E0DA3CE
:10D2F000D6DADDF1E9E0FCA451321A7A6CF44D1073
:10D300000334AB0355A08624E29D738F05E5D4FC5E
:10D3100046EFD014179CAFC2423174E307A0E995E1
:10D32000BBDA25E417F323FC753224EB7E8A26361C
:10D33000BC7BF5BCD524286C61CAF7DC12EA837586
:10D34000FDB7BD23CF1B4C14A244A976735FF31B1A
:10D35000D87A8585DC3013803FA5A7E28F8BADDBC3
:10D36000796220FB1E221E82568F746BC7ED9610C9
:10D3700027E7151FE475AE7B1175A09EF8ABABF6E1
:10D380000CD1273D6C7DF268A6F536C57C8ACE4669
:10D39000D1275F3CD0E741A7DDB7C805CE72BFB249
:10D3A000654F726D7854DEAB00601EDEDAFE838955
:10D3B00035A9B0083ED0158B4910A0DA1ECEA1D2F7
:10D3C0002AF6FF23F49B753D8F80EF1D40B00CF5CE
:10D3D000B830B77163AA6C6367D2428D3262ACAB6E
:10D3E00035D2B5DD99D8E72AA9D18182EB420BFF6E
:10D3F000720D3505A47D8D0E6A532657BBA3A30C71
:10D400000BB617B9C7F58283220C4E7060BBE5F9E5
:10D41000DFFA39B663BBE88C42CFF399CC48794741
:10D42000B0F3CBEB2D6F206432D4B91C0B7F4BF1E2
:10D43000AE5A13EAFDCF96CF9E69C11A5163F6B575
:10D44000ACA3779857557BA768E1A1D09D3ACFE769
:10D450002D2CC0BAA8C2842F46FA43A470F32A4EDA
:10D46000FEF7DC30536F09820378ABBBF98703FE0C
:10D47000012E9EDBEB3D21431F19AFC0FE33D4E2EA
:10D4800050AE7B84B1898CE8D017A7353B4B9FA861
:10D490000FC69A5F32512799D076BD66CDD2678D7F
:10D4A000D2CB5ED241895FC41FF8FA61AB1FBA8A42
:10D4B000BB8CEBEF17FF614D261DA8136A3B9FDA6B
:10D4C0002FB7D07DF6662E77E40BFD1D15920CAFBD
:10D4D0003B99C2943D24B3480FFF8BA7973CE116BC
:10D4E000DCC9016A7779819BCC59F4F7FAF2AF086D
:10D4F000DE6C004F1FD42CA8CB048BFABB11D9894A
:10D5000033F0A334910FFA0167F452A60F46460A8E
:10D510001A71FD93EB07F1E5B6091175773A1EDA3A
:10D52000A0D40C94F4F1C3682C44093F3AD6A62E3B
:10D530001B826C3E681D97A24BC41FBE1450058F02
:10D54000258C916D46CA61E124319DC037E91907E8
:10D55000AAD3B4D26BC92696EEF32DDDD3908FBA41
:10D560009EA8051F6F1672D64C241B146A8C346A51
:10D57000C3CD6F8B54E5D78082EB6ED4DBED059382
:10D580007054E99ECC9E6BCC339E792CCEB33A2D51
:10D5900005E1D1EC777B8AF62C0482104B0FA1BEFB
:10D5A0006733215E16C1CA372B11A3D3DABD0F052D
:10D5B0007817A0D3B0ECC4C078DE072784574A3769
:10D5C0004BA0816384DA1724648026DA7D661A937F
:10D5D000BE2A2EBACF34C12F67E6FF6057066CA76C
:10D5E00050B441FE5B3F8BA5B47C52893F49BF7468
:10D5F00028DC376E63E2905823E1FB02513F5874F8
:10D60000FC9C2B3610E0735B6FDA56146BD0536DB5
:10D610002A4B96963734FA8A9ADFAFB762C898A237
:10D62000C534663C30AD7AD6A7B26274116A14C7AD
:10D63000F1CEE6AD5BD60834E0B328AAA9F099BCD8
:10D640005F25351171C432A0D58D835C0FCDBEBF6F
:10D65000B63834A54CCDCFE4F2CCC94998BAD78CB2
:10D6600079582CAD916BAC82C0468DB53BA277BB8F
:10D670008E2FE0AA433AEF138A9CAAB9A6E0F4C71A
:10D68000C06F51F7550A670C4B28036B478E841007
:10D690002B22D976BF1687D354BB1D1B4EA644FF41
:10D6A0004A3010ADF0E9B260DC82E691128239CCEA
:10D6B000D643337E6E7FA0D278C3CE9AAA5B5AE05F
:10D6C00065B79D3AAEC52BA34E35E80B92560C9527
:10D6D000393745801B5F2E06AE0E5BEB87FC797BEE
:10D6E000D51F9A3D87FB70ABA8829E3A6417F1382C
:10D6F000C10BD00A4E6D9B88324BBA9C2CBCD07E9D
:10D70000A4BA3144B6CB1E7C59E6F958213EE35009
:10D71000D5632967C372D04B3C27F783C2EA4CB369
:10D72000DF9570B876CE0EE964A47BBFBA3CAB112E
:10D7300083D80CD28E30C9EBEBA4CD1582C15386B1
:10D740003CF66AD27A238BBC831A559BE8A06F59AA
:10D75000F3203D76BF769A794DA0DF2946389CB7F5
:10D76000674CDC53527EEF3E67A2532E71E409E60C
:10D7700074A14198161FA0E25ABCD951D6E87FCFB8
:10D78000AE3AC245A57BCEFACCD741C54AF6CBCF3F
:10D79000E7E6B716D71F8D831309FBE700F6AF192D
:10D7A000DB5ED0CF927E3642C6B2F2995A3588956A
:10D7B000330ED79F251FC213E82E30F9C949936A4B
:10D7C00071EAFE478F9117363111630192CC0C70CC
:10D7D000922F0FD9F2D8785CC961703E0C19055BA5
:10D7E000BA3D3ECD93B94BCF1D06EFFB0543432118
:10D7F000E8F8083F8EBA36CA13597820995054A3D6
:10D8000023242BF26E00C228127730E09393BBE4FE
:10D810006E215788187202E474C57AF4E02F86E30B
:10D82000CC82C8B32767073881F486B565C03F6FDF
:10D830007FCAD7DF2FD451403F2258F7253977864A
:10D84000CE385F5C5F4044BCFC558B846EAF488A29
:10D850000B0C53D18C234849B7034459467C0071C3
:10D86000755BDA59A8EC9E2A58A2DB25FBF3FA7403
:10D87000E541AA46C0D559CF83018B2BB6DD6EE4B6
:10D8800035F6ABBBE2B992F572A03838B0C087D795
:10D89000E4D745952AA78AD60DA98885B2471A7775
:10D8A000199DBDA085435F16FDCBEA6EBAA8C2994B
:10D8B0006C6B510CF61B50D3889853BEB3FE4C31A1
:10D8C000C0B86217F7FCC9FC191E272AA6778DEF8E
:10D8D00088C15F8DF27BF7D043E7423E5790BD1081
:10D8E0004328D2F08DFF19B1379C6CC8052DA4F3E5
:10D8F000DC7B3AACC4143049F4DAADD58B44F83053
:10D900007CD54B2FB26B9EA6B93D76B3745A9B253E
:10D9100004FC703BF95C1D0B447F2F4EE27BA2A7F9
:10D92000A3C54EE966B74B7340B338AA76994C1439
:10D93000D58FACDD50B8C40434F44AF2702A55D007
:10D94000813FFF98F093067D517BC762F41D24AEA2
:10D950005B7F7FD084243972B27E957F3DA511AF65
:10D9600045F76901FB30AEADCF060E4F3CFEBB0F55
:10D970008AD05A29A7ED8C9380BC0F0F34FE9453A4
:10D98000E7B6DD6EA9617EADEAACD98423ADE4795A
:10D99000E6DC801090D649FCC8EAC7B6CFED62A499
:10D9A00063713DD6CEC7878AE7EF82EE5D2A854751
:10D9B000F0DA67E7FCEC9D904F9248DB1731EDD62B
:10D9C000A7C18F5267CCA86DFB68B140140F18C770
:10D9D0000A57191C865F5F2A54C093EDAED5936C2D
:10D9E0001576F70B114727B6E7E15FA326FE87C040
:10D9F0009FFBD35B93366DF35730622090AA077577
:10DA00003D0708441ABD055D2D5F357DE75674F866
:10DA100028CCB6180B5FAC8B3EDE388A16CA6C4F2A
:10DA200099993CE9EA36315F804F84021C846BB4DB
:10DA3000EC5B2A20B864081EA8680149A64B962012
:10DA4000D3B3FCEA421B33BBAA35FDD00884E1A264
:10DA500037506A35C56EE46EB5BE4E6118B6B97EF4
:10DA6000063461D641BC572445F211639D548AAAFD
:10DA7000DFBDEA2DFC6FCA7B12FB8DFDE7BACE0A33
:10DA80004A1C3A80B3F818B4340267AB9520D5EE3F
:10DA9000887D29A2AEEE78AD98228041B3F748F296
:10DAA000256EAF8B7F1B5298F60184916D39837779
:10DAB00013A1337125524A7A936941290A8580EF6F
:10DAC000B5FCA5257FDDA7FB6D5CECA53A281EB251
:10DAD0008BF5A8A1DE530906767231861FED4F152E
:10DAE0004E37E2CA829DD84241CEC8FDE86B4F8ACC
:10DAF00050854978E8EC09097E78CE21D05833AFBB
:10DB000011C29547BA1EB822818D31A935258DCD18
:10DB1000C2167B6C8A629330832EB611DF2C6CF3B5
:10DB2000B0322A854628E04378EA6CE981476918D3
:10DB3000A0789366369C9B8BB63B4BB79685C918ED
:10DB40004DEDAB064505915A2650028802CD2303C0
:10DB50008158FE928497A367DB8658910A8E4DE325
:10DB60004473ACEBCE40343BD43547A3E087CB5F66
:10DB7000E9A675597559C95C9C7DB7DA7B79F3BA0A
:10DB800043346516616CCFE17FF2EE69B78A380FD6
:10DB900035A5DBA376AF4FC115809ADA87B1BBB24A
:10DBA0008C4A07B98BDE5A1785746A82540DEFC808
:10DBB000F194FB8DC489BC7B2ECF2F1D3A8CE03CA9
:10DBC000EACDAB1F11E86F4963EE087CA0B57B2955
:10DBD0002CC3B725725D29D23EEB373FC5363A5785
:10DBE000792D61B2852964F173934906A7E3DC4F6F
:10DBF000D51E4C1BABE894D5A233A29E48D08326F9
:10DC000067E5538A21854EB10BD730BEF95C2BCD29
:10DC100065D8C92773B2EC2F4266DBA7AF082ABAD2
:10DC20006B204D6A02B8BFEB3ED452CC62FA8E3AFA
:10DC3000799258E8C9EB94D9A0E181B3C3B82263C3
:10DC4000EDD95F3E4A043C2D24B3F7EC199F845173
:10DC5000C456311D5125038CE3DBF2A1A2037BFCEA
:10DC6000D0EF38D8946B919A5DA9018592389E6B5C
:10DC7000404ADF8E8DD3EA4CB0905BE3A3EE5B2984
:10DC80002940B6901323641C9EB475665509E00DB7
:10DC900051378E0918E6D74A159ACA4DFC6C90BDCB
:10DCA00043873B4FF910ABCD641E18EE095F7573C7
:10DCB000D31467E5946502917126CCC511A810674D
:10DCC00045D40941A82735EF16D92F8C1C7F95D74D
:10DCD000D0394E2A4050B858A6C4B71A18165CE876
:10DCE000886CCD921D50E2D1C08A1453A1CDAE896B
:10DCF000FACB468B62F9B51AEC5A89CDD68EF91C4F
:10DD00002A5BEB3D261FB05080AAF191A9F5D801FE
:10DD1000B3034870B34542C5D6CF4ED761247CCB00
:10DD2000C8FE3E550293CB4AF2998AB3C20987A72F
:10DD30008CAC293DAE1DFCF2D4C8CFBE190AE63228
:10DD400058F9BC76D7E6DE1218627D3405D47AF332
:10DD500099023CB9BC80395397508116560EA134B4
:10DD600047A863838F8A7094D44D26487DCB2B348B
:10DD7000611058AF34742F50DC088618EEF6CDC40D
:10DD800071B8F369B74095388932A2CDB05FFF22F0
:10DD900069DF8D04AA6532124E709D3178BF4F65E0
:10DDA0008C7808706E9D8C3E8A835D882D2943A8EF
:10DDB000743563D13D757D45636F85074158593092
:10DDC000F92BC97F45D15B4ACCABF8CA47F25B2E31
:10DDD000A234F66F5F38B6A47FCA2562117B16A8FD
:10DDE000EC57C585D4731870411ED6E0A6A8DA3169
:10DDF000BB385958151AC786E7477BE09CBE0B0F06
:10DE0000204DE355ACC6573EC47F91355B536E52EF
:10DE1000563DF5B34842777919F80094C10050ECAB
:10DE2000AD931AFE11401CC45DF0458217F6E4F272
:10DE3000AF09F53E3E579E0A5AA175BF7CB7C4D0C4
:10DE40007A078E7EE30B0AF8523146B76C29F8A5A3
:10DE5000150C39B9C6EB2D5911059573A173F81A34
:10DE60009BE1DCB080E866BF8A8BBD3DF941948CB4
:10DE70003D937EE38723F3EF4A362318869C492F90
:10DE80004CFE930D51537E62A35CFB6F7B38947AFA
:10DE9000F0A3EC6609664FEF1D74A82EBA7D99F1C8
:10DEA00020C842391BD11EE6E672F8D3799C9AFD50
:10DEB00080D2ED94E52ADF35EB3F4718AD41BBDB5F
:10DEC00097E09B43BCB28C9F497E5EBF3242F8D73D
:10DED0006168B6BCDA720BD28894197AF37C972801
:10DEE0000C54CE2AE1F6DBDFC2D5FD9DA8B1874EEA
:10DEF00002A3C0347AB5B8C2EF0BAD88362707123B
:10DF00008909E1B0228567E58EEFBE5140F3CAFD75
:10DF1000E725A16F92B30E5D17A997A4B7213A1F09
:10DF20008F30994D91D39D12B17F0347EBBC9395F0
:10DF30009168AD8ADADCECD510DFAF4D2C7EFBA505
:10DF4000B9615A5404F4715E40837186027D4705BD
:10DF5000D984A6B8A8DBC41405F1A26D87F8567E53
:10DF600048AA157E8E9B8A537932B2A63D04AD65D0
:10DF70001B963760ACF4322FD427E940533403CDDD
:10DF80008D8AEE13015BBE805E05B179DD00088AE3
:10DF9000DFC7516C45738D6CE38E2FA007E102291A
:10DFA0004BA0ECDEE9E5B4102CD3937A017683CE56
:10DFB00098634367B7464386892195CF57CECF8F65
:10DFC0003A43229ED195C3DABAE25161780112A197
:10DFD000074569831A5D8414302DCA97AE828C532D
:10DFE0003679CEEF6B238E254B5C26579B63E28FF1
:10DFF00018A484B6D974FB8B18E3EEAA8858C1B86C
:10E000002371C80CAB29F9CFD7C31EE66A7565A783
:10E0100070702CBD7E39105E8BD882234BB6F7F61C
:10E0200064D8E0338A0FB11F2D1D303BEBFB9A2BD8
:10E03000AF1F34B1C02957FB2FA97D04C495432AD3
:10E040007016C1E302EA996662DFC270B1D0857BC7
:10E05000B111C91971F49A6D9C094D482CCB361138
:10E0600008D7C33DD6B092911BAABB51E3DE5D54E5
:10E07000DCBFD61A80F7FC5E93BCD1A5EA1E4174C2
:10E08000B28D7174C377534EFFD64004F302999E4C
:10E090005088BA096B31C0922C682A38292296C759
:10E0A000903269EB84DF75DF7637C8BB73B29803B3
:10E0B0006D31316D1882D60D5CECFDB3CC27F59E29
:10E0C0005163A9D4576FB98BB142F6462260AD10A7
:10E0D000C41257913808E21CCEE8C903958F2E1F51
:10E0E000793D4E491C05A674229C80D057926C8DB8
:10E0F000E55555AD6A056A4A406D81E5D31C65BD9D
:10E10000720CE912680319CF9C28E03571D4A7ADD1
:10E11000EB55FED03DDD306A3D00CAB467144F5365
:10E120002B7D0CC0B4A6F27AE0E9E40D543A8A11D2
:10E1300078B4853F05B831BA9CA18D4784A998234E
:10E14000A7512FB8A98E44733CE0B4C8876686D522
:10E15000A524D328A4CF4814649B398B61762CF76F
:10E1600044686D2E2594747E0CF4794CE2C832FC20
:10E170001E20BE9451229FDA7842A8EF0CB5E18FA1
:10E180006233A334766C27B7348B16278DAC0ED848
:10E19000324BB8CB3458F0742B10ABEEA010E06CBF
:10E1A00080882768010521E629EE8D991725110041
:10E1B000110F41C66FB4FBA644E6E26D1002C01217
:10E1C0002AA47A47C42909334534055392293718BC
:10E1D00023ABBAB0AE127548D845EB7E22DE73642D
:10E1E000A1F2B395534B41D0968CFDD2D67F0693C6
:10E1F00059779A1B23B95392076AE51CF971194E96
:10E2000017256AFF439C58086C3F6059559A03A82C
:10E210001FCF8F5A11BB10C07619780467CBC3C7C4
:10E22000AA45376D8348B8DAD19FB1E68BECA6E8F2
:10E2300074E2A705FA28B3C9649DE06232D19C2A32
:10E24000333AD03942556CC24C61D3BBDC019E9C41
:10E250001E1E029366787584F1782C0D04BA4F8BDC
:10E26000068468B1206640F7B11B0A052CE59B4384
:10E27000EA616034ADB0C017D2C59512A48B4D20B1
:10E28000F321ED8E6545B6492E0D2B01FD5B374818
:10E290002105E937C6B06CD0A3E23512810F8A6937
:10E2A000CB5E31C506A0BBAEF4574E96554E890BDA
:10E2B000D104562FCD55093EE1EF0B5E0028ED0C41
:10E2C000EB9D0F993A5DC4150BD827E9D9556F9A84
:10E2D000062F4AA0A25AE0B8D74995119F5FAD5AC0
:10E2E000E9EA6FAC7DC919FB8E105F92B0111D3841
:10E2F0009CD2D05E85C94953AC058218653650144E
:10E3000061BA82DABA63420E8F3920CC317815F8BF
:10E310006C2C4A4D10C7AEF410F7404C99435B6724
:10E32000D7D5DB90421DC37BDF69FADE1F9C57DF28
:10E330007E10040BBD936EA24C1152BABA655D8378
:10E340009D43F505B1A9FBEC46AD05F800EEF6E3FB
:10E35000796ADD00BF15FC35971DC4CEA43A51344F
:10E360007A312189C4F3CACB50DB612F23502AD7DD
:10E370000276D8009D3B20F9E9A6D24165FD527294
:10E38000DE3F9F9D7D56DFD8B5A27DD3C4D67B2DC1
:10E39000B95F2874CB04F13524CD892D65A895008B
:10E3A0009DE3000BE130B0AA2C94EE1D99290C5787
:10E3B000D6BAB7EBB5026A5B9CEA255D80B4B31FA1
:10E3C0002674D1A414A9881DE02C9CDFBF394DB55B
:10E3D0008CF3F60E2C99A2D17F6DCBDBF63AE49349
:10E3E0009C9EC127DFC58505E35134EB60FA4113DC
:10E3F000F55AE83824AF77238979306D1F581A4EC3
:10E400003C97A7B79981A56704A2C76DF6EA8ABEB3
:10E41000755D7A569B9CC54AF79D623C4A0AA0D717
:10E42000CDB2E6AA6F1670A6EA49E093D84886AA4C
:10E43000E9DC2796F41BD4E24860B274099795286A
:10E44000DDFDB0E06BC10FE71F6D23A517F3264C70
:10E4500023F420F878FBBEC4846DB2B98F6F745971
:10E460005FBC4A5324B8AC5989ADD4452FC666F376
:10E4700039AD8780563F2F2149B6CA686BD5EC99D4
:10E48000F5A703F2A5395E3550988932B399EFF8B4
:10E49000C65D55EA85BA50D098008464AD6A3129CA
:10E4A0002DB1E85B79AE0BEB3221359EA7762A5071
:10E4B0004CB11EEEFA2C832FE0D6E0A7F023A71470
:10E4C000DC2DF2EE605D5F289B136A700A4E71F0DE
:10E4D0008B04FE853647DE30E04AD7F07317EB3DFC
:10E4E0008758402F75B250335698F74014769022D3
:10E4F00003DE9F7CD06D271C1B34B5B29A366D8F1E
:10E5000085AFFC8EDB60B05A0BE8C7F3393D623C47
:10E5100035EBC954AF6ADE5F340CA04ADD44986F16
:10E5200014373CE738563BB0D977E7DD14FB83ACB2
:10E530009DDD62D739D8431187EBC98EC2B75441EC
:10E540004D44E8B183996A1F0E689DF33171E8C8A4
:10E55000D8C09BBC05193DD0F17A650254C351283F
:10E56000BD68DEC3EF6604D9F8BF2E5C1768BB58E0
:10E57000BBC4ECB3340DECE156DD54E9908C5B4246
:10E5800033F6790FA8F85DB7636D0DDCDD5B812C88
:10E5900033B0D23018733D16DAAA5EDA71A1856EF7
:10E5A0007FF27FA9D8A027B65F59ADCC7C06C640C4
:10E5B000C4BDFBC85B18AD61ACD6839BF7B6E7263C
:10E5C00007E3362178D235B28023E1B0568AD8529B
:10E5D000653BC424683ED7F6DE88C4CD281D337160
:10E5E0004B9486458D98D127C0E9C0B308EB86933C
:10E5F000D3EF1BE058083AAC3CFC44D37AB3C815BF
:10E600008E68035DF0C1635BFE132E4EF11E9A41CE
:10E610001F12E1600341A768B2EC2E2C74647EB334
:10E6200015535C060419A81A56C4FBB45B9F303E10
:10E63000EB36136163FB22B01268D629660EE05CEC
:10E640000F8F30E0DB648369AF2ADA46E1B7006000
:10E65000843F931FB23154574313618899CD0953B6
:10E660009AB81F15D1CEAB45405AD66001C0505361
:10E670001C9DC9B85006220F3857E77AA64AF551B3
:10E680004A8A51FA3E9525FC21632791DBD9062D54
:10E690002D8530AE9AE48A28F4D2D4676E6713FDD4
:10E6A000F7F60FCDCCA008A6AB5F0C4A2EAACC344F
:10E6B000E744150698ECEA6663B56AD3A214308C79
:10E6C0005BA3B0C80C1D8B563D195ABECA1A3468DC
:10E6D00089660141FDE508BF2EAD3FF38D23874BD1
:10E6E000159EA6CC21F55F7AC3175B862CD38507D0
:10E6F000DD483A5B0DCA48E8FDAFD86EF1CE4DB1AA
:10E700009EF7688BB37B60CA4219F3627A079C64F8
:10E71000B2649A4329995C2B8AA9F5D74BEB37F25F
:10E720000E9948238641070A7E357FB65D90B7D59E
:10E730000E5F8323D9554BAD511226230548F18F27
:10E740000925073AF108045EB9FDAD218EA1529664
:10E75000D13561DF3CEFA2A92F4B0E72F1AC8B0AD1
:10E76000529473CA021AF45AD0CCDD8ADF99ABC72F
:10E77000655BE5B211D5E4F3AE6BC632E95BF0241C
:10E78000635DF89D51E367F3168EABE37990EF611B
:10E79000B0AFFA524944FEA2DD46646405277EFB11
:10E7A000C803C55D4C76CB321E6371810B371FB831
:10E7B0000657AA1836DC92015EB600C87EADAD04DD
:10E7C000507EB9686DE1F24B67365F52CF613C3BDA
:10E7D0006855DC09CEF90E2134CD0BD12155C090FE
:10E7E000A801A0692DD3E53806E324147773B16836
:10E7F000E85433481ACCBC5EF4B244AD150F53A6AE
:10E800009037959E22499B00B73FB5846EA3720E48
:10E810009533FDACCD6B658854FC8492B8185607CF
:10E82000035853F634C2D3EAFC173411D6160E8CB3
:10E830005DDDFF38156248A4F2B569706C3786C09B
:10E84000142F71EFD63140C843CAD738173AC44D98
:10E850006307DE629B62BAD022C39C68CBBFC3C58C
:10E86000B5A4845C499380ED149E0B1D9CEC70D87C
:10E870005A081D5A167125CE3329913F9E6D876E19
:10E880006A4B6E8E2F283B56F2F4C003545BF1F0B6
:10E890003403A57E1FE7AFDD13E6A518B009DF2519
:10E8A000A12195533D9E70648BB86933A744D499D8
:10E8B000C94A7D0CD44BBA76B99A81ADA73AA9F76B
:10E8C000EB4FE0EAEE47D9FE247BA58647F3988E0E
:10E8D0009E75CDA2A3B90F193B0FA2F13C9FF9BEC3
:10E8E0002F9B4FE1228F46020F6D8613BD2B979C05
:10E8F00088D33EB3A3389A9C024550DF628DF94914
:10E900005C95C243460286F5A87118CD654AEAB403
:10E9100050338311BB0A65D2107CCDAF7D8333D0D9
:10E9200059F5985D349569A5AA9C8B8C0675A2F65D
:10E93000567288BF057CBD1B984DAB3A1E1B123A20
:10E940006BB7F017E652868DE31509A57D4EDEA262
:10E950008435800D05246DE16DBD3A4D2C747FDD4D
:10E960002A3F1F2BDD34C7E68DC8BE70BE7398E307
:10E97000975104E861694EE238FCC4BB5CEE4889FB
:10E98000904F6562C2009659DD6024B168B948E8CD
:10E9900022F264AC4A5ED2878CE0DFEC597FFBFE4A
:10E9A00058E9D2F145BFE167F7707DD4C1E9AD2CDC
:10E9B0004BCBB7F9874D1A4FBAD4EE0E87D99F418A
:10E9C00054A40E04E7BD0FBC4537014E5BD3CCB356
:10E9D0007575F3F1B23D0EB372456BE57A92EE9820
:10E9E000A3F9AADC7F55642D9B8738DD88D80E3EBD
:10E9F0003EDA8958298FFE09EE08D520DE0F328DC8
:10EA000055480537A8B800215EEB1ACBE65DD66203
:10EA10007206A84D02CDABC92CB5C3B2C6E8E7CF8C
:10EA200036E31214BA24B23BCB69D46958E3D5E972
:10EA3000FDC755CAE2521F685EB531FA15453689E1
:10EA4000FC09F8B712440AEAF946357D856C378F20
:10EA5000B2C6B799EDCA08A0E7B98A01A1FB93EE47
:10EA6000183B79F9F014DD0849B84BCB9513E1C395
:10EA7000C17C87B6DD3514E2199C4129679359D2D0
:10EA800076EA22F8D568EB9A0B1D8A3FB9004A79DD
:10EA90006E556FD3DBB2B1071F37FB59F0EC8CB466
:10EAA0006D93023E3DA0985E237D9F9AD44C202416
:10EAB000EF33AB9E19D80D5DF15A69894169CD6874
:10EAC00088368D65379A2EA0B5DF25A8FC009050BA
:10EAD0008272E9040F6751229F296D8F8CE1C8BCB7
:10EAE000B2263DEFE274E18D5D50133522F7EE4919
:10EAF0002FFDA5902337D306BEEB8FFD99F195B777
:10EB00000A602C800CD5F54A4DD18A87D5D929A227
:10EB100019C094BD4EA4490CB317483EB4260D7DD0
:10EB2000F9D96FCF1A02AEE9B68FABF9AB685A5A72
:10EB30005D426F7A2568F95341E9C38EE2555893D7
:10EB400092020FFA413ADBFE1DDCA3265DB7560A9E
:10EB50003DB8E2C7B1DDA35BEBDA7C736FF329F458
:10EB6000D0CFBD270880C2E7AF31B09F136FA73D5C
:10EB70000B2C03B63C2E63F63716D1B2DCD6D2C7C7
:10EB8000F9F0D5A74C70CAE80ACDBE104D5B90BC19
:10EB9000716EFB5E02F790996E9A308F86E094B2A8
:10EBA000A16C443E1A67F7A199541DADF59B444FE3
:10EBB000217B653ABE543BF2C0619F4B06F8DBC532
:10EBC00038EFC6D5C5A78F25DABAB5CF9F4578BD32
:10EBD000E631214A25FA5D12A605F0C9D2CB4F07CE
:10EBE00069DBB6FA4BCF598D29F8992873140CCAF2
:10EBF0009B7CCF84FAA17388311597B549D81C2125
:10EC00008BDB8C5A5C3C73E7DB72CECF37BD61D2B5
:10EC10006CCBA1CDE649620C5A360F167474AEC89F
:10EC2000D38BE152BC1D25F3BD585F56F9F705475C
:10EC3000368814A1472BDBD235CBA9E6FA4013DE88
:10EC4000C996EE5BBB99B7B56A03A5DA931417F5BD
:10EC50002AC18344CDA6FC39A0498B756213E739DC
:10EC6000151933DB6CD0079BBF702B3F7867D0E85A
:10EC7000D12BBF9E64CE149251CF96673CAD15F94F
:10EC8000B7A7A7B6B8004B2451B7EA64F92B06FB27
:10EC9000190F6DCA3F8D3EE56A02A20A9542B2B7CE
:10ECA0003B459F76B528A66CFADC73D57778CD48BE
:10ECB000DEB45A750A1B9B991EB02188DD96C73FAA
:10ECC000215EC67C4A2920EE1B49F5C996B3B5D210
:10ECD0001AD1966C6D49110336112556D589DAC9BA
:10ECE000FB5F387732B6333701DD0E527FF846F1DD
:10ECF0009FBF21B88B0568BF7AD650B5046373F106
:10ED0000436A9B8974042030156626AA9E8E1F10C4
:10ED1000FA3687085E7BFAE49A6D11A5EB99F01C30
:10ED20009376ACFFF95E460B9096AE7E930FA34DA3
:10ED30007A7678E82230E5013F209311105122774E
:10ED400069F8E98EC58B39110134781C6560388506
:10ED5000AC8D5F35143513DC3BB71DCDF61977A0AC
:10ED600073316215B23A5CC8DD15E25105E13959DB
:10ED70001FBE5D3F1B29A11942CA40C2B7D5154D20
:10ED80009469D68B5E89DC70F0A169047D771DFDE6
:10ED900023017D3A2B60714A5C588F2FAC76B9D233
:10EDA0009514926303C83667185D77F97021794B23
:10EDB000699B481E9BAC01BF77A301EA406ED6A1B8
:10EDC00041F0D105B66924CAB54B9B1D2FBA513409
:10EDD000B73EAEA6DA872409FA5E5B570480FCCD05
:10EDE0002891F3A82669CBF2B5141F3DDE25C66D28
:10EDF0008DD291F61E0A130FEE565387011DC440A3
:10EE00009A00EB06D620BA4EAA990CC5D97A80EBA7
:10EE100088D0584FA78A8BF0EBA35E3B59E9A745F2
:10EE200093AB41482552C8E29CE0AC2D51334D7D57
:10EE3000672322D71FE0C5FE327DCDC05415C99986
:10EE4000609B2AF6B22888948E57A391D974CB324E
:10EE5000D4A91E0712D9C6F0674B645A37F21B605B
:10EE6000D4FF1A63C26166C9408EAE6EE38CD20BCA
:10EE70005E4DC0C18F299C1D3AECAC1565D8460487
:10EE8000228AEC988E7BB43401913561506AFE9CE5
:10EE9000C978F88B03E0065E1D05969B956590A0EA
:10EEA0001EC1C460AD315AE832B65DE1BC55705F39
:10EEB000B87847012B6505F13726C1C3E1541A53D1
:10EEC000340F1A127FD0BCF119DBEED12501950564
:10EED000F1924D8AC9D7D4CCB12F59FB42C4780BDB
:10EEE000DB796D0E82BDA623F34649E1BD2ADBE73F
:10EEF0001A207022DBC1824B587E378626F37C6D48
:10EF0000574DD784993952037EE00997A98728196C
:10EF10009E9360A13A5FA61326A6E836A28285A535
:10EF2000B2D31D7820F8AEE7DC6BBEE6BA703B9C2E
:10EF30003B82974F04EE19233A8BB94DE27A7DD785
:10EF40005BFEFEA1A30539ABA7D505141A351F46F4
:10EF500058F903330C68EB632D4D24F8C63CC03BD5
:10EF6000CE21947AF60DE03A2BFEFB9BF0FD3FD5C7
:10EF7000197E7BBF604A324F1D394895BBAF0BF9F4
:10EF800049E22B11B55B227A5ECF3D21146350A973
:10EF90006A2374ACD6646BAE0FD29D1217021403B1
:10EFA0007B43934CC01F555EAA3A101E5640A09258
:10EFB0001402164CF83F1938AA188C90588CA410DB
:10EFC000AAD4B4BB14E0421FA5CFD4DCC1C8368F8D
:10EFD0007722B977028A93E1AAE989A49D9AF694E7
:10EFE0009971DE86297A7E99AD2F05720C39FAEA7D
:10EFF000DE7FE6BFB3C65A00A113A641F07314909A
:10F00000F6BF9595B54A5825297F7E969476D80700
:10F01000753FA553D3B31E0B874D4219354CB7220C
:10F0200045E463F47D571F0CAB740EA9089A07AD35
:10F03000F1F1549FA92EF1FFE38FEA789761F2A9CD
:10F04000C2406EA8C8396D9508291FA3103D93DFF3
:10F05000EA91D1CDCF6706973F31F21467990A61E3
:10F06000A69CD311BF025F9A510F2FFDA892DE829A
:10F07000D35E992E1DE0070FF718A4E98434D65209
:10F08000088D47917C25108BE400EB16B28A39017C
:10F09000E058F0E65B17A7E9E775DFD8059D23A8E0
:10F0A0007230CE7259666259957505C03108B2C783
:10F0B000A6D09348973EC6A6EFE810E0B2CFC90DA0
:10F0C000FCAC6CCAB23B83B04308C6C74362BA1CEF
:10F0D0005A6684C2DCAA495A7C9C71E0E2E15BE595
:10F0E000BA1B1223860DA6DF52669B67B516BC427B
:10F0F000D0A5975DDD46C8F3AE19C4B9A604AFC567
:10F10000B6DF0FFA11050221BFB190D1226382311F
:10F110008A7ABF8803F0985E755619DECB73391F63
:10F12000753943CD8B5C22CBFBD48D07BB39A37DD6
:10F130001A9CA525D7A73FA33A3F7EAA9EDB2DD0D8
:10F1400097830CF23C9346A2AAD7E5AE98FDBA1A73
:10F150004E7E6E84742583CC6BF2A0C7D9BA886BBF
:10F160006257A113AA7BFF72270CE695E145BF40C9
:10F1700035C2F59BE1FCB340E2CD9C160617281F73
:10F180002F371D05C8453BF0D0C9D80EEB2ECEAFAA
:10F190008AF11556B47F248A4A5DF8DB7FA5DD6EBF
:10F1A000852BC18ABAE0B59556DD81F450F69617E5
:10F1B000186B0A97C851ED5D8D81A911F191B23795
:10F1C000C32F20495372D9ABB3C4409982F66883E8
:10F1D0006D3394CAF96F0D8631993068576BC659F3
:10F1E00056D5EDEF83FD1FFE561EF8804CAB71AF78
:10F1F00065A2E6E45683E2A32CCED73573CDBEF1EB
:10F200001199EE44895E5CBFAABE914A8D4A7B305B
:10F21000CAB768BC71DA76A2E593BDC09F4E9179FA
:10F22000A0EA9374950B4C85D391D975CC16DD9DCE
:10F23000BCDD76F44E75FD94DB29F6C88CCB06E771
:10F240009A993DC6D38EC507655E0646036E4E2964
:10F25000F5038CA2EE3578ADD43F6BCBB6F48C01C0
:10F260000A576321A5C035B5311A8FE225831C14D6
:10F27000339ED5A3C31824B376DC2FF70CA370916B
:10F2800015240C118E06B7C878C56DA020A4774E42
:10F29000873695546B9E41BCB1E7B021407288928D
:10F2A00017CFBC3014D1D6B78A7718144088A65A25
:10F2B00091012B7E824428A1D0D3DD260C6C38B17D
:10F2C0009AAAEEED7F90FB424C2442B4E40F926484
:10F2D0006FA6DA68868671CE1D60D59B4512387D93
:10F2E000A46E6E657A2C51DBBD7BA65815DF6B12C0
:10F2F000126774517B9D1FFC52F90252AC0E1561CE
:10F300005454430750A3B3A5A30DE166A93611CC0D
:10F3100080A3E6A771C6FFDA768E729125B41747EF
:10F32000181AE3B948433E17FBD0C29DD88584C163
:10F33000AC1FD98F755008AF696286942BACF4EF7F
:10F340005FD6FB8C1CDC9C2084A9BAD84C6F6C72F5
:10F35000F28BAF008368A86C20F5B8EB3D70684D68
:10F36000F13B9BBE7528DC67FEDA748D47FF74DEC7
:10F3700016FFC43624BFDDC07C5BA1107635AA829F
:10F380000C37A8A6C5EF870CCDE71646CA5FFCCDA3
:10F39000B055D4B2BB89E792A1C5A7E83739354F3C
:10F3A000E354AFF328876FFC6F4E7EEFB813EF3E48
:10F3B00056555470AEE12A921F79D1431ABB009181
:10F3C000E2336643F485E05A84650201EF27E57B6A
:10F3D000CAC644204B9D0EE228F8FB9F5B2C199176
:10F3E000307FDC0F76447494981A00007F37A18137
:10F3F000880B566EA054E15EFFEBAF62867CDC0C9E
:10F400006285FEA18BD4CDC3A89EDC8BBB5A49ACD0
:10F4100061BB1223E2AA326941CC6D8EA841BAD9F0
:10F42000E579FBA42D9A88DA091BBF964AB0758A44
:10F430005FE1FDEB9BBBC51BA85B5F3172CE45E96D
:10F4400025ED5267A2AD5EC375D58708DA8A5CE503
:10F45000A17556884FB33AF8DD6E9B80701653D273
:10F460004C5E45BC8DC5CCAC3F528718B3FCB07B1D
:10F4700057AF6A086A429E5B1D95A7AE702392EC57
:10F4800028904537C6DF0D8EA4863EE8F4C7ED8E82
:10F49000691AA68C6F189B61A586F433FC296A63F0
:10F4A000D857607D41788CD0E91211B07825BFDA49
:10F4B000EEC22D2AB124FBBCF91C884258AF13A818
:10F4C0000CBFBDF492FCBC925A7798FA3ADBC61690
:10F4D000D536374807F7D6E9C30B921C21281E7290
:10F4E000DBFF20F4D64DFE4E8651159EEED4CE663F
:10F4F000D0BEE17F577D36670CB3F3CC245EABB84A
:10F50000685C9373A71C713365B185BA481CB379E5
:10F51000509D989BA14B0E2A82383DF149A7251F8B
:10F520009FC1374905E93CD720EB02F24ACF575635
:10F53000689D65CBA3518938880F73CA067A3A7ED5
:10F54000A71266539764E84FB07B493065EB06AE6F
:10F55000EEEC8648306EEFA576CEB64E14FA5BC759
:10F56000C49BB6A674D18CFABADD02DDC8B633EB03
:10F570007F7106C0848A7EFD350D4F5B33C7B3476C
:10F58000F300385399F657A4EBFC7FB83C990E640E
:10F5900007807379CD76AE78EC5715AF1705F06C10
:10F5A000465B9B4FEF09757BACF149A480EBEB8880
:10F5B000C5B1511F84EB98E4BA90DBF3D014504BE3
:10F5C0004863AABF6B5950C65B223C0AF32BE2D1B9
:10F5D000F1A7CDD256DB5DFBD3214C457DC306A5FB
:10F5E000586236DA74C4FA0EA0C4157A730A30C3AE
:10F5F0000C2C555B495EEEB6A18D93F5C20F2A4FD8
:10F600009467834878CEBCF92DBD0660CCBE551AF0
:10F61000A4E95958F91942981FC19AC3B4207680B9
:10F62000E0A22826949F48A0E5B70533DDA5848D88
:10F630001E29AE9ECA72F5EB051681C1107480E0DA
:10F6400051B7C5DAED80249A545364671A994C4F28
:10F65000E62D61B8B48F2AFE094BFCAA81C6DF07EC
:10F6600087E84DB22591105D727FCEFCF34F897013
:10F670005C5FCA09444209048E1D7B5BD16C423138
:10F68000A0C61379CD658666782BA9C448699B18F6
:10F69000E3212F51308F4EA67CF2002F4C032EDA3F
:10F6A0005EF378C95D2A029CFEB793E6A5E35BF999
:10F6B000EE47434317B4A25C4A493BBF7110E2FFD7
:10F6C000DBA982E68EE23D8C33AE17933A659289D0
:10F6D0006DBE6CD958D4D5B2DB7D7CBE064C2D995D
:10F6E000888B8371059B9AC0B8163440215F6CB635
:10F6F0000101B92E22E9A1E74DEC59363FC3E3C51C
:10F7000008A2C4B352C6C6A3F1D304CCA3F8FA032B
:10F71000315F06232AFAF23A20D853D6419DD040D1
:10F7200043E43C6716E07ECA13D500037A9449F699
:10F73000388116F9B01BB8FA530E886698B20EC21B
:10F74000EC4F6D8C96F4679D4DC40F578AACD8DF93
:10F750008FEC730F351324770C61F4BA8255ED48A2
:10F76000857BE274423246405A4979602DA2363296
:10F77000B1D825039996BF1E779A2B91A0DA18AAC3
:10F78000F370CCC5B91C1E1E75BE2D5173A3D825B0
:10F79000520132D8A93DEC8819E9321CD242CC235F
:10F7A000DBEA44375779B0C164A4C6B96228ACC853
:10F7B000BB04394B800406E2FA7BF9619228A396D8
:10F7C0004FAAAB13C3D206DDD22E001DFBD6D398B1
:10F7D00023CC0E661522C45762A47D709B61E41A87
:10F7E00073114F594D6AF09099BAC54C1DD59A9F27
:10F7F00030392328A39BFB69FE12C8B102CDF21356
:10F800000224F60E3B3FB55DB343F97DB97A7E5ACB
:10F810002065DCABB1ADF6E99E2CC7E803975C83AD
:10F82000C6A6EFDC3859BFA28DCF513DC853603812
:10F83000845730D64E359EAB2FFFA69286ED6F7063
:10F84000574770AA59016254F635A26B11E1BA8785
:10F85000CF6D10CFB796E14302278910C88C833D46
:10F8600094EF1EB129E6CAB9E94B492A8EF8842DD6
:10F87000D7F1A822D02F58D84712079EE9A05504E7
:10F88000E3D1D4DF3B116A58EC0D0029F69AE13937
:10F890007F887884EDD2E1289DB20C6B0D5502A4CF
:10F8A00032B96D586C5C3070BDAA8D17CFDC834DBA
:10F8B00035CAD12F372C29818862B863892412DD9B
:10F8C00072F4B34F961125632F850021B087662906
:10F8D0009EA2924278288812773B922A2687654E0C
:10F8E0000BB7CB235F02F0AD044CE47284813FB0D0
:10F8F00046E82A6BE485455705C6D0499648B65771
:10F90000809D7BA8C588357018684791B4F62A1C7D
:10F91000CD439A4D72EC07E147CAF326C7F6A18B97
:10F92000578AFE1FE215A2791B82CE41D1F64A35D5
:10F93000B5C010A12F7A7418E88EF398A84DA35380
:10F9400042F1EE7C4F97E19F18B006371D99F8A061
:10F950003931560C9DB194346FF17335F886678751
:10F960004EBC15B190C357C8E874AA42F9E356815A
:10F97000D7B43D6BA608DA0A73C87CA1C13A3958DE
:10F9800013C4B92BD3F34BFE49FEF8B59534E48389
:10F990005C9A4A03BE1AC919169F8EFAB16C8392FB
:10F9A000B6D46728F0CFD1F6AECA7E6D78FDBBD94C
:10F9B00030C0DBCCEDE932EE830A2AC7F624FD4ADB
:10F9C0000614222236F0AE330352A76055CE06B09D
:10F9D000A70D388011D2A47CDB3F8AA0149C4CA2D6
:10F9E000A484B02A044BDB8E915031BEEEA422C316
:10F9F000B7506A2B226F02BA7BFB5ECBF68F23F0E7
:10FA00004AF86AC8247A69F078A748E954B1C5026F
:10FA1000D067082DA529815F5D98B5A03D8CFCC2FB
:10FA2000FE15C10B159F901DF13F5393BECF865815
:10FA3000CCFC29765C3C8D62E04B8BCDB09844A029
:10FA4000DC872DA57471D28BB515D86433515C8ECB
:10FA50002A81C7095D589DF6779C759473F713DB6F
:10FA60001D1F433571D9ED329DD783E4CA7FFFD185
:10FA700024935032C0609158E95474FD3C136901DD
:10FA8000EF988C074A51C12786ECDE396A4EBDDB00
:10FA9000A8BE74DFE52B199F3393C732FEE496DAD4
:10FAA000C27DE5CC0240B663CCB2C2D3AEAA9FA25F
:10FAB0003A544A4F223320C8CA892CE8CAB856BAE9
:10FAC000B66D3BF688A7E40804BC2D7FA150379C97
:10FAD000B3908301B3813F368DCBF517B93A9E338E
:10FAE000CE01C1FF057009A1F63DED41D97EFC4E66
:10FAF00054C4634B0D6FCC5870CAE8D7B22CED31AB
:10FB000039F7DA2EF531478AD3CB68AEC1E94AAB73
:10FB1000E7D322012551BFF1B9509AD10967D9CF56
:10FB2000699E03B897D943FB794DF82E26113B0CFB
:10FB3000A087B078E0E7E8C10E2D2CFBF736B77749
:10FB400005376947C32F20036D77A42C890D7742B1
:10FB5000B97F02428147227EC4A3060E0BD4EC86F5
:10FB60005C38781112969134CC33C156F94874330D
:10FB7000B29AC3BD6C868EC7BB476EE8B00FE496E1
:10FB80009F04CCED65EC27513A9B9EFB28C877E893
:10FB90005359AB3DC1183AB2A6C1FD1B3E5F10C917
:10FBA00060669FBAC9DD237B5944881688AF01FD82
:10FBB0006FFF09CAF5B58787A03198A4E6E74DF92C
:10FBC00047C3E16515F8B91B8EDB74EB0CD15F847C
:10FBD0008046AF82F79DF3DB336113A75D8EB98B4F
:10FBE00027A7DF38BB5FC58B4E50A55A0FA94870B9
:10FBF000B36EE0A7E30FD031F185E77C86CBC9F483
:10FC000009BE498FFEE65571E88725DFE731F83EEA
:10FC1000432D6EDCF134BDEF80719BCF67486D954D
:10FC2000B97DF68D2B1DA8C475BC4270788464A480
:10FC3000CC06DB15AAEC996F84FCEA45B87F512706
:10FC400026DB3CC7BCC4F86E3AA3E017EAF4D2CB7B
:10FC500083D644FAEA467E36D3D2C8AA23997128BD
:10FC600035083CB8BA0CB6744DB4A4DB277796C5FA
:10FC7000FB0375237FF956B7177D35B3D4E8F7CF6B
:10FC8000B0D98D9D011E296FEC271F8FB4BCFAD30C
:10FC9000DC1F45E94559C4E9301E7D1FA5C12F7CF5
:10FCA000D2F8E4492BAD576FF951528DA92B285B3F
:10FCB0000F0E58C1B0568CA67DF44E38E70ADC14FE
:10FCC000D5F1C69154D9303081CC24EB6FA1AEE68A
:10FCD00070F4CCAB159D51E46AE675BEDC6012FA97
:10FCE0005A48699A4A599131F12363F23AC40C2671
:10FCF0003E9C116D34552AEEAE9D383E97FDEC3A90
:10FD0000E6F74B20DAD3D0058F6127D558895A46BC
:10FD1000891110C3C9AB8C026EB2B6B622042A6137
:10FD20002B245E33763BFFED70349043B8EB4DEC03
:10FD30001BD1EF77A928DE1E53E5EA217628B317F9
:10FD400055531DC45261B0B8DACFA3B2307DC40997
:10FD5000CED3EA33A8740792F7963C6021687ADE26
:10FD6000FF3D2F699D15BD39CBCD674F875BFF7474
:10FD7000CC4DCE283E7BF5121EC40A82034E55415F
:10FD800034AFD05515C47F7736E654C25FA50D95C4
:10FD90008144299253CBA12761D81C4461E9207B7F
:10FDA00038D0564B4E2F0839E28F4549F912578FFC
:10FDB00077A17F1A5B2A1D713FB695AB15A72C84DE
:10FDC000E498BFF6E1344115BCDCECAC57EC1966A5
:10FDD000318517D54643124F108C8878540C341453
:10FDE000A15DB9E71D265C483A540A901928A2C1C2
:10FDF0008890F917032EA4F3B8BF6C5E4AABB483A6
:10FE0000C88DE36E5712439F8BE407CB5D6D450AA7
:10FE10005E4CFA17C91857FC93CF1E30E61A1A35F4
:10FE20001A72FC6E1510AB450D7D4D9E6EFE72ADC7
:10FE30004684E0404CDAF79F61B4AEFB870752433B
:10FE4000673CF75558BBAB97ECCA8F4E3807EBA50C
:10FE5000F010EBF218F8E0296B647C7272914E9509
:10FE6000B62460E4599CC17E1F867EC0C318748E80
:10FE7000E64614DD86CD3BFCC4E4E2DC9B782AE058
:10FE80009FF0BF647836749C2FC6E3CF7BA2BD91F0
:10FE90006E35F8C837FAAD050E71DFD1DBB3E56218
:10FEA000C2056A6696D34229F7610942D21D95AD13
:10FEB0006ACD9AD16CF82E6A261AEC5183C04F1184
:10FEC000016ABC99B712D6CF777DC635E1D749080C
:10FED000B6892250724D5FEA6F92C2F2AE697A051E
:10FEE0001389CEC5750CDEDFD1ED6FB75C8C0408CD
:10FEF0002CDB57BB7645D8B28D3B451D22345A0BBF
:10FF0000C453560BD72E0ED57B49943EADC48DC13C
:10FF100008BAA3BC05040B91CE47109AE1DAE4209D
:10FF2000759FEC0B9129901230EEF98A8DE288BE14
:10FF3000AFB11E3F1FC5D45DF5752830F5AC453710
:10FF4000877AA91FB137775E6BC75B7690FF2A2E41
:10FF50002C40E7D8B736DC4A39B5B202550730D164
:10FF6000C1E5ECDEEA8F7B36A170A2D9875BC2C8FF
:10FF7000AEC4AFCD7516E6A7BFA6BBE66725F8965B
:10FF800096B19758764F4D3E48C43CC558FBA7B62E
:10FF90000CB8844296B8C1012350D9AC6A31F71429
:10FFA0001E96EE8C36969274E0DBB42716EA052690
:10FFB000ACB11044FC5BEB2310A8C8D20394DEACB8
:10FFC000C6E558C97B06938D394A4C0074ABEAB13B
:10FFD00077AF4AD6B4D9645CF4CE06D2357B601DC7
:10FFE000A5185310587B50EF32F4D810618D81E979
:10FFF0005B9122BA92196E25579942439E6D5FED2F
:02000004081FD3
:1000000073BD10C40EB696C0A1FF243295270C977D
:100010006D619822E6439A74E2B296EF8146A71C7E
:1000200045B4D073BE2B4F1CA29C6104B2F8AD80C6
:100030006041E4BB28387711C08E8E9335478673B4
:100040007A104C33529CF45EF2C5ABB0DB8253C0E5
:10005000AB00BEB6FB98D5061874A53315B10C4994
:10006000AEA47098493149C15713848A2328EACC39
:1000700016BB167835CCF9670EB3833FF9FCEAE579
:10008000D7E3C2157699D8E0D1EC9131F3617E3295
:10009000B38A86FF0D92F733B1A1E55FEF58892946
:1000A0005C6040331223C014458F357C3832299F61
:1000B000BE7DEB36275752251EE96DBD396ABCBAA5
:1000C00007CE5B816D6C8072C5B45AC5391CE4C221
:1000D00085E5B422213729CC8984B3B569B0B3282A
:1000E000F658D1229C3D0741D75C567F6C5F336543
:1000F0001B4BBB815D4B189CFFC969CA97DF0E3F44
:1001000007F0BC5D66DB62084D7881099601C8C0C6
:10011000FC95D80B98BB1A70615B82E11D2D14C24F
:10012000635D4A85393E3B7401E9C0001C6313C915
:10013000B4668771BA0A1ED63C54A7387F7A7D818F
:100140006A8D06EA36FBAA7AFD2836664D0094725F
:100150003F740373A4FAE04C5829680C4DDBAF637D
:1001600066D3BD6042E81BFCC6FA7204E517F6C20E
:10017000EC69097CF9D70DF2CA1A1127590F35BA63
:10018000315472B172140E84026B7FC8F0C6EC0059
:10019000BC96B38E728064A830920F885029A63B1B
:1001A0006CDECE664F7CD7341B1FEBE2E783C83C86
:1001B0009A2C104E9E9E9B4EC8D5061D85C7D33DDA
:1001C0009132573858DF2080757A1DD1751C440E46
:1001D000BB98DAA43F5D669EC6FA1B0653643B8457
:1001E0004F008BA17EB37CB2266EFEC9C43EE31BDA
:1001F000CFFA2CDC9DCA9788EE899902C0721F59EC
:100200008E8091DAC7F4C0B473579853AB7F88C11E
:100210004C161015A829265D5DF7ECFCBA4CC5D725
:10022000A972EC8A7135ECB52B1C377BDC922FAFB1
:10023000028B48E93236864B807C9F2BB1273233C4
:10024000B54BCE5E79529424818F463DE12559B05D
:10025000FAB1B61C66EAA1A644B9B7A62A209FE760
:10026000D4D3A1EB87F47AB4CAE73D429A877B3DA9
:10027000FFCDA915DC8752CE5CAC1406EE41D74900
:10028000645F7CA0AA997364134CA64367B340BB18
:10029000CAB575FAB249F74D504AFFDC59FAEE7FFC
:1002A000E22CC82AC79AB3957F0F29046D12243413
:1002B000287B225F1B48A2342F0F5BC0143C0468CC
:1002C000C3DF40526A957B2C1F3349C6148AD4BDC4
:1002D000B624DD95D3A0B4D78DA9BA6CBD4812B5AC
:1002E0004D885EEEA5D530559FF32FF89847E0A8CE
:1002F000A5AE32BBF9A736849D18CD9D1257E2E119
:100300003E0B1AF644FB549C036B420AB412F109EB
:10031000AE9C5ED901AB609C3B964B76D6A3E127A1
:10032000637439A8716E213F6C1AB5CD69AC78FF42
:10033000909CF03799002B93D80339D0FBE9D198E2
:10034000BE3B2FBE1E022F76E6B933C6F2861C7561
:1003500014CB2CD8944B34DB70CB68621B75424FA6
:100360006D78428D60A34D4E166D0E48AAF388C07D
:10037000BF618A0FF8476EAAA4025DC7BB4E7F8794
:100380004A8BC6F0E1966976AED1ED52E444900F07
:10039000FA2B85521C362437B8FBEB0AEEDB75B01E
:1003A0008A959C6DB4A16A17B40AA12609D9B11126
:1003B000E08D5F02E102B079CF85D4511C0F059B1F
:1003C00032C7C5BB2A8DCC1037C02B481EA8ADF94B
:1003D0003346310F5D26C3E1DB0D96AF41F8F95985
:1003E000B6C17493F9DBBB6AC884086DA44AD6B75A
:1003F00069FECD00B049C1C58E87A868C989684823
:10040000AF5B5F3257F3C45547E57457FF4D7A61D0
:10041000E997B3C516A227DD0322C1534D1A12DA9C
:100420007F0F8303C721B3A53C4ED39BE4907F95F8
:10043000969B86D4228AFC7FF5F6E452FBEABF3114
:100440003E8A35F249B3DD50C970E43B623C239CDF
:100450005DA88C8E90E95A10D821A88CC1B26A4D43
:100460000E9A8E712065AD1AC6ADC540F434ABF45A
:10047000BC9EBB27CEF3C93345A774866DA56E1B02
:1004800032F16267A373BF2621700D7BDFD1688ACA
:100490001E39305EECB417E4FCD839C63A6ED5E1AB
:1004A000360C56D5D2679A8036209EFCB46DA54591
:1004B000672796007B879C23CCB5305C3BB74819F7
:1004C0002B10DF6E47813F66C591A775C9921E9FAD
:1004D000F846F0DE1FA4062F153BD8B793EE196738
:1004E000BA903B5FE231C730A5A1AB6BD0062B0FB2
:1004F00006EDB584AED3EBC5235A434B9D3C02C7F2
:100500003FA82584FAD2F8798FF9E347C043101C3D
:100510002FF65D2B9F51662004068D25F6D7531FBD
:1005200095A95B2546C2378B4D2828A23C079C73B2
:1005300090A60101CF20900DBE1CD5164B7D3681B3
:100540009882ACF0635AFDD158EA1CAAD1B9516F18
:1005500075C1297F63DE1C97E9F372F98F10D39F71
:1005600046B8FA092D1F249DFC48D02851236681E6
:10057000EB16DD4A8E02E80DE11986F2E6BB2ED6B7
:1005800063F4D60C516BA8A502EA22B41D149E2C6C
:10059000D57C60FA27551931E1E453C0026B3393DF
:1005A000B612C2054A74B1184B5D397D4EF028BCB5
:1005B000222433F18D75883154DFA08A3F0192786F
:1005C000DE02B70C1EC46FB19B95EA8581B2DC6573
:1005D0001B0A8FAF58DBC24C28F7C0B073E886F017
:1005E000A553E7D2138727A3D44923D303904267A7
:1005F000BC772B61556F0A2815FC868A9655440AEC
:100600006AEC24809C09E3C9C0B654A86A87826654
:10061000A435F947948A2BCAC0C0E55E0DC0C99DB8
:10062000149000284ABEEBBE7AC2A3EC65E8903C69
:1006300053B99C2008E85CC71F29C986B578D12921
:1006400012875E12748456A28F5DD322BAB66BCF26
:100650000E01E4B259859C247F21D2BE02BDF16413
:10066000235922E9CBCF4EA2CB9FEEFD13A77B27C8
:10067000B083E67B9FFA55536EE56BF066B5F77570
:10068000889B791C10F74D6FFDB93F2839F9CEF5DD
:100690001E13AA7C8BD3DBEE272C89D5A283138A69
:1006A00023426FC4B132559B6FA3355E4F37B208FA
:1006B000FDC08898A55274E44D2DF769FF9B98DE24
:1006C000893CB5201A94D8FFD40C54D66724241D35
:1006D000BC0A8799E6FE009DBD5D41B314CFAD0C09
:1006E00075752E9B5980505568E3A0C8F15F73AAB9
:1006F00086DEA12CAA86A8C93434A9E99F5457A63E
:10070000908C27A62791C445B6F17C141CC72EF502
:1007100080F85C62917476A6C1B30E1D31DF085378
:1007200042FED0EC9E4FC62436653DF4046637C2C7
:10073000F142F9EED98DEBC029F9059A5781C7F935
:1007400091E377BB9238BFC8812E854EBB7678DDAA
:10075000E1D00D50B148282D26833F229E1D295AF5
:10076000AE469893B01218FD0E718A851F8309B1A9
:1007700030844B4FDF1285E9B744459E8A0D2D54D6
:10078000FD691B8C2ADE344BE3E8D573926564F473
:1007900019EE54B8E21337E4E527D5A95973872237
:1007A000F84FF05DD516A1051E755A60750C02EC68
:1007B00061C34929246286B50BEFD8B30F521CE000
:1007C00037DD33DC752FC4FAFB820E6CB5F9AC9CB7
:1007D000F7CD977047E6FFEFB49654D9C67767E731
:1007E0000D47356CBE8C8EFFE0379C95C597FEACEF
:1007F000FAE60A6A897AD4CEE4454E1FB7F3CC757F
:100800001A7A9F796140EA9C21A8C8DF55EF5D8C78
:10081000D1125BA9752D1C5796B2647BCF6AFB176A
:1008200021662F07082C371E589F07F39180FABBCB
:10083000315C4EC607098374AA86F1D44DB8BB1348
:10084000D50ED06386CD752647AD3E1C4B8A67100A
:100850009A8CD2749722B9972AAC9FE22FBBF0C52D
:1008600010980CA4DFF34F5E9DEBCF1735370FBF09
:10087000EA36FA1BDCA5967219B026E44F26FDB6BF
:10088000F1939C4BAF9715E5B289BBD964D0C5A253
:10089000B783F0C4E17B6213245B2F6DAEE228A91D
:1008A00040D224B192CB7932FB12342D20F9548EF0
:1008B00070526ED826BB99B1E9E2159B522BD7D75F
:1008C0003625B9A9D626CECCB80BC8CA0FDCD5F3CD
:1008D0005DA1240B643341E1E0EDE479DFACE7CACC
:1008E000F13331BA8B6711176CE405C76710032326
:1008F000133ACE4DC4D06246475F2EEF1B4C4BF7E8
:100900006ED0519AEE7D5C7BA32AAC6AB311BC0811
:10091000CBF96E355EEF9D14B0F8FC1F0D09B59153
:10092000374B86636A36D9A68C7A612AFB98668231
:100930002210F50EDC8E35C1924E3B7100FEDFF2C7
:10094000ECFC1CB3DFDFD0B0190DA930BE7A730503
:1009500099D765567DB30691C3BCD9DB96CA089A70
:100960001D4A4785BDF66ECADE0C429C721D2E0CD8
:10097000A503A6015E9AA715E7FDED10EAC582471B
:1009800075F95788EC19B1B9D791799935017AC4BD
:100990002933F56C13F9E24CD6D4753FC544CD2804
:1009A000BA2D52C65F82759A0B0C26C040E41B73A9
:1009B00004238341113F8F623CB0B53FD6E46DCE36
:1009C0003C29A91C8E7C9FF1C60B0AEFFC70B9680C
:1009D000624FA110EAF415818C85DF77FF99A86D2D
:1009E000EFEE2208A4EC70A225878EB9BB795E00D9
:1009F00045FBC89A4B63FA255D47B78274317C5535
:100A00005B0E1E20892BFADFDC7098F16DEAFDD1B8
:100A100052F67CE634AD1924BE3E23CD6D90B34230
:100A2000E5F7935AF882D9D2E4D0F401F59B9B11F3
:100A3000A6B534733B63EA674AD79DACF36B5DB8E8
:100A4000F50A6C0BE9F282CF15AF1CB00A61A1F96F
:100A5000F4598AF74F0E188D1AA4858F787A4C7640
:100A60004C265297ADB975FBF72A5A24B7CD5B23B4
:100A700099B589F44BBF5C45C2673D65C6460FEF2B
:100A8000540C6438B09A73072BC261DEF532FE86CF
:100A900056F397775F257D92448F87750D1113E983
:100AA00063ADA35871C45AD12C1AA1EC99CC1796F6
:100AB000B11AED37049A3D3B9BAA58196B4E4B1A5D
:100AC00024F9B33877E457790BE47CEF09617A9D18
:100AD00032F241AD976111B7D70EB1EA101F5DE751
:100AE0000915F9AE68500471C819BAE3DFA40062B1
:100AF000AFA0BB807B0B419A2E6F42FFD2CCC26F5E
:100B000018EB8D14A627878ACB0D8E2CFC328821FA
:100B10000FC51AF2F2B1B6BFBBD8CC580761B63FC9
:100B2000FA90E5F31304D02D8D1240BF77161C7D8B
:100B3000D0BE62E4FDCC20EE7A39A86270909DC0F0
:100B40006CBBEF0B788C29D67D4F74B3485BE956AC
:100B5000B9397CDB693A738FE4D4343CD89501FA17
:100B6000037F7F1D1C27BC313B28B25CB7320D2CA4
:100B700099E39E100592309D24FD06F0432D7C43A1
:100B80002BEA168054E5C1E5DC2E20A57E71911775
:100B90002AE17B3DD94BAC4726214A19817BDFDC1A
:100BA00084072EF0C7A0E5CD16FE41611DD91D2C8E
:100BB0003BD296063B12B85F4407214AEF8877BEC6
:100BC00028FC098166529F96D49FF8388A09AA9911
:100BD0007C7E6460EC56CFAEB3F68B776D6CF324FD
:100BE000ECAB6517C7F923B95FA2B614990F2D585E
:100BF0006DF319A4F4065D8CF5EC9368D890F9991F
:100C0000F1AD9D30270DD9F9B22C5BE6CCCD64480F
:100C10007665D8BF48BDCFFF98409424F403BAE26C
:100C200011340C50933684CA5EAF41C54752493DDA
:100C300010564499166D3C80AB318CB59B44423CB8
:100C40006CE8CAC07F7F51822EBBFD4D150C9AC245
:100C50000929EBC601EED2B7FC97D783BEB5BE5BC0
:100C60001327D7458D37A41A242C03855E69AB342E
:100C7000E35FB187F07F3E42B39B1AAF59204A220F
:100C8000651C3DA2CC701A39895BE8ACCCAF76E626
:100C90002DD612A261B36D28066A2EBBB53DB26A8D
:100CA000EA9F988F32065397790FE72CF49DDAA8C4
:100CB00092DDE2130B61DECB67751DE6DB33C99075
:100CC000816973219DB58CD234A164D7CDEEE1A5A5
:100CD0000B5BF8D06689D5626F50D7F99D5F5F4B8B
:100CE0002F3E792CD4B4900E632A99E667E0C1A414
:100CF0008256798872D88896E86CA02EF7F6048E12
:100D000057162B0886C7C91CF321072B1D5DF35B03
:100D1000AD71673399F63B960E94F1ED779A3EE309
:100D20003D2C43D7EF3CB016AA5EF1FC2898AEF5F7
:100D3000C74F76CFC1D49B2799BB2BDD1DF25DA693
:100D4000A5A0AD736C6F7A5D46BF9AED3EFC15DED3
:100D5000F0385388B04C669505935E25CDCF14448A
:100D60006E91BF9AF80C20D473D35D4151A9898D3F
:100D7000BAD369D8F3AF4218EAECAC0C7B6BB13C48
:100D8000164D9D7400DE4CD5809FF0BE1E5E644300
:100D90003A7D5A7DF5C0166EBB777E400EAD31B9F7
:100DA000406AFB69500981F40EEFA087DC565D7143
:100DB000FC43842C2A76A09B50236166A0949667FE
:100DC000A3F86AF0210313B650A82BDA689BB4CBC2
:100DD00093D497197A7B2752C0C125DA1EB688486A
:100DE0008C507FD3FDBE8C926DB3F7934529EE599D
:100DF0002611598D53E830212F766B05C27450109F
:100E000024189DBE3D47B1C01DE9434C53F084C03A
:100E10002AA3A229F83FC3B811D51070369FB25645
:100E2000D9585C261CC3166A5CAE0B299D5A810FEB
:100E300098C4BB15B3979315613743B2624408C396
:100E40009D08EA1BA76B1D52E68791FC42E5F9D28B
:100E5000AD052D772032A7A97C4A697958B24B009D
:100E60008C719E569F0BE3F9FA1750565EDC82EAAE
:100E7000D13CA6602DEC21A55761BDB3D6F602B6D4
:100E8000397EDFD0FDC62674ADA2FAC3DBE8F69347
:100E900038D5798D4E58AFBA57B14AD594A3D56E8F
:100EA000CB1D90EE511235CEF8CE24D97944C69F91
:100EB000F4E7A15F08B9291ECB4D569F9B4DF863FF
:100EC000B2137B4E694DB731D79C8D7681DD2CA452
:100ED000B88F83CBED732EC845A419491220CE419B
:100EE0008AA035FB7C01767010D46CDA7E3EDB1E66
:100EF00056A1775292D0EBB054606953662FA1B7D8
:100F0000897FD3EEFE9728B162700506CA263B7032
:100F10005ED5EBC82B380D59D68590254782FE8FBC
:100F20007F868A3F7E5A6E2DC9E579DA6C77FA7032
:100F300008DE1D357DAC78680AB7858645A9EFB314
:100F4000C1C3D4728269EF566012E72C2F4B6379CC
:100F5000D36D9606C5C530BD1FB162B03C0ADC59E1
:100F6000A67349DAD84567D04C4D0AE1304BDB32E5
:100F700050D2770D2E54FF1F69CF31AAE03BD454D5
:100F80004EBFC66D67F5E084364C0D1A01707D4981
:100F90005F6709D0FB35E05CABF1EB46894A98917D
:100FA0007C337D1D03006337B087A546A62C86736E
:100FB00026081008949CB0639C9568DF881E7566AF
:100FC00030FB1585FDF9A64CE3691881C2E9409E06
:100FD000B8459068F7299352E7B9CFF319A15F5B41
:100FE000A29B2B25DA6F3B704D660BEB071AEB4289
:100FF000C323A780114B48956875C615A4D376D432
:10100000E1FED8A3946A7F1D8D5F68BD91AE5FE25B
:101010008DD43D854EA8F285A2F1A9F6F7043CA730
:10102000336B6DDF64AE5CE48C40A8C9A5D300CC03
:1010300035440F7806887B9CFDBE09230EFA2D5B94
:101040005C9313D8385842E7DBBB38FB3FB5C93354
:10105000F926A8C8A3CF0F5C0825E20E2478242027
:101060005539EDAC80337883946F92CFA702168503
:10107000E6FAF4EA1A7FB2F5D6A926A3DE57CDFB2D
:101080009035E478D13552ABD0F42931F5D61FE64E
:10109000FE17B43A8C049A0A95EDEB30AD34CFA527
:1010A000DE458CB48B0DCE8CE480D10BD3DE0D0BE2
:1010B000D2A20236006349F3991E17AEEE3273AF27
:1010C0009F4DB1FD45CEAC30BA224B7150177088A0
:1010D000A28628B33F1FE09CA1892972C7BE26DCE7
:1010E000771CAF97C1F49DFF987856FEC2C2BD64CD
:1010F000ACA676B0BE0721D57C0785638E480485F3
:1011000059DEB0DB56412372950EAC4ADC7BE2D54A
:101110003A880B1770655E886C9F24690CD5E9DEF0
:1011200084870DE6777C2AB7DB4C3241DA4B8A0A9A
:1011300046AD77558601005C4041B09BDAB1051B96
:101140004683CCAC4017D53290FD824B73E35EB939
:1011500003E36B180DB4C4F22919DD32494E359101
:10116000FFDB936FBE3E2D64A52061C0699358DB01
:101170005EB07804156C3C09CF092A996AC853BF40
:1011800027AAEA0E0D1075632D5C322A6077F54CA4
:10119000C24F5AE8E19D2DF5B03D815A70501712AB
:1011A00069927D54E2BD7AABAF20D31259EC9E4ECA
:1011B000E6416F2E4ADB3970B9ABBBBD74AEB445A6
:1011C00024256FD78EDE8F75AB1691612485EC13C5
:1011D000CB8F4A1166C3DAEE5027D2EEA45CE1F859
:1011E0008D212D3E77FE6135DFD0B6A6D830683E22
:1011F00062E7D64457C5D6D9BB5DCCACE79BE9F3D3
:101200000CF69615759B04052662E0416564501A3C
:10121000C8366151C1E99FCA9FA815C9F59B6FC027
:10122000827DCA4B7F2E1D5CED4D61C19102CA12B9
:101230005A2E45CC17CA6270B2822AB86078D9CECD
:101240001E78BDE8CF84756D24748AF042CFBF4705
:1012500081A717EB47CC46C9040C3D29EE990D59DF
:1012600021139F851D57FDB71841709F2403261138
:1012700043B99EEE87C474CF665565754AADC9B44F
:101280000C9FE7449EDED4BDEAC9F059CB13CDC60E
:101290008F506522AC23DD77E8B3170AB193C03FC6
:1012A0009F14ED82C058457B327A68DD9457E293F3
:1012B000DE707E242717980F05CE639EC216BBBF33
:1012C00056FE31F8996198F6C8309A7C6E595F05E0
:1012D000E4CCCAAAFB67D6366B6CEF81DFE43CF145
:1012E00093B1BB7C7FCE35B4A5C1414812925EE17B
:1012F000AE9C05DF90885B86735DF5756E344CDFC0
:10130000ADB681C061652CFAA528277FAC7460BF9B
:101310004C353F816EAC4371B8B7244A42ECE55A74
:1013200085DC29EC83C7EA531250E4422FD53CA553
:10133000CC6639979ADDDD1D7E316EFDA572A90E52
:101340007588884D1A55134EA0FACF0138C4123C47
:10135000B6EE82832E0266C3A3AEDD72E05CBF00F0
:10136000613C4DBBF9C70FE742F5970006B379DC46
:101370008197F297CEBE5AB9CB5D60BAA71C49F2ED
:1013800073BB76066AA58BDE7186B756D05D49C6FB
:10139000531164804913A74EADFB19DB146BE605AE
:1013A0000D0B44F872AEAF2638BDF43069E623CD9C
:1013B0008A971829A01C645E981AEF714469091C69
:1013C0002C898BAA9D685ED4B6ED542970AD6CF261
:1013D000611B1D041AD1AADFBB06B54F598548A968
:1013E000CE8149D88A4054125EE1C3F8B00A58CD84
:1013F000294FFBB1D5969970A519C4E7DF45D8CE22
:1014000041CEFF51F5DCBAA47DD18CF6791F16864A
:10141000C80E2214B15EA661C2B967C528D76F3E57
:1014200061B3620B56BCDADD27D8189AA351A360CA
:1014300083881D775F0F0654FC2C3D3F6E5953F196
:101440009D684A15C4C60E838FBEA33E5B83E17DB3
:10145000B6414D93916F8DA156E2E0BDBFB8291FF3
:10146000ECA33DE9381CE3DCBF1AF117675F3FF0DE
:1014700040D20C7A17299014B3C6B89AD84D186D7B
:10148000D1841CF8DB2356742BDC53BDB70068DD18
:10149000226B30603950D9DADCDE4B6449DEAD7C3A
:1014A00098C8BB0F2E8DC967BF9BE4A05397B9DBCB
:1014B000672415E48164228F130468E6C9E6FA996B
:1014C00056F1A71BECFB15A3A19796576EF40B1FC3
:1014D0004C877EE0F177CB28F43CA2815E844537CF
:1014E0004A4E74E19638329BEEBF2F1D4F3EB352E9
:1014F000BF40523F59521BC6D14128428CC1407A4D
:10150000127870E3E5E72D2F0B70F96C8F81845D05
:10151000E9EBB6E62910DD9CAF768FB6F6FFE64D17
:101520004D356D597F536EFF769DB087CE5B257D1F
:101530009590F1A7E8C6E0198679E86253E022D5D4
:10154000782F29D5B484743150A037C975D13CFAAD
:10155000D74B1365ADAB88E048256201BD12E80E9C
:10156000C8229042FDE328E60223E0CC96270D191D
:10157000AEA9F6DA9C052BE9492F59542D7739AFDE
:10158000E7832FC5497773B5774C56AE671359B8C3
:10159000120EA27D8E347CFDBF125ABBCCA8F7AAD6
:1015A000A305249FD6A74C6C161342634D693BA23A
:1015B0005CD607DDED919505818BBAB3F68FD75ECA
:1015C0000CD37CFA0E65D78592C19B124FE048532D
:1015D000B56F3F6F1F2FFA36880FA1FE91AD076FD1
:1015E0008EB4175874421747DDAAA506B3171D49D4
:1015F000015C0DE0B3513A98913B55E6EBE66A0E7B
:10160000A13D28DA7016F6F9F461034501E37F86FF
:10161000597EBBEB79A31BB0556AC654B8E742F4B8
:10162000F4757F48109E92619981B02F8053F150DC
:10163000F0D957AABE1A8FB25FF27A5A11EF6AE454
:1016400085FC978F4E3833B51E0DBDB2BEE3D8F082
:10165000715D5B52EA8066879A1A2C0F168B20BC4C
:101660000EB211A9A7C3738655CEBF4B456DFA8143
:101670000917F9AE8C7FBA06A5F0B6817201D01AAF
:10168000931025C380F6D38F1028BD9923B1F3683A
:10169000209AFB4BA6544420F323BBBEAAB682BCBF
:1016A000EA6D117AFEDED92A872D276C6DDD5DD2B9
:1016B00057D3321164D135D4856A2EE76330754B28
:1016C000597A0D5E20B7A14ECBD7504D67A12B9F05
:1016D00031D57C128BB755B6CB1E8F38D4D6472068
:1016E000084E9A6923D9558562E3C2F3512FF46BF2
:1016F0002C1F32344845144A0BDF7FD3BA1613F639
:10170000F0EDE39F219DEFED5F192583EDF4C1BD61
:10171000BE504B1820A431CA0652AFBC73055CC33F
:101720003500F8E7F677022D907AFCEB6EEAA957C0
:1017300089781E5999286DE8FDC1030FD93D2923E9
:1017400042B318DA72CA14F2C872AB9429C8BEEF59
:101750003FF3C874909624EF362C6EA9BB433A46EB
:101760004D0987EC99905D6C37DFED4A42CC1BDE6A
:10177000F8E49445BDBB33FC329802A3D99A96890C
:1017800054EE8EEB0FEC4B27AF8D2828D0365C152E
:1017900076E4A3D02103035707ADAF409CEAC910FC
:1017A000D8D102394424EB50629F481DF882124B75
:1017B000C547A91DE851616913407156A732F46904
:1017C000B542D862526AD9E2ED0D82492018B8E6D6
:1017D0006079479A7556835F4D06DC528446E53240
:1017E00069334B34D9BD70FB79CBD5A4C2829C8DB3
:1017F0008EE06025066A2883CF2EE84AE09414869E
:1018000062E49A647A89F3202DCCD1C024B85CA616
:10181000EB7D0A87DC4FEEE060C66750CCFEFFBD73
:10182000BAA2A44327EE7FD0B7B1DD79C4D69A48D7
:10183000114EA6B2E4FA8C367A9588472A64555838
:10184000FA4989C24A5F30576D0F82D32091D28006
:101850009E8D8B36D02E535915836169E2CE22A01E
:10186000F71768D99370C9CEF738687EECA3C8BC67
:10187000264B8DE4262F1E04B6C7B1026E3B789C22
:10188000F1294E0A47B75A83202C4819D206CBCDEE
:10189000A8813DC814B71869E5A6D8E837D2B93988
:1018A000221FE5E65676B5BA64933B394918B65E11
:1018B0002B5C73C90A81E6889FB275320F8DF85090
:1018C0009EDD9A364F4F2E42B3C34308BBC04B63D5
:1018D0005530A8832614318772C7916E5686DEE88C
:1018E0003C8A17ED96F9A0A7A7DF4D085FFCB2A7C9
:1018F000D16CA0C575D328B1D1C557C32F837C80C7
:10190000F579CC3596B16FE169DEC854E72D0699BB
:1019100089E74FA8E3CFE5EEA867EA5642F7FD1541
:101920001DBF621B20C13B811D4339AF3E8902A30D
:10193000C41579585AAF5A191F275D689AB9FFAA7A
:10194000DABEC93968AFCBE28BCE461A7905C53706
:101950002596AF0FEB6663A489D68A631E92412B4E
:10196000AFD83CEDF099A94CF75A182C5CF9A1E4DA
:1019700093B635A3261E9E54E4FE3728003BF9B8E3
:101980005F9262E63C08D2A9D490F9BD3154B61EEC
:10199000D4BD2BD6F24D735CA54271B67FE60E37EF
:1019A0001F3770B100C20E39DF2BA2BCAD1F8720DC
:1019B000762A6FC4348092723D5C6AB156F32E670A
:1019C0007ACF5AC7D438FDC6E4E9A9C7F459E26A08
:1019D0001C68B2B4A4C61DE5A5681DD6DC94458B71
:1019E000396FA680A5529288B79C29F9C5F38D7DE1
:1019F000B9429D549DFFED8C898B8E188E79F97AB2
:101A00002FD4029128751B4B76723B5E95F9FA44F0
:101A10008CBAF6BF807ADD0FE91DC7CB818C7A3096
:101A20006014B09063D9935763D70B68F170E831B5
:101A3000AC632E9B664B8F08A5790F2DD29F2B6927
:101A4000D82DEBD78DB2A9F998F846C342DB4150A7
:101A5000629090EBC54A42DF501EA94ED1A687DBAB
:101A600096DDD8E2E7D2500D2BEF325A039C41723B
:101A7000BFA369A8DB61ABB069AB4FF97FA340613D
:101A8000E8196C544BCF44436E53BC75ED1691B4BA
:101A9000F9C9B254B7BD332A034485B628B9D8F37F
:101AA00005200B991BEFD3AD57522E67729973B96E
:101AB000E6ACA670DDA297786AC5C24AC93BC518D4
:101AC000B0532F9B71025C9582C37AEE385E02841C
:101AD000D648CB2D15A141743349ED9795A7C23255
:101AE000FBD9E9FCF3925AD0622BFE893D63A55ADB
:101AF0007D11E92D7777AA476AC8A2BF02E99BF159
:101B0000C644AF8315B6D4A7F5E608730468C32AA4
:101B100070440C186F5F0582C8DBB5A3F186EBE655
:101B20009C3D20B480C44FDC9883A9907ACA64A3FA
:101B3000CBB1EFB622D998CD8FB2ECD53185456DBA
:101B4000B6880B4C8EEAE4BABB0411AC72022BF6D9
:101B5000B0370C53CAF29FAF04FF139B37DFFF4B24
:101B6000EF11017E91AD3ACF52F6CAAE72A82A2B80
:101B7000686B74EA54253B311FD94792D6F3AA55B6
:101B8000348EAFC50ED63FF7809EE08C08A44DE1A1
:101B9000C939BEDF78D1A2440ED1D944C42F97C22F
:101BA00032491BB38BE6C01C83935D682258F19ABF
:101BB000F12A05CDB545CCA3F0782F65FE6BB0B703
:101BC000A075F9858026AFCA0097CE6B1E5C031006
:101BD000DF5C663A429112B8DF08010512D5324047
:101BE000B94DB25ABDB16D419C123CACA95EF947EA
:101BF0000DC488411F34F679AEF1F5C8C3BE681133
:101C0000294649682EC953FEBAC07BABD0581B7316
:101C1000784C4E58E970D181FD3DE85110FB0163CD
:101C200043D4AFF6AF5426D8C9CBA69ADE6FBEE92F
:101C30002C8DA5EBA073D90A994B6E3B9822B1F27B
:101C4000EE55AEF53515762A76BBA3850A9EB50707
:101C50003F9CD5A5227CBCF11F7C19F2EE56AC2F1F
:101C6000086050AEDF200D096A5CB11931197CF1B2
:101C700074A966755FB8B5F0FF65F6DC077664C8D1
:101C8000DA42483C699876585EFB8C4A94BE82D111
:101C90000088B89C2943C5B178BD26F4D361741877
:101CA00097D02AA4A2FAA9051E61D5D8FDC3BCAD60
:101CB0001E0A42919BAE999B7B7E592FBDAAD541AE
:101CC000D5AC5C8592D7F36142B92AE3BFCB95C509
:101CD00081FE1A04A6C59478022C5D4C6DB38A214E
:101CE00054998C415DDE092B9C61EEFA22F2C4848A
:101CF0000B1C626F4A7B4C7E8F449688CF8FF8F620
:101D0000F350A5EFBE191ADA167A07B08081AB013D
:101D1000AFA12B0524503556D59A086A4776999974
:101D2000259D3193369167051B02C63FF76222E479
:101D3000D96C97952E7E234F548B82007840C5CA6C
:101D4000B1955ED86CD302C44F964F0D68722F4385
:101D500029BBC862E738F576F0580073975A468B6E
:101D6000DFB583D2C503A6EC6F6A75552201CD9FFE
:101D700018C4B52E3DB28AF21A0886669CE73F75F4
:101D8000E9FD702714E84D05F18B7A33929967507D
:101D90003CFF7C89C2C2F17E3EBAC0BEC3EF2D5269
:101DA000ADC783A71202E6FB6641971624AE867D77
:101DB000FB3F6FC372A1FEE4FA8E71AB4643D9CEEE
:101DC000C5F03B98B7F3C370FB88008F758342CC96
:101DD000239D3FA358364155A8354D6B43666EA0F1
:101DE00064D2B0BD205B1B670F2C8F7D22BD23EE1C
:101DF00086CECD2E8DFDA32F383C277A6F8D47D30D
:101E0000FDF636C0C6B35F96E7029854629E01D7CE
:101E1000E814A8761B06F60F1E797998560D9C27B4
:101E20000C30E9A538DA59AA01D4A5D7C73F5ACA58
:101E30006D9BB0D9A77B5D14A63D8FB6AC52102C1C
:101E400024776BB931BCC3EF3E00A4C59E44F61E97
:101E5000BDF985C564887EF73166599E9D55E120A0
:101E600059F70A290A51679A418D583D5D6FA38A37
:101E7000439C30C6B5D99AD7F3CF85A3530C9DBBED
:101E8000F0CE1D368B8DEDE16EF9AC782BBCCC26F7
:101E9000A1BD0CFD9A2E2C2DA45952CB518B14A10F
:101EA000E039BA9943DB620A13B5C76FB6D54BE484
:101EB0005593BAB071881BBD7003299AD7A70E1429
:101EC000B086DDB8E7D80D3B017C91C31D08DE1F4D
:101ED000C7112476D97D3A35A2D936DB20517A391B
:101EE000FD5D03A847EB5F567EC00B35CF1FD83290
:101EF0001AB6D9112A6CDF066732042A41936C6F37
:101F000067A6C0BC90088916C238188CCE180DEC94
:101F1000499DFC6120793E90E41904F2688C3AAD49
:101F200091855E5979D62CE038F2A399AE36F5ED5D
:101F30004192ACEAE8552F242C8E65BA548C00CB24
:101F4000385565F906CDAD9A4C8CC58548798352D4
:101F50005E25A7D6CC7DEFFF6E968503C24C8F6CB5
:101F6000A224A8E10C0EC66250F138DA4B0A7F04B5
:101F70002AAFE0997F2F889AFCACB9DA14F16FE2AE
:101F800043770036ABC6D6374501B9F6C500E7CE74
:101F900024D626B5BE365D93719C78E5F3E645EB15
:101FA00089302C4985C1ADBFD1C3AB8FC9C90E22C1
:101FB0000F6AAC92CB84301535532B7A84FE48815E
:101FC000E29EA432170770113C160C3DBFBD4B8B2F
:101FD000B5B3A8E1A07A4E651C134959365BDEF310
:101FE0001AC765C02D373F9F11A80AC86A1B063B58
:101FF000348E658CD3ECD1ED65CA4C07296126D7A8
:1020000083305E298EACE0A8353291A0176485BF7D
:10201000DC3360BF1584D0DBB005C60965561248B5
:1020200049EAB6C60AC884100303A0AD9B806EA51A
:102030001713131D6EC9EDBCF5EBBE1303D453DDAE
:102040003188F075755D6A5A0C148685D63585A77A
:10205000D80EB2E6552E4C7E287CA8EC77A93A071C
:1020600083F153F21FDB9F0CFD19BA2442E9B55FDF
:102070002E2D998823C39BC2BFC173E23934EB284C
:10208000A79FED45555C84E4C639B306E54B1A635A
:10209000F412E84A7799B6B822B0D2AEB271DA2318
:1020A00027866D47EFCC4B971F7735202D330A4796
:1020B00063145ABD0D4E0D30AC00F04C584EEFACD1
:1020C0000DE320EA3B364DCD1ACEDB4E64C7B15945
:1020D000959CAAC11CA972FCFA1D222FF478EA670C
:1020E0002953B83B89E30642AEBFADB1368298DFD3
:1020F000913DE1790F62EB50A3ECA328D847BFFDD7
:102100009A90F7F70917EE96CE67B21700A20DC89E
:1021100026719A9047EE70CF553F916959D59D969B
:102120000140587CE434656E8CA75D47C93F5EE88A
:10213000B1F75A0B93861E692FD1309A0C3B864F0C
:10214000DD202E9F3EA972D35790262276B66009D5
:10215000D6DA8120E5F44AD0D8777CFDEFDD19FD91
:102160007D51C52B4EBDCC5B9868A6A2F90B453CB2
:10217000A79BA26319264832BE17F93F0E9297C358
:10218000729649E32F18FF97E249C26F1042E1A708
:1021900079A10B6ECAF588C8ABB8D3857D924F681C
:1021A000365011063FA60ABAD48C6B8C36B7FECCDB
:1021B000C57ED6E7B70B4E87434A821D5ECEFEE250
:1021C000985125286FAE1915D5C59716042F457B54
:1021D000E953B309DF26E23F02294C3649700993DF
:1021E000815382B285B1A026DA5A689D71F435DB3D
:1021F0008C6A972BC10676053EE88B0C0E0A858704
:10220000C7F4C1445AE8D971915998A7F520D1FD76
:10221000DE7216CE604017E65D52D5600DAA55C33A
:102220003034C81D7C9AF52A22404AB0D0C87FC8F5
:10223000E8EAF44D391EF833D5D3D08A3DEBE902F4
:10224000CDA2C1D30246F586B468ED36880EE52EE0
:102250008E5953940B5B210E87A4B497C1323A92E6
:1022600076B8BA37E37B5200895B00AABE366D6B45
:102270001290DA738793DAFF1EB159A70C0B86CB45
:1022800076C5A26803EF2320B792AA7F7852C29F37
:10229000383AF9ADF2508BDD2CB83DE162E95BC410
:1022A000585FB983DEE8C02D27F85516A61E9CFEA0
:1022B000601EEE2376A6885336501FA94F53E95669
:1022C0003077DDFCA0B9D5DC69F910301262541802
:1022D000675EA46ED8632810933DD0C3B811E73A67
:1022E0001CC75F2795938BEBC2B7A45D0983D78783
:1022F000C8E10BF71638A046E0D85D440593C1F459
:102300000E80236DFD482DC485E9EFBCF81D050640
:1023100029D2A02450D91ECE86F9DB5D55BA20C340
:10232000FCBF75669D5CCEFB330D42EEAA225018B1
:10233000C362E7CE6E9F9C96F625ECE8B808B3A082
:102340007420608ED63BD785A85AAA692DBCC94E89
:10235000210CA71D454FF0F2062988C5F90AFE4C4D
:102360003F4FD9E7D1F24A8BB705211BC6B74ABC0C
:10237000A377E7CF3B0AEFD66EB0B3A22282A9A023
:102380008608500D852AA6CBAFA4EE162AC9D7A47D
:10239000BAB2582E8ED8A4265CFCE5D66A54EA5F01
:1023A000AEDD76E809BA285086C3BF39CE3326366B
:1023B000D8A0BEC7251F5200998D0C185C8A7145A4
:1023C000CC6082CD2AA9F74B8E658A9DD9716FD4D6
:1023D000E276E854F61F2394C900D4A864A0C9018A
:1023E000C161FBAEC286C4E3DE79C4ECBEAA9748E5
:1023F0008C9B02A2E7095140BD9F35697962F81FA5
:102400009B388C7CFDC01D86DDF4A7EDF506792098
:10241000F306F5AE19E40B2875927EAC7B6E42385C
:10242000F29B388940043EB96BD602DD671B70A869
:102430002B74BE73E3F51CCDAC83FB594DCFC7C3E2
:10244000DC34B84757604A5092BCA1CBF2F467BA6B
:102450001FA20FF64044F0D825E54D35D9072920B5
:10246000B8D7EF861A147E036844E3427F40765A59
:102470006F689A1AE0F50869583CCE34391288D250
:102480008C1CC1A553C18B984446AD9BC9A8C10003
:102490004E800952D9350B38B1215CA247FC70B788
:1024A000E867FAD10DD89A2CBCA7745E569B40DF22
:1024B0004626EDE2E99897D0D962C0251D9955CD01
:1024C0008B3DD3E45BB3C9E89B3A4321C07B2FD655
:1024D0009831E97701F1C45D1A58D138624AF2C2E5
:1024E0008F8F878A40401A1DCEEA7ADC174A6A53DA
:1024F0005A76782FCF154B282B719670CD389E9138
:10250000D3B907BF3A49ED5CAB6F9A4FF9BD2BF6D3
:1025100089E70FD9FD86F68FBDDA189C98121D1F2A
:102520000031F8C6F1BB6C6590CD825385741606F8
:10253000E7EC72321176CDBEE7A1073C9F98E66DBD
:10254000A6EE8D203046B21B9A3BB8660F0F5B8C0F
:1025500085C063AABECC1B7E42B5F8D0C05BFD7DB2
:10256000E5EAF703588F1E132779BAD80376A65CDD
:10257000D2E777F58A0A900858F5C3058F9DB959B7
:102580002D217FE7EB41FAE4CBE546BD1092F8033D
:102590002E6D88C2EC4CD447E5682C15841653C7C1
:1025A0004FE6C94F66B46B327F8262D922A0232BDB
:1025B0004758D3DEBEC7A6270D15F09BA20A1437D5
:1025C00030DD21A3F897FAE84C3E9AFB00BA24D3F9
:1025D00016EDE9808B69E76149995BD2E35FAEA0B4
:1025E000FDB646ABD05AD8F47676D834EC2C6FEBE7
:1025F00052C00DC9F2C05438C08D33E2D148606278
:10260000E8FBD095223BA4E4CDF59E659FFAE8E770
:10261000F4061F944CB6FC72D60C43C9F8C7E08B85
:10262000B2716250C1823A94501D6061889B1A81D8
:10263000F6F0D3A865C1BAC99A9BA93F73E83440A4
:1026400059E02765F9E4634362F84F06B2F7950253
:102650003DFB4EE6E8CA633D142620E1658E4F44FB
:102660001E0D3151BD9047CACAE8C91F64D461F438
:1026700032C821173C8AC86C83CB24DDA77F400C6D
:102680006F416669C5712F8ED63BE3AD7378EF77E6
:102690009E09D9C00C12957B58A10F7EEF933C2E5A
:1026A000EE27F34DB3E8051355AEB651690346A8BE
:1026B000ABC7D3D80AD5E5E7DE404591BB745A6174
:1026C0002AC8EC2EE618753EEC5F80D9A07255BA88
:1026D00017CEE5D931D2C8B1294DC620BC8B7EFBBF
:1026E000C65F299B6A48F73D116E200AA972EA8AE3
:1026F000CEB06AB144273504E746DCAC025C31BD9C
:102700004622033CB084286C0A82B2ADECD9AE7A82
:102710002C8995088CCF61599254E5CE149D685F41
:10272000F3304122CD0650D23A7DDB015EE154AB5D
:10273000E1432C3BEDDD6B3B0B8E42D8E3C78A7245
:10274000A6E09D053DDFF92BAE9F85AF8A624FDD88
:10275000A9A352B2523C51C233975C219C9E3C7B50
:1027600000AB43421FE11AAB17765629F2AED1886F
:102770002FE668E64671263BB16D2915F1DB887FAF
:102780006F68CAD490000D45F694FC5283B684E27B
:1027900028B6D893D97DB0B7262FA15BE3F29C452C
:1027A000CDC53BB85119CB64390299BD0995424159
:1027B000AEE1646F2BB5F1CE10E565CC4F67ACFD93
:1027C000726FDF8F4C19C75A22351F1AE8A15DF5C9
:1027D0003963A4DF2B7BF69E47C465BB92177890C4
:1027E0000D1C338D44583C9A53AE08A3326D400DF6
:1027F000B3CF30A6C37DE9BF92C3E2A1EC915648A6
:102800006BE1562CE378A689CD9F78CCBFFD127E74
:102810008E3B99468D2BD520089AA11703A809292C
:10282000A1161766DDB2BAB3D15A26A224184D08F4
:1028300073A0098D40E992ECA2A61A111A0CA3FF0D
:10284000D9CB0C9156ABE9D96DC2EAF153088B058F
:1028500064979E48914AF286652EAE56AF26F17077
:10286000FFF0DEF31E39C6A7A4F6629C912C6B7EA6
:1028700099C0684E9F86C56B1EF3E9A554555FB895
:102880009DEB9D9EE2C4064F8ECC7A083CD8CA8C44
:102890009B07E2DC463E81235ECAA82E61DFFE6410
:1028A00002580AA435425C55356675A5695515660A
:1028B000FB30881FDB2855AF4AAAB67666CD12DEFC
:1028C000EDD74CC1A422EF988F8F1CC193D20CBDC1
:1028D000449A488D04183EE60B2046DFC0AB2A0719
:1028E0002DA155C3E5AEF978ACE1AE391C860F9544
:1028F000227553668D5F4243C072D754AB1F4A8E18
:10290000A5DD13839771651EE5C17D23EBA9BFE6A5
:102910006054DAF4458BA92DC85A14322825BF68B3
:10292000B4E1741FCE7CA79DD698E49836BF0B7D8A
:102930006DAFC53B20F58777D9258FA73326E5AB4B
:10294000D9F885BB2EFEEA5FA845BD9BE4129E8A9E
:10295000DAA67F35E4869E27598A742F868B679581
:102960000E79C382E26C140901F3C64AEF42F26E9B
:102970000C7565F5F0913BC51178A480F823D09EC5
:10298000C6494E607CE19761FFB404AD85538D8EDE
:1029900059F471F6D804B3F3A925CD316EB9C63117
:1029A000E6944AE6EAA10163CE99FD70D20EB0F436
:1029B000E4004DC9F04A1589AB84E58B603CBE6FDD
:1029C0001C35E8CE5F3097F3179A7A0E2EF14C142F
:1029D0002B1856D64C8A7085B111860DC3D405B517
:1029E0004AB5295ABC979DCFC2C22A96AFB07EFD88
:1029F000BA1D39A39A0F127616025AE3520908FF3C
:102A00005FBFCCFF5CACFAA50D047E7D0D3E4B0391
:102A1000CB0D70B170B15538F7375E0BE893D4AA7F
:102A200007E8E2170758872B62BC9C928B8041ED28
:102A3000F85175F071C98756D979FA94D8B42B61D9
:102A40001748A61D30357D5C7027A7D419FC266A6F
:102A5000D025D1BA3F5A34879B1D1E95E1B911DCB0
:102A6000BF6C7A55E9D942982384BD0908690EDB09
:102A70001FB3D7247FF86D4A84801574A2ECB0F0A0
:102A8000215FD3CEC02BEBF216BCF351D0760A797E
:102A9000C23B54E723B70E4FE8A6C9488542DB3452
:102AA000D255E64E8FE8522B72E71B2D9BD1D4AC4A
:102AB0007F90C961C9B31AED8516432758C19ABBE7
:102AC000146ACA525A6F46F902A0B45C8AA8A4ECF0
:102AD000C626E53FF56A41675363ECDCA5AC5D248F
:102AE000B5BD2AA6826EBE0713433AA8363E5E6A7B
:102AF0009AE4730E195292DB358D9FEBE6048B310D
:102B0000DC24B9569C84BBC8BDB61EC5EB5CD3F9AA
:102B100066E641072101AF576B99AE5EB7670B0EB2
:102B2000833265CCD93B41F0CC6146AB9924AD01F1
:102B30001F67E24EE17B8E3C7680EC428B7770041F
:102B4000EE7C85D71EE1290D796F7B3D80E7006A19
:102B50003FBFA00F2434B05FCF6C735102FC11A2B1
:102B60005A2F5BF0BD1ADA6D8836048BD6504D664D
:102B7000BC172A548FFECA453031EDB77782C78A19
:102B80003355F2B31C6203A97803DA709A546E735A
:102B9000232E1F4A3A2B1FD756A913BF5053E98B38
:102BA000FFF524D7541934D14C0096E96AA211AD2F
:102BB000C89677AA8960FAF1E3D1C50F2F44FC7E4D
:102BC000B1D7377C357C91D0A22B93AF323CB7FB89
:102BD0006957F698EEC61C0C9052C5FDF7CCDD4740
:102BE00049AABE9F493E255B980F99CBDE6B80B00A
:102BF00098D7B762241C06A09F67EB27B4D4FCD5F6
:102C000033F6E04ED9C1D9C7571DD236887FF9E7D0
:102C10007830B3602EEFD74D939FED6F3B4F39E681
:102C20008276DEE89645684F40F3F5941C613714D0
:102C30001D82CF2F50FDDCCA94317A7B8B1B0AACEE
:102C400065192CE18BF60C2A32CF00AA85EC86A9F7
:102C500045E8E0A9431F8CA9F8DA15A8A72F1107AA
:102C60001E39FBB4749388F73D4ED755317FCAADFA
:102C7000059292300CD6714E196E4CF59F190E0DBF
:102C800067F9F8396B3AB03A517563C75B25F8B20A
:102C9000F8E233E239493E12A813071E0C16CDE0C4
:102CA00067B521687ACEF0F791A0467F6A109DF44F
:102CB0001E7D2B3CB26C514B3C3CEFC484E47469E8
:102CC000ADD53B460D60282D72A7E2D317D47151C4
:102CD00059FFB32124A13B475F247A3F998275BAFB
:102CE000DAC9E57E3E2CC1E4D9A8A90731EACD872F
:102CF00003D64F97981C47DD80AD19059A8A8E251B
:102D000096FEA23FDDBC27296F872582A85526F8AD
:102D10006369B0BB059C2153E4E384D819B6558D93
:102D20006EC3D326CE7729E957BA4B17EF06F822A0
:102D300080C9DF350C97C3518D6813E381A737E550
:102D40008976E42BC04091F5A0DE1BD9656204EDC5
:102D50004DDBE0312A9193F8437A82837A1CFD3D62
:102D6000059BC327294B476AD86136A77C2DB756E8
:102D70007B731C19728017621864D251585EC30E9F
:102D80009BF0B2A21533656A29EAC291445C3445CE
:102D9000696F14F5893A4EE6CA9735102C746ED3D4
:102DA000514BB830141F0F477806AE4616C015D6E3
:102DB000FF18B10396C22968B36266B14168088FF3
:102DC00027B0AB47F4736D15943C576FFFE50C7C4F
:102DD000C26298E9774436A2DB26F9C75C7FE1C17D
:102DE000FD0BB454893E7359F16F004BFF730944D6
:102DF0009AEC5054D56DB3F151D6B836A9787A967D
:102E000020742C1A3921E6ECE615F562487D6DFC3C
:102E1000F098FF51AFCA0D151D5906B3552674DA47
:102E200081AE136D563F4F6C20B0C62A4BE1FF5167
:102E3000587CB314001D92D51C199989B4200D8AB1
:102E4000516810619AFB1E2928D89D2886D30B0350
:102E50007FD2902FB7FCC1261BECE9633B745E4127
:102E60005C7863AD31CEB18435E307BBB2C3C8F43F
:102E70004C709D8335A8938EF249D9F154BA280E2F
:102E80007521988B5C615F23ADBC6D410F6F16524D
:102E90007C8DA53AD9687A4CB8BBDCFBD66D71B194
:102EA00088AEC79580B791F14B9F0440B57AA8BF13
:102EB00092BA2BE978E1C11E35D94FA16EE3F3D464
:102EC000F9EBDE3B15CE471BBAF5547C75AD464594
:102ED000B8B68079BC427BFD93811096DA1538250F
:102EE0001D046AE14091C7BF77F5ACB099B5690D93
:102EF00077E3A1231787BD0E0A899DB48173A9606A
:102F0000BD3DE4298FFC16D17F45FE5D77151CE0A1
:102F1000FCFAE1FC25344935867E7BCAD623A368BA
:102F200066A794FE68C8209391D32C933D5C796783
:102F3000392A43085379DDE668C38C84CBD2E5A6F1
:102F4000E9D36293F563204C9C45CF2B284F83092E
:102F5000C1DBC9BE63621778120723C3F7421A0A9E
:102F60009EBEC5F963F87099FDE9BBB555D8F6A8C2
:102F70000B82943C3856D66D627696BB3C80D7ED7A
:102F800040112180F1AE0A59D293F95EEF9CCC0A30
:102F9000CA5C56623F5E47AD2484BECDDF278B837B
:102FA000E04EE70AE480E871C06F55A3A1A355582D
:102FB0002BB30AE8D2874182ACDB5715E824083DE1
:102FC000F78E66D6CAD8AF9FEA23B91E567F92F80D
:102FD000357104441CD15D581366EC2287A99EB755
:102FE000CBAD534149553C8B8F1D45ACDB35E2B62B
:102FF00035318B7DFA6CF59B96F099A6030CD9922E
:1030000046A989504140C83B5AA70666B42718FA1A
:10301000D8773B64721012251C07EC9222BBFA3D54
:10302000A5EF8781349532B051B583D86FE129601F
:10303000A45966F40DC9F1DAF72931BFDEDBB537E3
:1030400006C776EB377576B034A9FB41DD4B7DC6FC
:103050001FBC454D4D9B3A73031F447F3BDB41EB47
:103060003A1C4D456C116B97B8E787E661EE468FC9
:10307000E886F0844F73F7A94B79C1370C31DAE455
:1030800047E93C4FCC2531E8A784D0EDA3B33F0CF2
:103090008C9943E5D6632AF359193832D5FDDE02FF
:1030A000119810D48BB4FC233340577FE201902257
:1030B000BBC9A25910D56ABC7153B874EADF63F179
:1030C000A1E4BE2A503784D769CAE3CA2CFDEF8633
:1030D0009C79C211BAF249F01A4A97935521DAEE57
:1030E00035ADB5AA52E32A8FF792E42E7616F3BDDA
:1030F0007339F914C2E128F7A20CF47DFD65665618
:10310000C6762DD5EB15EF390B117D61FBBC9EE228
:10311000877BB7D03585683322616264081EE3D2AD
:103120000D17F53E8801B3B4480EF76C2DE5B38F4B
:10313000AD48D46C3144E6ADB00DCE4F43AC6EA774
:103140009407E71F86F6D75AF697B5C380BE65A6E3
:10315000873FA5E2E8AB71B6A013CFEAE832FB18CF
:10316000F857FCB9C0B08E590CD0DB9187E00E82C5
:10317000513CC61C6F4EF5F2C4C634F63DD4D27530
:10318000ED3FC20C5C6410A362594890D8BBB98B68
:10319000BCE2668FFA38B107FD11F3A9A93D495F7A
:1031A000B7A44BC5B5BB056B640DBAAFABE43CB976
:1031B0008C65670F24B6704E0C215F7FB78236F79F
:1031C00040D3BCEF23E2D8C902CD7AE7CEB7B56EC3
:1031D00057B180180CDAC71D62B6251951BCF1022F
:1031E000213A3E8466EA437D5C186EB010F113D03C
:1031F000A07ADCA45DEF484457BB880185658CCB81
:10320000E63F928374DE2A84BB8660262EE1ED0BB6
:103210004900C0C18294D8A9021CFFDF6E50762AF3
:10322000565E6FFDB0262CDA028B7252F0A0450577
:103230009C03CFE23D069340C3B9BEBC6FFB591758
:10324000DFE6ECEBF5E3B53D573B0B120D0BBE9AF9
:103250004D4BE2D59ACF838E932CAE060CD1AC5752
:10326000AB418098AACF86F7073EE67CF027A16C99
:10327000E5CE1CD4AB9F0DF13A8AEFCC3E7CF70330
:1032800086DCF2A80023390D24E7008D5CF7943F1B
:103290006A8E2708AADF7E73CD51A4C7B648201BCB
:1032A0003E33A168E373C2718BAEA11D49D171A4F5
:1032B00036806B4A55AE62122272DCCCDE63D15688
:1032C0007305C012F20D2002CFB5D931D3E9B3F89E
:1032D000A331B43BF1835CBE6BF0F65BA993A0E72E
:1032E000385E1547D6CD01FC03226B19CCE2237A58
:1032F000C75AF67BAE667D402E0C79929D265B0008
:103300005751F347D1500E67B6A5B5EF3BA6EE6A0D
:103310005A9D7D430711064A7E95B4C00943567AEB
:10332000871647EF6819E62AE87778CEDD57A54477
:103330008DD8D4CD2709500FB265539B110F6F1C48
:10334000184BC798194693987FFA94B243B7DB3469
:10335000625F128749B35D8158B46C17987522DAA1
:10336000E68F298428A343A2FCF92F9751FF2374E9
:1033700039CD284A6379356720944C8BFB6065E929
:1033800011560F7A5C625112DB7D514DFAC4F42C58
:103390001FC3A21BAF8F05B76D954CE40C1FCD90DA
:1033A000C29673BC5B3A45DE5181CD5A17220D3C63
:1033B000036EC6C9A989CEBC9B34888552844BCE86
:1033C000F294ADBDBB123E6232943CC5B79C5BB477
:1033D000B4A33D2F46ABA96A15B57902846A0CF4F3
:1033E00048AB7CD9C956CCFC80BEFDAF90163802E4
:1033F0003725CC01C2A26F7441485A86C34C6B88F2
:103400008AEB96B17BFA3C6A1E7E012587643411F3
:103410007851C82396F7136033B4C5EEAF1ED2B40B
:103420004F41265C2864DE377B6876A7A9331752A4
:10343000EB2A7AF05AE10C149D3F56BB14F2247625
:1034400067730D9D38CD5297BF32D4AA9D827248C2
:10345000DF1EF259F25AE03BF57D53EFAB36D8DB75
:1034600010A19A7F54D05B3534A4258EA7CBFB21C5
:103470002ECD746CEE77199937EB0B9F8359B86A90
:103480002297BE6C3BF18549BAC4EA347C1D342DC9
:10349000BB5F8D759766C14152356759EB717F806F
:1034A000609A55797E54CAAB5C5E32718BE1859A25
:1034B00018398E4F289872FD724CE69E9581B6BEE3
:1034C000F1BD12D9345A6DF48873FC3082ECD88186
:1034D000F6096636DA73AE9EC41F6D9D37C4868BBF
:1034E0004E1ACAB7574C78CF8DA8BC6C7453C63DE2
:1034F000951C4FDE5A71C57D119E1D0766106C6BC1
:1035000055BABB9BABFE1E969F3257A51E929340A9
:10351000A9066E3D7222F7DB6F9900C4BE15E5C3A4
:10352000C2A2F12569F3F4A5F63800A5E983A7A99D
:103530005B3AB2EE6E8A5259473EF1911C9E4AF4B4
:10354000BCA83F480BEC2BAFB46A137F59BE1E39A1
:10355000102178A22C3CACAC37C4A126BD8FA0A30F
:1035600077EDB18EB10DD2F270F4888DEF28B43FB3
:1035700015C12F55A22B96AF042C8B229FD427E682
:10358000E3C09C172A194EFCD19BB3B456FE044CE1
:103590002E824A2FF45F4FA7AAED71332DED649F61
:1035A000E1220781C269E6725E18C86318611B4890
:1035B0003FE133134989313173160994DA098D9A41
:1035C000CE42E54C38CF7FC17DB0EAEF46485C5330
:1035D00074701C4CA9035EA1FD0CFEAE10D80EAB9E
:1035E000E678D3CF544F97A99EC6263E3BBE91970F
:1035F0003B6BF5706F2F0C74657D35785DFA513635
:1036000037A03EA8B3A2D6D3F381F1A2BE1BD1FE50
:1036100016BCC3A4CDC8E7BE020E71C097A8CE40A9
:10362000EC6ED9AFC8195BAE5DBD3838857F8AFABC
:103630000A00462DC69CA173044AFA9BEE21F9F4B8
:10364000A173BCBD8D653A5B97F266D03919D82F4E
:10365000B42BF09EEBF4563391159047DEA5AC7C6D
:103660007E86319C60B0F84667CC33978EED093486
:103670005219C715AC9E0B2BA499CC538BC8894803
:10368000B0AFEBFCE123830FF253D1E57FDDBB6EDE
:10369000DCA310CC1E71FAB4AD065BED0BE36C7CC1
:1036A000BA766C1D5CF29ADD6A38BF5751010F186B
:1036B0001488D0B76FC88E80A09DB2F45AD007AAE4
:1036C00025519D15793C9D64B1DB4C6266D613652E
:1036D0006A45674A563FEF397D27662FD615272C56
:1036E0005A17A9366344DDAB000FA7FB2B6939BA23
:1036F0000F584DE195E872B3AEEAAC0B8770745386
:103700003A3CC3DBC67AB0D17334880360A5841E0B
:10371000014ADF94C8DAE7E288DAB80879A4EBE76F
:10372000E2C6F8C1686A28D8B0D5F5B1333F0B3F7F
:103730005721B6B3694604528AFB2D89E04A947139
:10374000E26FB5693C08EC76E63B1E3321DB94273B
:103750000B9DB02B5F30128B3FF730CEB4DC79FD80
:1037600067195522EA24ABF22257FE0B7DA309CC40
:10377000C4FA45116F6AB28A366B32ED075EC987AB
:10378000872A412958298B664FD8B3F3CD7B9BDF1D
:1037900030CD1AE7B43BD2124E01106BDB12968F7C
:1037A0003FED1156429A9E0E6365F1DEC8FCF1FEB4
:1037B000CA228A17955C58ED7B20C9F7CBD9ED92C8
:1037C000B9CFFD6EA59947763133823AC0A7AC4197
:1037D000A7C7C831041FF5EF4A57EC368CC386BC27
:1037E0003816A65C9FDCF8A8255A3DDEE71AD131D1
:1037F000D47B7E5230582FB48134C121F533FF5130
:10380000DB2B020FB9B34805DA6A6512FA41BE4CE8
:10381000F38A49E67F809DBC4B8E22D70CC3697E1C
:10382000E572406CE9BE1EEBB5C0E89CEEC09F732C
:10383000B0695E8EB835332529DD4E79572D214389
:103840008D27B802086AA363C96680651FB041F678
:103850005796FC07F7AAD468E0B0745E6712F84E7A
:1038600083656EE5A67214A599D75992DF09AFDD7D
:1038700058E60F3557B2CAC40175B4A67125BE8B80
:10388000AECB84F75627750B3955FDBCABF30CACAA
:10389000B9860E72BE01126F1537C8CB703ABCEEF6
:1038A000391D89D412761845BC3126B3D4EA0B09E8
:1038B000BB5B1B26AB55446BF7BBBDB27777B1330F
:1038C0007E20715199621E4E39092B3DED4A4F05FC
:1038D0008904B283C98B7AF94DAA9733E8C2737C05
:1038E0003F9408D25A488321CFB955263AC014E2F2
:1038F0003825122260BDDEF333E666F024BA435C5D
:1039000007293C24B75A05207D4B8DE3A0F8E03809
:1039100062E47C29AE055864E11B8E15C9C1DD4403
:10392000EFFE6F60C9B78F02496E1D8320267EC1EE
:10393000D3FF5007A5731B4A0BE6C6F07CE7C45AB9
:103940005963073FCB384F22EA7DBEB89712678292
:10395000C92BA1949D070AAEEC6CBDF2E61AD45BAC
:10396000F6C414CDE18CAF75B357487B34B9009CD5
:103970003B8D44080B1132ED423258A4344ABA76DA
:103980001AD7A17E8DE95BA593FE00A29FF2427A31
:1039900001BFB0E656848EBF0F4129C067B80A2F19
:1039A00093AF4EE7A16B4A6E3BF21E170405E2B2DD
:1039B000FE676C0D3222D9D809B197994EA60971CC
:1039C000F5C4FDC693CAE13CCA7BA3DBFBEB99C6F9
:1039D00075C53E9010570CEF36743B2442ED34CE43
:1039E000614CC45059E054F58A9619B1E44367FE1E
:1039F0006C2DAC927D0C928AF3D1120A09D9BE5378
:103A00004534FAC5A758EEB9E797F3BE50DF016F0A
:103A1000EEC817C4098964954248A1CDCA9979C4F2
:103A20001144388F9802EA61ADF7E1BABEA54F594B
:103A30003174D784E0BE0AB354EF0389397400109F
:103A4000B08E5799B70492F243BB12CE400F5E700E
:103A50004FD0320AA086A169E0A044235A65DCA7B2
:103A6000EFBF414F6090B81F541F83AB5FDB59F924
:103A7000CF86DA8F250FFB2ED98341D3FB61BFE8B8
:103A8000274730522A0548B30BC1093B3A666533D4
:103A9000B230B4D025A54A252E376759DEFB7A32DD
:103AA000808FD7FE7A4F44189F9FA13DC5C6CC2872
:103AB000D612284EF5388C4FDF8BCC5AB092C39D6E
:103AC0007B78B0AA381A501E5AE49DDC69FCF338A2
:103AD000B9FC9919448686677D31F1CE88733A69BD
:103AE000CD3F10ED3FB1CBFA78D11EF1D9F02F3692
:103AF000C02FF32EC194450ECE4B0E7D7C5AFAF7A3
:103B0000716897924C15ECD6554EC739F30DC6DF48
:103B1000BDD2C462990A440ACE1E5263F46C303797
:103B2000F846F7B2D9234D6D92ACBC80F06B3701EB
:103B3000B5EBE93F13D2862070719B015BB400A600
:103B40009B96DC5947CBB9180AFFCBDBC39ACA72E4
:103B5000A58743E1EF7579F234EC1F4746C7AC50B7
:103B600031C399ACAA73561341406040B63C5DC066
:103B7000A97C164A44A931F6E297C39058C55DF96D
:103B80001693A9FC408F205A10F925E0A92C07565E
:103B9000C9DD65DEBF15FDF4D91A4BE43F97C72C8C
:103BA0001B8C57D9B4CCCD299F202A3C4C6E6882FF
:103BB000CB3FEA8A9C9453892C9516F6D72DC821C1
:103BC0001A83F7CACCE788E41AEBFEA1409B4DB5F7
:103BD000AB63CCF18FD0F13CC6579BD07E9A98193D
:103BE000C2016C9A6495BB89DA1F743424A089AD34
:103BF000A501E8CA6C7E3EEC3BDEC226735538DF79
:103C000000D030C83F7CFB44ED6C297BDAD8416F93
:103C1000285419361E4501AFC2973FEFB5D28273C3
:103C200064BF2DF74367B17DE8D75DE699695061C0
:103C3000578D18E61B3AC78F34EFB5A9DED3E6746B
:103C40004C18AC583C0C4D763FD1A1C908E490818A
:103C50004870C3845D6E36DC352B85E704337CCB3E
:103C60000FE6E27FFBC41EDF65D4FF8D2C4763FAAD
:103C70005B931E36D9E7490EC9313E8208CEE090EB
:103C80001D5AD556FA6704E67BFDEA549B33B0E62D
:103C9000F1DD43090F10DBB881362C0AD8AC4BB5E7
:103CA000FFF56EF4CDE1D29EED4503A2EA794FCF48
:103CB0009399E8E198DFAA6BB5B2FE7ED2067877D9
:103CC0008BAE3B2AE2FC939EAED9B3E3801F031177
:103CD000DACB70B3F620E34F99E86CEE910FBC1687
:103CE000F4FEA90DA33C4050140584795B85E85E81
:103CF0004CB115685FFA203EF3252ED172B1B5A7FD
:103D0000C43765DD6CD83A6740AE95D98413225B21
:103D10006BF3152302F253C957FD3A82F734007A48
:103D2000E185857E095D9204B179C8D233A0F6475A
:103D3000A06EBBCDFD2831D3BE0EAC3ECC67A845EE
:103D4000069B12DB2B16D3E1BB1398709F5D295B9A
:103D5000BAD68B4C206FB2D27029462010B79A94F5
:103D60003E14BAE6580DAEBB32E18D7F71F05B6256
:103D7000FB22AB26486A7429A9AC5007FE8906E8E5
:103D80009DAA17A6EED91ACB64CB8FB564157663BE
:103D9000F1F3FB5E02521BB9C14AEE47C983ECE264
:103DA0004DB955AC56412F0A4870433AF66659DD75
:103DB000CE96526587506D722F2075EFBDC71CA936
:103DC00093FA3BC006CF74E9717677E32F1C9C749D
:103DD000F266E2331CED02438DA75682D6BE3D70DB
:103DE000BC22EAE36D4C246DD3A6F499CBD6799628
:103DF0004D58E0472868D81675C13EF9B0C952DE63
:103E00002D08BF4D979184B360A1E0632F800F2BE5
:103E1000793641229B3F00A9204992010BEC5EEFCD
:103E2000CAB3E9D5EBF50C3FBA485779C823E17E10
:103E300095DFAA1ADC4F44CF2BEFB2851D6B730CB4
:103E400050C64FBB540EA66B36097037835A69EAC9
:103E5000A7A3E9D98DBF80CD77F146E7306CBD7D52
:103E60004A3AF8CBECA74DA831A054D922DCC88936
:103E700089E90A9687EC87F5D8B9C449C3665BEE31
:103E8000DA69E2412D3312240BA6FF9E8AA78A81AC
:103E9000969D8214BA644936A8D337D63FB5777455
:103EA000316A3D7CE9A5662DE67E524ACAEB49ACF3
:103EB000225FD49575F7FCE83175C7AC1E1663A96F
:103EC000D0D33E4CB1D6F716DDDEECAE5C11D1207E
:103ED000DC86038FEFB31564C62A3B052BDB1E5B24
:103EE000E6C46D1EBC49663F99670744E513AF9F62
:103EF00094DD83373668543DC874FBA4FA1A56A182
:103F0000704B0FE77819EB5506F5AB62171EEC35D1
:103F1000C329893A1BA313CA67860C28A32119F465
:103F2000F6653AC30F7793101EFC8422DB10906075
:103F30002739C83BCB2A47C1D71D9E100E490EF723
:103F4000FCF3C94D49DB542CF19393EC1EA6F47E8F
:103F50004BF5E9A932676F18FE57B874451F4C4DF1
:103F600011849080E4EB243306F9B8492926C63839
:103F7000A181730F2DA0545E7C4E643732312DC366
:103F80009F0C1424FAA126C390DBBB53B6532FB762
:103F9000E617D1713E6B99DBA8B7EB46BE8C0EEEEF
:103FA000BD8E0EE1B5608A58053E6BF6B79D191FB0
:103FB00001163116B3D8E3EE7706185F9F922B13E4
:103FC000B1425A9F4C37B0A30B38298331C15F8768
:103FD000E2DF289802A9B6489E7B5009AD32E3B9CA
:103FE0005F4F296252CBE1B90E270F1042D44A3DF0
:103FF0001245AF3CF40FCE377F881D4530C1D3C189
:1040000086BC5DB4438C46284E23B5236BF58A35B8
:10401000BE7B240F1D34CA1661C322273A5C71F29D
:104020003C62B3EEA91C8B0526AAFA843DFCA84A83
:104030002C8E57D441A074CBCDBFD2539F714A8BE5
:10404000E08A2D272ABC2C9E6A96D727C76A82321F
:1040500081BF32AA4BA96430D887A9BFFB8682EB07
:10406000697D5CB27EF73330ABD314F0DBB9B5D3E6
:104070004743878FAC0E579F94E9D60A194FDF4309
:104080009F3E9D493E512D7BDFDDC48D6E454948E5
:104090001CA731AC5E4C0A851AC54695C9B8D451E7
:1040A0008056C46D8E84BA6AC24BA9B6F221856F60
:1040B000F8D2109158FB61B34BF7AD13EDB0016A24
:1040C0000DC980CF08BBB570366EDCB35883063699
:1040D0006BE56EB5DFC30BFA0F731001F4AF136419
:1040E0009DF4E971DA0C4E2938B9FFA3C7D7E3E88C
:1040F0007D8B811BC1ED094E7C42BC9695FAA404D0
:10410000FC106CDABEBB9FB389995C73C8DFC9C46D
:104110006FD3FF56ED0FFAFEF7A9E62A9CA926AE4B
:10412000116CA1CBEE495BFF11A23D820B1F54A283
:104130006D854EFD3B764B93E95DC388054D2BCDD8
:1041400048504A780BD31179096163C2BC146DFEE3
:1041500044A9D735CB6F2163FF17C441859D004E1D
:104160007442F25C3E89D3D5CAA5FFDE353B1631D9
:104170004F32909F085A3A19D0BB1E5F4D540DD153
:1041800043336DAC747C2C84F86528E5B246AE7878
:10419000454109C4428AB296973A0E2F6799228404
:1041A000EA95243A302150A34E5845B2C5E8B445AB
:1041B000FC80906C2B909ECA52E7C06451DBEA12DF
:1041C0008CCCA241670D0A5BE50D4B2F7AF6417C42
:1041D0005F95B44B6F3E1E220AB17E0FF755311228
:1041E000D2237BF23A24CEDA2302286C6C98EE922A
:1041F000DB209050CA173D3131E21332F57E898FB2
:104200005E8AAEB935B877DFBA2927393498257474
:10421000F6ED9585CCE25B2C2C1FA24FC84E27FBF8
:1042200027C203EB4317106A1131C4E5CFA373987B
:10423000DF99F12D0ED64FCEB36FF313804E40B2FF
:1042400052061E6C2BAEDF3DF71FFD8506A89B288E
:10425000543428F8F9F90A24CD6FCCEC59E20C2734
:104260006109BF46C03526A634AF1E6021FEE88F27
:104270003BA20BB9237247D25A23CA3A9B3D38A4BA
:10428000FE778D864DF67CC30075666C67E77E7A97
:10429000F135BDF2F8E54A805310FE123A9B9C1EA0
:1042A000E09EFA0F2C67B4680866D1E92AADC9769A
:1042B000132068D480772EBB086C4DE76865CF96D5
:1042C000684A71587AF1C5F5CCCA282DA49F3DA83B
:1042D00012ADB94666A1924F4E7E9F89FD81A64DD3
:1042E000ECBE4713D6A01FDA009F2B1D59381316BA
:1042F000E3C79C8AB33DD85A560AC396E26B416124
:104300002B8FEC0CFD2BE8C1D396D0D1DB8B801F1B
:10431000FD20271535BB877F7771989FC355AEEE7B
:10432000A8B44524CF9CE5F18369A9AE017D6D5AFF
:10433000B6646B98F8D86A87052D851497AA76AB72
:1043400044DD497CB92F5C74CC451F517D520FD39D
:104350000CE2E71BA9433EF77251F636EA16BFFBA3
:104360006742A12C727CE7C0D15814F9313FA5E215
:10437000A7CB15AA460B89DC7B16A3D5E2D4787FA0
:10438000E2C21EA00275FCF14587026DA836AADFC5
:10439000754851A96912E2E92F073CE28E14D7B1A2
:1043A0005D83D874B5EFE3A4EC81DB518E9E365A61
:1043B000E4ECF4CA0F55FAF966D2229D8AA4965C01
:1043C0007A2201D180F3DFDD85A0DE1266BC393AA6
:1043D0005850621678DD27A38253FBA5DB188CBBEF
:1043E00094B1ECFEC493F817C28E316C90136378CD
:1043F000EC9F4522B121DD54DC134E339C7CA52576
:10440000F978E4AC722BC5638450FDCD64F3E2BA55
:10441000E68B8B0621AE4F7D77120E95355D21F62A
:10442000A25D32DAEE7C827E081E598B29FE86BFA1
:10443000C4BC87285116291530F70D9C64BB9E9C7F
:104440008605F6F0037C8CAA39E4B99EE4A0A64A5E
:104450008180703D7A956BF38A8D67FB81452CBA1C
:10446000C4A18DEF4004FD1EAA1B13A0061AE1A5EE
:10447000B9199DA37E1258E5A73AD3AF7BEB2CD296
:1044800070AE274DE78E9F703E5918AA884E88C19E
:104490002FA3D00765DD137907F47CDD21934DD57B
:1044A0008F491B5856A5A98898B0DBA69452A858E6
:1044B000E862801B6F3693F5362A0B8B4F3E36DA57
:1044C00006DF0CB8FDC01C02276638AC7E7D39DAE9
:1044D000EEC3DD388001FABAC6C2492BCACA38DE3B
:1044E000A7056CC8F6E994877373FC1A5E8A6E712F
:1044F0005E2C00CCE067AF0B897F2B2D265ED9F6B2
:10450000019E54AF8306330C3FF3D74B472BD55452
:10451000076359782E3DB95323D29E822331CF5E53
:10452000DB02DD6DD56253C0E97DF34AE8661A42CD
:10453000DC23A13555C4071EAA102C0FCC5B981A9A
:104540006E66613983FFCDDBF9BA0EB68CFA7EA2B6
:10455000B3709A12CBB89D1367C188085235D5F94C
:10456000997FCFAC8D49B229B967417C22F81A6F87
:10457000E35CFB360408486CB098F73C01DCC440AF
:1045800058A4876B48091A196E5FC6ED94094A84CE
:104590007003FD45939F5FBB4E9B9BDA9C6B42670C
:1045A000FC7C2CB800C5221D3F901BC2FA75B9C90E
:1045B000D5BCAF094DADAE0FEE17547920F4EE9592
:1045C000321B62C54BEDEF9E32E19F00E49B20D988
:1045D000328BE51ECFC2AD690560639B3F8A2B8C91
:1045E000EEDF57DA166336D9E438A1FAA9B2D2A4BD
:1045F000751DB7BFE807F84ED71A4AC9AB6AAEC6F1
:104600006127564010D23303601ED1945BB17E996E
:104610006067B9F2F12C7F60D3D115EA4E5F1BA120
:10462000ABB54145792B038664284D987C23DC8A01
:10463000B607B62D745C29EF6D26F8A7072382B55F
:10464000EBD504C2A80644849766D1837A3CB09522
:1046500074FE77334C058771999639A13F5D908739
:104660003FDEE2B1D78CF8C36EC584E718621F68DD
:104670008FABE34A62406267248673B5FCB4820C58
:104680004FBF494C948F1F39A8024FD5512239652D
:10469000F47929F7444D5D6CF9FEB033A2B20236CD
:1046A00011F0843ED19EB86E29B7D66D685094D370
:1046B000643D9C18466E3F81ED6F0B45812151A2F0
:1046C00036BE6DA0778AA066B48AD58BC880A16DEE
:1046D000DA3E87C48EAD8F8E4ABBE34A196EC8DCC2
:1046E000E146E6826F758A0D562BE3A71ED2FAB417
:1046F000463A89CEC625121FCC41789FB7AD13919B
:104700005AFA952B14268B15412FF651ACA43CD0A8
:10471000F7A9F5E5BF70E8696DAF6539899D18F2B5
:104720002D306C4532FA6BC742D97C29FB8BC17A9C
:1047300095E589A4D955C421AD9AE2BCB77FDED5F1
:10474000715679EDE807AE3E1FE68F282A6FAFC895
:10475000F343D6CE455D8ABFAC1335C10683130E35
:1047600073AD9A920E8E96A743CB220368E4F2872C
:10477000E85CC340B2CDB9412B44846D6FD33C3E5D
:104780000AABCDC1A2CC25C4FF2D68057E5CDC3B05
:10479000B4D2726283D2B98B3E57498E34BD8EE457
:1047A000AEE4B4A6EE05D619FD476CD84FF2A7319A
:1047B000BEAC57BB55E9823D1C7FFC149411BD353E
:1047C0006162C9CFA4F8CC6594A2978C37D70288D0
:1047D000ECAF5201A71815AD48B667B963FCB8D065
:1047E0007F6A196A2D8B643122B58300C91566D59D
:1047F0005616270D7A970BD90143FD698BF08481FA
:10480000E239D1BC27CF71A9C54CA19C1C391F0B23
:10481000F6DE8719EA9F8268DF31BF81D1AFCB6CAA
:104820008548D0E4C69870E6E5467769D5B677390D
:1048300041AF1370032661033B402671FBD568DF4F
:1048400046F574DFE298C98A05B11E656635F989B7
:10485000C27561A1BAB2EA36FA58384A61A509D1DF
:1048600090A84D4A78B206F9A0892CD811841AEB89
:104870007D60705CE37D3A9CFF1C69EA7A67D1E059
:10488000BFB017DDD90EA4A06928E21CC34A811D60
:1048900094E976BCB01D4CBA44EAF4C22D79477253
:1048A000C1C2726EF5C4D26ED0395F2AFEF30B49D5
:1048B000D3AC7974070E1CB6A3552667B0B8083B75
:1048C0000501248504A3794AE11E7782F19392675A
:1048D0005196E60919DD5CBE3A78CEE7A47FC46F35
:1048E00063044B496BBEC84ECA2549AA89F2948914
:1048F0007427A99434F4FEC9A234BC74C45678D485
:10490000B1BD8DE0A1231A6F9CE0211137A2B20E38
:104910008CA24A047DCC1EF36BCE17F4C64768CD3B
:10492000674D4E2F44AA7E3FB491A6A9FC54612E38
:104930008B3526E37C8281ABB20B3FA730B0531F8F
:10494000D0C3AE8005AEDB49FCD7CEB34FC6004A1C
:104950008B45FEEBFC5D41B91796193E64E0D8D15A
:104960009BD0A5399FB666D9D594365B079D15397E
:10497000C45D98A56CED8093F85DF961AB28CBC35D
:10498000B6953CEE8686E0999ECE2D48E61E8A8C32
:10499000E857DE407035C277A9106CF69D6A560163
:1049A00046E165E9CB560675EEF2BC1CD75C657135
:1049B000B3D88EAFC5BB796CF1B39E4B5F2D7462DB
:1049C000DE70934EEB0E16CC08275F15F7FD7D7851
:1049D000EB4429C4D59180C238E8B00D949BB3A2B2
:1049E000CF26566DCCAB10F59FC5162B30E594F550
:1049F0002BC0AAE9EF442A78D99C405F497CC24F7A
:104A0000C1D7466DA982242B6356F2B44C640D5A6B
:104A1000DB0A51FAC246C509FCAFF9B6904270F8FC
:104A20007A1A9E09441452B294C702BA95E5EDB7BA
:104A30000F208960398AC4438F524C5BC9635CA4E0
:104A4000C320280E4D5F31B35841426A5C05FCF427
:104A5000D33C6AAD6F22D883D3E0141C5741DB707E
:104A6000E0C852C8D674FFD1865F409197757C0D1F
:104A7000B89A851097D83668F71DF0E8286EE417C5
:104A800096D8B8795397D4564D33C5AB1BBE23EF98
:104A90003D7B08CAF3EE6F7243BF210CB100F3EC0B
:104AA000785B61FF9B23F848144AD79E06CCEFDD64
:104AB000DD7A9789D58D917528508263F331CBAA21
:104AC0002FE7798377A19D09AC1F30D7D01A0EC884
:104AD000FF96F9A74A023727E46371D43C20AF99C7
:104AE0004CD87B35B3972ED040E969532C9DB6FD49
:104AF00080FE60597D21FF473D87BA537CA91DA5E3
:104B0000AE30E055F7634E4BAA6B586A669D1CC7E2
:104B1000F37660E6096FB9EF342BC65FCDA62A00A5
:104B2000488E0004636757DAD477FB991E57A1EAD1
:104B3000C53A474A514A3EB3B098414A8181CF971E
:104B4000A33E548022B389ED528BF1D3756CF2B33E
:104B5000BDCE06B09B89E4F1F27DBAF51CE110FDF3
:104B600074914D2AEDB65429834F0F60A5DA2F0BAF
:104B700020185C48F6F299D6666E5041D197EC73D6
:104B8000A5983F4A1AF5C83086CACF708C30CB3909
:104B9000EF28C5F3FD8D391EBB9EC2A42E97114E82
:104BA0007373863630C7854A7393B2ACA63E2434FD
:104BB000C75D38058416F6C81FFDCA70343FBCDADD
:104BC000CFF15FB08F21D464FA5C42611AE8FF91A3
:104BD00060F0802731EF7EF1825D3F1F3CCBD2F544
:104BE0005C5822AF1CB6507B4B2954971ECEAB6F3E
:104BF000B144D2B97C4CF33BF0EB45207ED3B44CAE
:104C0000B5454F46AEC9BAB132D4546ED481BD3524
:104C1000CCDFD494BF8E4716051050EE19494F6370
:104C2000022C255FD6C7C95747D1E9A3014BCA92C9
:104C30006CFAB12D790120818D46FC7C5BE23292C9
:104C40000F8E2A1E9105ADA2657966C565E64734CB
:104C500038163D9A645D7D6F4269214CF4DA0F90FD
:104C6000054B75C5FD4FCD486E8067FF487BD2066A
:104C70001CEF00930022227E2947BE362EE40288D4
:104C80006EC42C795C9AF03619408934E2016C4A82
:104C90009B07840FA4D762B984A4CCE1DF38DD156B
:104CA000C93AC68366E8D756C1166C70FF2FF1303B
:104CB000BE9DEDD800C8498CA275FC315C022A1358
:104CC00020CA4F5BED87E3E03E8DA2F6FFC79B71E4
:104CD000A9BE23A9CAB481F521C68AB5DF3AEA2163
:104CE0000CE8356A3CE95D76B927C075D2EAAA14AA
:104CF00062A7F647F3C7F765224759994EDD9A4DEB
:104D0000F8093341A8FB9193122704EEC09EB550D9
:104D100019BD246782857564775941596851FB2F05
:104D20007CDC625ECD5C52A8C34C935B11260BF910
:104D3000AC49A46779CDD1B8E7EE94A9AD0F56D0B0
:104D40002ACB1B09E03CCA0957C3ADB397D36811FE
:104D5000C91143EFBBA04FA427C6EA65B79EACEAD2
:104D6000D4ADE2153752309360611813E74E679E59
:104D70002732E59F80E7967A55E6853C685CADA1D1
:104D80007F219B9489421E150DA5C5FB7B47108E84
:104D9000780C7607E744E1E20D8352EF64D21BB250
:104DA0005EB6BD98C16FC73C0F19A258FD5F4D6636
:104DB0001C84CBECC17743AA6BA14B05B62667C90F
:104DC00079C896A4330261E3B20DEF4D1E3F93EA1A
:104DD000199D76C732161F87E8F13EBF0A902FBB98
:104DE0000DC15B69D0FB8F4608C2240AD36ECBE9A4
:104DF00038EB0E336B162F33790AE1169E8F27D9C5
:104E00004D3B350EC384024BBBC855BD99CB80AB1F
:104E1000C8CF61802E3D8CBE6358C9D302CBE8B8A1
:104E2000909CE3ECC390DE86A91C1F5D985DB7A53E
:104E3000B27D10F11A91678C463EAFED43ABC25E76
:104E4000A7D980177A959F02897214CD0096A5E2A2
:104E50005A6F2EC82D5F65330FA02410E55FA9BEE1
:104E6000CF6DA2847576F158B4D7E5F628F5A8CCB5
:104E7000DB92374C3ABBD3C89CFC26D580D3B2B565
:104E8000CC15A3A87DFEE7AEC69AC0FD0F7E41D922
:104E900067E493383803C21A8CF1A6BFDE2B99CA97
:104EA0007AD200585A2DF118F04C7F901B1D9E1B92
:104EB00082EC69E84A543D27CBFB209F9FC390B505
:104EC000D6C7905542268B72CA19CF27B554FEED2E
:104ED000FFFAFA5609082963FD2EA4EAA7F570FC2B
:104EE0006C327917674D007DC250CF4A0023445D74
:104EF000BDF2493AFB4B25786A4CD39641FE817846
:104F0000EE192B3AB4F888556B09EDA88A235301A2
:104F100048934C258E25BF7A389F53A8F54B172709
:104F2000CF70E031F6E609B3DA844350292318162E
:104F3000796AD18CC6DE8DD0588093C6B3A8A1BD46
:104F400042D937DEE980BEC0EA3FC379D0912C2038
:104F50002934B6233C5EC40B0DFFB5272632A6B517
:104F60004A882A03406FC85E9C7FC4E67FBA6247C6
:104F700015CF30232A097DD0769E84D1E05E75A1BD
:104F8000B6429E9412CA5245C2A9B8459E2C7A34A4
:104F90000E9F9038CF834D29501C9A62CC684345B0
:104FA0008389EC393FF576ABEA661C5A44CB74CB67
:104FB000084AD6E43EB41808A9314E9181B6C1C959
:104FC0008084411FE8B3CCBAD52A1DAD6459D4887A
:104FD000A8FCA2A5523E8C722DEA27BA202143AC30
:104FE00028207229F8A42BFFA261551503974017BA
:104FF0007F3AD6E124EDF895B5902798ED9D7ADEBD
:10500000D2E410D4D501AB012080777AA6F8FA4E0D
:1050100089AD80983CC1D672F4FE182D402A6FEEFF
:10502000764E1C73CC749A28E0E032AB967D40DE5D
:10503000AB83FD913D2248AEEAA5C95ADFD6023DB9
:105040004B4FA163ACFE6D7AB233F409451CCD021F
:10505000EB772B5CDE6BCA89F8A3D24F93474EF0F7
:105060005ADCFAFC4337FADDF03FDB2CDAAFDA2307
:1050700003BB0696D05577AD80E7A3202C7EB937C9
:1050800033630329CDF08FB1C1D22DA5696DE0AB9B
:1050900043760E766F9FB35AD119D33A4F0325EB5F
:1050A0009EF2EFED4C0B9E96CE01F25E6BFB6765B8
:1050B00060B938B77409988C62D4226344485AF2B4
:1050C00095E8B4DF3973C79B2C409E08B44A06CCE0
:1050D00032BECC885871CAA6C063BB6090BACC748B
:1050E0001E3CFFFCE73A1004C53999A30AFF7C0D6A
:1050F0006C731E0908276C6AA7139E1DB521C09208
:105100003CB40A7A589EE24A7C3EED308738F14A38
:10511000A3D2377DBBA5F866B5FB06817B5A6F012C
:10512000E9222EC24C898D2A78EFA95A123D61825C
:10513000F64C049B23BA931DF43819696FD2751588
:105140006189A32EF8BD101069CBA1D9356914303F
:10515000F4E7D716F68EE535346E719F3E39DE2BB7
:1051600050662A165808ADFE09A16E926360E38569
:105170006FA283B430C729EB736007D47367DE8AEC
:10518000D9464214A7BC52EDDC0742E17CBD18EBC6
:105190002DA1912CABE73AE132410A8FDE136DCF9E
:1051A0001190125D250C95C1F627C7583AA59B10A2
:1051B000F17AEF5DAA56B18FED2DEEAF788AA56931
:1051C000237B731E52D6DF0141C4FDAF88C3D67066
:1051D00079C1388C3EB2BA7F8599BA1142494AA644
:1051E000433CD54D8322AA2BD340583AD103075DC7
:1051F000ACC84387660498ED820775FD550022DD33
:10520000E15CC7F8F48875BA30BB1AD10FEB8F2870
:105210002C62C907EC423D6638A9F46F29F92704CE
:105220004B8D63D322E4CA4627AC083F35E075981E
:105230009A71F4611C3E58403052881B7A1EF2FC71
:1052400019F2AEAFAFF6C3C1918854F313ED5B44CE
:10525000C1EDD22C70EE00C4150A4D31B9B2D59310
:10526000E61ACCB758D8C3A0CEE7D7019D3DD90DDB
:10527000F525D6F5290B89DED600F4564A3CEF9F7A
:1052800040F03FC858AA7AEDA17FC0F9477683C89D
:1052900090899EDE94ACCADCA075DF0BEBFCED07B9
:1052A0002C2DBB736244A2937EFAC90AA913A4866B
:1052B000DDC7886EFB91762FBC570EE0695669EF0B
:1052C0004970061F1702FDFC45181A55D557963729
:1052D000A3E3ABE230EA8F9D643D6508995DBFA111
:1052E0005466E000F1215FCFEF7DBDBB7E1A76FAF8
:1052F0009B6F618E3BF98B25A43498507286803C5D
:10530000B7A51DAE30BE50DC2EEB60E8533E6FF10A
:10531000B82CAFAA14A0590ED22226B2E3B304D9F6
:10532000500ECCA566FDDF5FF7B060DBA4337FBB1A
:10533000CDEF5BF86D38EA1D55EB809A8CCE943436
:105340008B810915C0B76F0D9E525A7B4993B4D516
:105350005D5BEBC27385CAD95341B2F82FDB158868
:10536000BAF7D5443FCDCA32AD7723EEF5B74A87B9
:10537000C2413A27BC019D5370652B08EFB8C0B8F5
:10538000A3B467E5666EB68AB2725B47DCEAE7A84B
:105390008D33EB8F36437CEA3273F31BF19B61BC98
:1053A000ADF02368B6DCD8AB01AAAB1A5DA0DD96E0
:1053B0007D26F5ABFB61F09665D426B0DBC0B76FF8
:1053C0000811D0A4AC86F63A2E7AB3D96959699FF0
:1053D0000BE8A8D1F6A5AE6BA3B08DD9EADF940592
:1053E000270A982344C5E4E6A3B73EC61303681012
:1053F000B3476F1625E25E5E1CEAF19D70FDA3A81F
:105400005BAE1348A22A55DD305E57918CCE69D52C
:10541000A9CDA9E1A842AC49114F237D29E1CEB025
:105420004F727470A447EB40666BDF6C785BE7DB10
:105430005EAA7A520B7020C6CC04895389231F19A7
:1054400098BC0EBA295DAAD873DF4375670D810435
:10545000AC9B00B85640234ED34EAC8207A4FF71DC
:105460000DB4C405833B95E1DBDA927AE62655D28A
:1054700058B7495261DC6FB346F5D3661F129240AC
:105480007645FBCEC812AE4F5C1AA16A5FE81B00DE
:105490007BAC86CB639850B31C51BDA50EF3AF7B9C
:1054A000F8B7158E4D43B91216AB46A945A953DF7F
:1054B00005AEEBFD3A8F8B093BEFAC5F103B8CAC3C
:1054C00092EE20F52DA9CD63391E3DA98C37CE254E
:1054D000949F82040025496B43FAE50A42B8723D65
:1054E0001F3607494C0CBB64C766DA90AB8EC5E724
:1054F000B66F948512CFF6B09D5D1BE487A6551A52
:105500009D66CDE42EEB80B74EEC286F1BCC22A716
:10551000DE6485B8E83B630B71FFFE850B94D7BF53
:10552000089689E444522D6E2A3A394750E852AF22
:10553000C98A6EF09CFC1CF10E9BD1D98B227E3760
:10554000A162AAA3C30FEABC667274A89025CF44D7
:1055500077D8945D2EBB6C7953728DC6749B1722DD
:10556000164FDB932FBFBA92232A9842260E6B91D7
:10557000646F76C3C987E0DA404C38843027EE1672
:105580002B82AADF9194AAB157564117E07EF214FC
:1055900012E5CF77F7C6EC5ADF045EEBFDD514EACF
:1055A0001B7ADC11F986EEE5D818BBBB67F641EC37
:1055B000C8B746A4079294CE98D818CEFAFC69F8DA
:1055C0007EBF02E00C15F0D86FA06C6D6F4E1020FE
:1055D000C3C8237678DB045B66421C5601D40018EE
:1055E0005557270CD55CBD17854009B65629957DC2
:1055F0000A14C8FB6DB370C9B1FF87683142B51397
:10560000C1618C82F35B3A44ACED74239A83DC6114
:10561000D9CC221F193BB4BE6CC78BEE7C933DA244
:10562000B98D7F63D0717DC63BF091288AF732B780
:10563000D7406F92E9E1ADD50993B393CF80C5FA16
:105640001572FF6B73DBA2FA4BC67D7CD376F266D4
:105650001B9CCFE1AD14DA0025142F3FB8E588F08C
:10566000EA49C15C657BD3213672A170DF4E7A3086
:105670007D27E058503BF223F1F5513BB986F92BD9
:1056800023D77D4FB0318DE4BC42FA51AE1ED2819A
:10569000B849A7569278778BA7A64550B108B59020
:1056A000E1DEAC2279D957DD60B83C0A0E30E93B27
:1056B0003B799D466AE71978174B359D24B8DA2C5B
:1056C00093DBF2BD3CA6AF8764037270ED7694C3A2
:1056D00019D02E9238FBF4FE453BC6AEF623DE6EA3
:1056E0001EBF0EECA9AC87D716232185CDCECF0DDA
:1056F00074F88985180EA34402F61667594C05D62E
:1057000026FD135333C11857079EB27E5500BCCBFC
:10571000EDB44BE8D42D47E36ED2A1549342509997
:10572000F1E8F9E365D4AD6F091F500AB7B20A7DFD
:10573000108E5E7AEC0A57A8FDD8077D570B75A826
:10574000BB18C7035017E76E6F1F5DEF14C5F482D7
:10575000A80D3E92061D4B3BF3B8F60CEEC0A7E138
:105760000887313201DB44286C3001D07AF9D197B7
:10577000811686B87E7FD3D899D4355AFD2E3E1037
:10578000EC32B3147DC29B29BA4E0C1A117D3894A9
:10579000C3610389062651C3B9EB23FA2C56157E43
:1057A0008502C01DA44FE996A8B8B110DB67923EF0
:1057B000049B0776D75DC5AC72F68B8DE5F6D29566
:1057C0001AF39083E32E9E0A9B9369F2254D10D61F
:1057D0003E1CB81EC3CFBC38DEEC96C5719E79B0B6
:1057E0005BC13380F4974FB8EF9EEF376E98A0EB14
:1057F000F916A4B098C6F1DB44559C0FCDC4D08EE9
:105800008E46E3AB48CF8CE2BDE93F90E0CB91D62A
:10581000A4E58983F30DACF6BF962F78E804561DF6
:105820008395D4E9FCDB672CC5D208B07B6129E500
:10583000938215D91795D1E47C8B8C0B61E7D1AE9F
:1058400057BA48D7C779CD2A1999C15B282AAAD84F
:105850001B4C38AC121D965172EC2728CBDD34FD61
:1058600078595C65CE6488717349ADA10C7A0AB928
:10587000EC048149FE3B58FE69435776496A7DF83E
:10588000474E381B7FD94B1BE82E3846A483324C39
:105890003A2ADE6D0005357BCEC4813483AEFC56DA
:1058A00092136EBA1D5F73E158CBDBA1826E710853
:1058B00088E4803873F6471DD62535C2E8980297EC
:1058C000509BA916B4D72761D5652677C4AE5FBFB4
:1058D000A375ADB92DD006E45B53B0F9D4B65ABC6C
:1058E000BFF33DD8FF6BB415180D18F5BBC9D753DE
:1058F000C9234135F880686147AE94E6D49EFE5FC7
:10590000FF8A660B5B355680BF22CD95FCEDE65FC6
:10591000454162C3FC551447D91F049AB2C5B9A7C3
:10592000F22601A005C810D262651591DBAC96374E
:10593000190D8F186104B0C7835ABA2412C6E490B7
:10594000B8DDBD277C8A36682998F44AF2B16BE14C
:105950007F26505CD85CA0F7BB6573E33EE18A4FBD
:10596000071B44961D97FAF0365B5E25D2F68F3EF4
:1059700075F147DF31F0E0672B1522DD981BF6A1AA
:10598000B0261876D0C67A300F46EA8A2D75F137E0
:1059900029E6F2F73959E26E9BD1DAFFB8AC7CB553
:1059A000EB42AE5D97D35AFCA4936123BF75F338E5
:1059B000771B7CB00CD550AF11009556503CD0965B
:1059C000C87C8B07B5E3C54439480ECF3E99559F37
:1059D000E786ABF5D7120B6FB4F3F79FF5179DA3CE
:1059E00002E8568039D9E191882FD32FD5F993EE6B
:1059F00062685BD7B55140EE3EE16E8FAD1FEF4759
:105A00005250A01C0E076796049F452F521A1C1077
:105A10002DA66D5F1578114150967ED863EC118DDF
:105A2000A3F3FDABD388CD441DB2406870B7A6F494
:105A3000FEACDA992C3EF03A2EE6DAF8886B2FA20B
:105A40009E3A03ABC06CEBBEE81E11416F8BDCD3FA
:105A5000EA6595DBFA5BE894B5AD8AA102768AA87F
:105A600074910C9293103F760C56A36C919FA41DD9
:105A70008333FC26C579CB76DB16D71AC30BAEABC6
:105A8000BF059158893D6E9C5C7687E5708B986E5A
:105A900084FBC17DE26A67FB0A8B1E29FC676D6D82
:105AA00043C4D0AB67E34BC553AD782FCD6EFD7BC0
:105AB0004B7FD4E8DE28BBF077B34ADDAA22EC4264
:105AC000DF7ABC3B58F38921C54E89EA239C5E11DD
:105AD00081B05D438ED2A04924E07B5D5E1CABF6B5
:105AE0009E821E5ACE502759FAB2800EBD9FB53302
:105AF000C0D636A8CB79C43C1DF831BD60718B246B
:105B0000714667629640429AEEFD72520470042616
:105B1000ABF3A8AD12FF5DDF18583FD7912E160AE0
:105B20006D420577E75F2E17ABCF734008ED1EEA95
:105B3000C1EC90272E7886E900E88339BAEB1C7512
:105B400009E094C14929EC311C8609B23B600E0082
:105B500002386E56AEDF131EE402E6840AC36A21E1
:105B600076A25B363A1BEC85B53C788A4AA4382984
:105B70000FC1F948290B1F132DCA496AE56D85C469
:105B8000E84F6218572EF754C02B289CDB04C7AE91
:105B9000F545440B964AB9EF849240A8D5FB96A9E7
:105BA0008605A474BEAA094E9319231B6D36F61BF5
:105BB000A35831B301B34D3CEADF265A0947842B81
:105BC00061F0780CC26EDB82B60D2FE529A9555D18
:105BD0002F08040A1D0FBEB6E5A4B79A60C422962A
:105BE0003AE87FDE068B75197E3725D38024FF6A5D
:105BF0008ABA67BD50FB0A72885D09ECA718AF111D
:105C0000249ED32369A43BC5C958C629BFB95948A6
:105C1000D907A195363B1C50B2A4EB15789EF9EC40
:105C20006F6B3DF3991329F4954D8B04B017B79F13
:105C3000A98A20B615645804537393DF38727660CE
:105C4000ABC5ECFBC9BC7A0A63E22EBAF62E29A3D7
:105C500059FE0078D4DA174BDB0E768C1D09043A16
:105C60006BF6369AF62CF04FBE7E16572F56542EF2
:105C7000F7849C90105BA51332E571DE9C923E1573
:105C8000AAF19020F2B9A6AC1C8B32D93EA2358F76
:105C900015E1B2C30F6C28F123426E45A11D3F8967
:105CA000234FC975FF07217C9DCB54AA0E3BA4EE60
:105CB0008F979123E829543C1B4B9161C55D2D853D
:105CC0005E257FF903C9BF1AC18316AF0B418F153B
:105CD000AF81CFF30A16E6BF367B6837846ED8F6FD
:105CE00035ACED22C6BB7DB935D32F6F2BDD193412
:105CF00019105DABD93393CF00803D45F32D61443E
:105D0000979668877B815DAE91C19AB945ABE1A654
:105D1000C59B4F374A9D1EE89B359F57D384BE864F
:105D20003365DCE6D5A6E1AEDE60614EA98E58058E
:105D30009959A350FEF18C54A40A15FC0993EA3D2D
:105D4000D5B04C9E5A0CA0AF0F5A75CA9AD89CFD7C
:105D50005E996CB8207884E6221A44215C3B559702
:105D60004C2E7FC10693CBE816205F82F5A1C706B3
:105D700022860B1D4E26CDD3512E477D3C39AB6F6D
:105D80007E4AA6FD0600D1368E7A2A4A99427C3890
:105D9000B9262057E4305EB53B4F9BA0D5D1524881
:105DA000B94AC05EE791950FBDAEF760FF59ABED04
:105DB0008B6823CD1EC9FAA0213F16B3C03EF08BDD
:105DC000E3F299FD3067ED51528C6D74459BEAAD5D
:105DD00071A29AEC684576013F540AB9C4F87C8CEC
:105DE00085FBD78A8FEE83D312807301736FDA80BD
:105DF000169593671473DDA87698B4F687C7294A79
:105E00004358343060227242381C7D1B5BCA9C1A96
:105E1000586A7CA9CEC5DCD8DEDFC7C136990C2E06
:105E200006015F7CA1C2DA8DA44581DE36E3735A98
:105E30000AEB143F6B0E9E5E1A7118FDE0172E29B7
:105E4000BC52D3BE984C1ADF74B19B20443FD88F0C
:105E500018661A51A922FEE28291E248EDCC69E669
:105E60006D281080666B086010D5F4C588ECBD877E
:105E70009E82AA29AD26EADA0C13B728AA3177B494
:105E8000F3E3F134C80862B204B122E89DDCE6F81D
:105E900061F91F6660D11C75B4ACE65FB5A6D9A0E8
:105EA000899A4EEC7AA1ED24070102858470A08DB9
:105EB000F69478C35187BF1D0AE02DA3FDB99BC29C
:105EC00058F77077EFD7B78A75B97BE62779413BEA
:105ED000C0DF4D01EA5E9785F0780E592414AFD5E6
:105EE000DB26AA87613E26A1F651C0316F7D63ADE6
:105EF0006A8BCB6563427BF1BFB0B9B5BAF938DFC5
:105F0000E86B735AE2089E92CC602989469B17DDA4
:105F1000ABD3E95F707041C3A185F600EAE7F62EC6
:105F2000D816EFE57EBAEDC5C397847CF249DE084A
:105F300097099F9B3598254F324852489BAA7DBBB5
:105F400034204383F1E49CF10D4E448ECED3A02740
:105F500017A11783F92611A54D231D203F6B39ABDF
:105F60006A85B78B0DEE8D2A9B2F0DB053A790AB92
:105F7000F2608B99798317CF7513B7EACCCB9E7AF1
:105F8000D637B776267ED0193649017E04404F5762
:105F900023D24494221AEBD3EFDB269F230172769F
:105FA0009CC30B650FB97F474A53C175352ABC9E08
:105FB000BE75C23FFC5BD1F993C206A9F7B9B35EC7
:105FC00027655F650CA22B55CBA5CB96A1B531BD3E
:105FD000EF63E79B7568932304E28CC907DA7CB30F
:105FE00091C59DDBD617CAAF01116B97E915BCD0DF
:105FF000B94C8464904930061B7EEC3E86A5E29540
:10600000D6175A88398E53E6F142EF5E06B07AD938
:10601000B2FBDA97DB0F9840D4609122BD530AE8B7
:10602000491B388BC80DA4306EFBBA323D36116364
:10603000F6209F15C621DEA8EF22C4B80490901464
:1060400032844D6D500B453CE81FD3262825C1AD49
:10605000F00B34249C10AB0599B6BEF91AF2E93E58
:10606000342D08E6152236B8CB1E1F2B0298A40B40
:1060700026DC9F5A750C64891AA53B56B7718BE8CC
:106080003653D6B640DD8AA86E606057104EC1B751
:10609000B7CC4AEDAF822BB4FB43AF40E663F1CB04
:1060A000E5C2180B5A10BDF9D2A53AE3086CA368F3
:1060B00085C6968020196448C436208AE45DD1A341
:1060C000A8A9E70501ABC00D9AD72109F2C4845DE8
:1060D000343817506CD5A5D4BB22A4C910F931D8D7
:1060E000FD82AF0018056D2F1472166A8CD464906F
:1060F00043A9482AD98F88C2E103032F59146AA4FF
:1061000007A3CEA3436031B988910C2FE5E66EE971
:106110007F2CC68FAB9D822F3FD5A6FB5F4301C767
:10612000640E07CC6B9E483B08E95C0E913AA9804F
:106130009774D9B1B3FC61A61351CA21E1E541902E
:106140009CAE60168DDE40F17650594DE53F88D407
:1061500033A288494A3D56A40655E8CAB73D78831C
:106160008C8BC93119801C92959DB6A4B7E1781F1C
:10617000C88C616431F21A0E6D72A61C288D3B57D3
:106180004097728F5EF5505D1FD7D14657136BB0A5
:10619000932BFB5C5F258463EA95BCFED0616EB3F4
:1061A0002A1B305E6DDAE2D858E09A68183557EA53
:1061B0005C0526D45FD4AB18C4A3AF055DE0D11F46
:1061C000164D7109467D26A37D0D5D29E826A9D1CE
:1061D000599B5FA0B4D03CF06C01FF481E3E69188B
:1061E000095111FED55E9090EEDA015EAA1A84F490
:1061F000C58EFE250A6C1E54F00669A4A9C574F567
:1062000043150BF6E1E5996083B46E4889A50C0748
:10621000BF21993099D69BCC57962A4BD24FA4EEEA
:10622000885F0F063D1485C69D882266B690F28A67
:1062300045776CC611E0D55D9BC71E72735944EA61
:10624000C02DB71767940402FA655A120A478408EA
:10625000EA576360D50A6233B19D9B379FA924C872
:1062600072F5AC31DEE08CBA083E282126D8B5A202
:106270005701F68ED8D29BA299575717CC0B9B1477
:1062800062DBCA7A74E60852F3435E1F864AD4D6AC
:10629000C8F244D07A16EB55D6A3C925B011D8D48C
:1062A000A28F37DBAA89131FA5BADD20EF8F9DF5DA
:1062B0001D5A25D5E2A9E50FFF8342BD631FE8946F
:1062C000C52CD54842EEBFAC55482DF673169180CB
:1062D000BB5D6BCAE6C6E62FDA66F37EEC2692A0BB
:1062E000EF57FC905A7C8C68DF3248E03601D77D4E
:1062F00062754F297E5AEBC41D0759E842CC01A7AD
:106300009DD1C873B63CAA66FE010F3EFFC24AA9E2
:10631000F6E2CF6BE668D12D78705548561149D614
:106320000E86F1344E828F431D5C509FB9286B79E5
:10633000038810ABF1F8E6126130B452961CA90A3A
:10634000874928606BA5D204D3CEA653D620DA6144
:106350007EC6EF5F7FD7018444E80D45382CF61EDA
:106360008119A9C86792709F3816DA2311AFA999CD
:10637000A8E1355D65D48E13D3CAEDC137DCC537CE
:10638000EFEEC00A794393F8AD09EAF5CE94D00E4A
:106390006B8DB3F5FAE347AA2D46E0590C4B2D0A55
:1063A000F1FB3B6C3EF14EE6F4B99358C0A3F9B350
:1063B000356E06EE9AEDC3CFA66EA0B12C785CCBFD
:1063C0002298A435FFD6CC7E45B5499FFB3A6F4F46
:1063D00040DC9C163169DD70FCF170D1B694EAB1F5
:1063E00048FEBA646EE84C8E63BDABE57351902CE9
:1063F0008A65584C0D3A7617B8B87033E580A072AC
:10640000230A59E0C92D3DF605C020D1FE1396ABF5
:106410001394521C54157861283251829C34023DE9
:106420006A86B30FE3710FEDCAE0CE3AB6DF4EA72E
:10643000F63F4570A7BAF0612535B54031A0A81DDB
:10644000465E21FB513AA069DBAA7A82567CBE5E89
:10645000DF5E5AAF21098430E33E6F09871F873F13
:106460006429E3B942A1286526E0998F61CC4E6585
:10647000889F3EDEBF2AC2C020789EAAB23F7B0022
:10648000803889380133C8348B40E5DB0D57C2DED4
:10649000A2B7AD4CA483B6CB956F48E2CCF3C4DA77
:1064A00034978C42027E3BA7484DBC5207FE033C0A
:1064B0005E9B687DBE7B60ABD6A7417CF7C59B2504
:1064C0009446C9682F6FB92314940E6A8BC1AE929B
:1064D000FCCB08029020889B062478A58C03F9DD6C
:1064E000F2FF681D8C31FA6BBA5FBBDD1F490D8668
:1064F000F7CB3649C62FB7FFC6CC0B6B9370E4A61B
:106500002B9F37BDF74847FED688B43A685431B759
:10651000F8219CACDFD02044B65580AD4605BCFFC9
:106520008F129160BC309262BB9240DED05D71F000
:10653000BEB38F691A00A6DA88ED383FA7F4F97D5B
:10654000183ABCBC81F90B976DDB334C6E3FF2BA45
:1065500056CF2CA67B998A42C26F41BCB324C4E5B6
:10656000267DBCA8027C61D26992BFDED9BF580DDE
:106570004F0C76FE49DF58169DEBE25DD6B5F880EC
:1065800074A77CF06829032C8B312B8B8E31A27978
:1065900045213249A5C746081D31E8C951B796982B
:1065A00057F391AB6871ECF4DC6FD00DAE8FC7A6DA
:1065B000E8713152C4264A3D557185043E6B0CBECC
:1065C0000BC0FF7BB58DBB4EBBE93DDD7059B57A85
:1065D000471A7DC8F1BD5661CE5514049E5EF07514
:1065E0000D452F6A9A899D874ADD68D8B514B22E69
:1065F0008BE0B169D5E46862AA5D7D0CE614C0B099
:106600007804D0822B6CB607F2C6E6466415CA61E0
:106610003686D7C58E082B9DA5BDBD11859EEAE2A5
:10662000C99E387CE2B995C6E95A892633AA9CF2FC
:106630001E7B87C25E7D3E3259040726933961B9BD
:106640003921319C3828A2CA074D28B523059291DB
:10665000810FBA24F3DDAEA014B0D8DFA9F947FD4D
:106660001950B01EBFA7FA43F342D62235484B1E3D
:10667000BE7497D741B8A886FE3B984E7E0F26E79A
:1066800061C87E88BDC5A8EEFB1518DAD1953E57C6
:10669000E10CD76649E4970BECA5F5244AB21485C2
:1066A000643A2AF2669BC8C8A21AFE9F1E4E2E2686
:1066B000F07C98E9E0407DE5A2FEA61F76D75BC49A
:1066C000D69D681BA2A78D23641914756CD2D90DB1
:1066D000C8F2A272DF297408DA986B8AF3DDC14729
:1066E00065EF453163D9B4E6C3CBC1F81EE03E0582
:1066F0007D0E2F43C96FB6224E8E751AC42C8C8026
:10670000F7DFCAFFF141C41331AFF120012535DFB6
:106710002ECB930C35EDC0840FA106C09D085CB94B
:106720003C0AA91412C31CCD758ABC415E8352C5B4
:10673000C97F879D38FCF6BFFA7E35668BA58E4FE4
:10674000CDDC33421E36BE93A8D429D2329CE5D587
:106750003607BF256566A438A76291B61089CBA11C
:10676000E58517ED15B169878A933CBA34C0F5B950
:1067700043E1D26503562B27383549D7094CB30F6F
:106780005FCE340E8131B095C7D76A3F61F928BC1E
:1067900048A4D315F2E25E8598B065B21FF4128466
:1067A000EF7EF045377D7B31CDDE14801C0F60B667
:1067B0003E7EF29F8AAC1E40CDD5D80BDFAC047371
:1067C00016E2AA7DA9DD2C5B7F9E190A1A5282234C
:1067D00039DC2EBECC50FF8F765D1D4F610546071C
:1067E0006DCE10521EA23E7CF2AB8248FDF680FEBA
:1067F000EFE305B2EED631D6594F4C29BB9BCF6E95
:106800009CD1353B93B744111EFF1395D4E0A4DF10
:10681000E78BABB28F63064E8386CEB3CEF4FD73A7
:106820001620A63E18BDDB27F5D0D5E83950DCFA96
:10683000E0902B4A68345457B45B4C9C7EE5094881
:106840004D38F745F92F6FCEB5266F1C677C607405
:10685000EFFF8AFDB94F9287DFAB86700F9E79D02C
:10686000AFDFFD8F1F56A8B3618D46065751728E5C
:10687000418AFE9A0814FEC7DB19AB9E859752BB6E
:106880007CF182A94EA202B960E54B3E9923FF1F1D
:10689000CAF76D40D57CC97DFCA3C48C47DB32B1FF
:1068A0001425F19EA3A9AE2AB8232F029F0D41D82B
:1068B0009ACD331CB09055A1A01E4B68D3793C6C87
:1068C0006E41F3E41815EE3A877C3C885136EB981C
:1068D000A82A8D2EC2D8491E643B49C5F265E2063E
:1068E00080FA9D5ADCDB9D6EB894C559C6991BEDA4
:1068F0005876C06B65273CA1081C1641FF27DB03B7
:1069000007020F05F418DFB045151BAC221DE495F6
:10691000EBD8368EA15C88606438220DA63B0B6DE7
:10692000C1C0A2102313EA83932E16FC2EEEC39F40
:106930009EBAC5391EA36ACC36CB831B26BCDD307C
:10694000FFF3A1C976CFF51801DA65D699AD69FADA
:10695000CE43E4578C999CE3214198DDA46EC6B5E3
:106960007A0C43BEB472D69DE017E13CA32CFE79AD
:10697000790436979C87CB0F732A78191CF4494702
:106980007A7F77D912B17FE563DAF59E6D74E611EF
:106990007F41DF44A7EDC52B00505A63F7272659E6
:1069A00011DCAB2A26A1F014591B96170F7B30027D
:1069B000B6E09C701C613A112DA2B3F56D9C0B974B
:1069C00011EE4FB0040CDB9475CEF1C399C9169348
:1069D0007676BD7A569A3A40211416AD840B4282DF
:1069E0007747414C8229B511CCFD12875BF8819E17
:1069F0001255916651732610147943F44E7FF34A71
:106A00002010C2590AB09CDC8DDA2A691A730B294E
:106A10005459A4EB33419C2FA7A397522D32EBA0DE
:106A200068409C8A5F71CA7E2A3525A608A9ABC238
:106A3000757ABADA41C953C43A1216E0B7B91DB52E
:106A4000B049DA34B3AE93A735D1C473B9323A76CC
:106A50005C2DCA4587E40B54F8B2BEDEA24AED5362
:106A6000828891483090C4598B13340717FC00C6B4
:106A7000A5BC0DC6F35E3C309872AD02992A4F2832
:106A800044F2359823D215E89C1DCCF354972A7014
:106A9000120E74F4398F43719E78291B970DCB78B1
:106AA000751B5E88F778EB9C62EB0DB032094B5F8B
:106AB00089786D615999DF6715C5389A2FB8DBA6BB
:106AC000A1A9AB3531CC78F50AA3F4B664A15F0E69
:106AD000271262A2B907E4636ABF5AD74925F56D48
:106AE0009DBD8069AEF6C9610E69C0B0AA33D636C5
:106AF0001FF358D6B4B92BF340300C315C509D7263
:106B0000D93EC2C68867898975752736C854C63C80
:106B1000AE69FDE538657A399DF909AED20789AAD3
:106B2000E8CCEA3779C54310B0BF81FD02E609D34E
:106B3000C7F78C07CCB47A5B9987A095106F462075
:106B40005B16AE032448E79D8B84DBF2F6DE445EE1
:106B50006D81A5E7C1A85852686CA0F14974052160
:106B6000FC1DD5F3640789E07DE64132A7290D3F7E
:106B7000798AF84B73C0AD852E408C38036D45067D
:106B8000D81479151A4D70480D320860293625142D
:106B9000EC4E57381119B723D32E9B1C4A624AC4B6
:106BA000D698F15BB9628529A711F07D7D3A17DD92
:106BB00097AE75F98C0F02EBAD78157A31F7F91DA8
:106BC000DC12B17425A231AD7C22205B5F512280A2
:106BD0004A8B75F8A3C6655809D43C5970276B5782
:106BE00074D86F24DF995AE998A775AE1942F0C995
:106BF000CF91DD9E5DA6289029FB1431A55E3D77DF
:106C00005117FE2561FF50E505D26E1C5A55F37FE2
:106C1000BCDA6F701A01DD2CAB3CD11C987FB4F04C
:106C20009F7A5396CCED2C67DC4186142A7D37037E
:106C30006FB063AEFB0BF8CA50EA008B215EB1C6A1
:106C4000D78E1BF65A44FB2ACBC217EE1FC5F6D2CD
:106C5000E740BCF25756C3F6AD773452DF86A62A1A
:106C600086243D1DBEDAB9CEB45F8B0AE944BD620D
:106C70002AAB14C6AAE8F11604A0B41A8CB5931274
:106C8000F099B9E9188FAE03852200B26C996FA60E
:106C9000CBB1BADC31BE2DFF6A895EC9DA4B59F738
:106CA000AC139003CAA7BEC25CDBD427DC7307E039
:106CB0006AF98CAE5C6EA593B9A536AE129333EF2C
:106CC000ADDF2967AE921EC3B833D24760F756498D
:106CD0009E0240CEE103A1A90CB1F16CC372890DF3
:106CE000F02FC26FAE8FE7F4510CF9D52899944775
:106CF000FE182A43C7EF26261DDD54F072A3BD8877
:106D0000ACE1A23F64B573C3F1213CD8A4B4C67C06
:106D1000506D5C65DB3F8213348C97B52AA01FBC95
:106D200025DA3636D4D4D879184937F64B03B3B3BD
:106D30000A2C6FD39E3FD8393DA32CBA8D0E4F0439
:106D4000270FF9E371C922ABFA1AF7EE3A606BF23A
:106D500063FFB4D20E0E956D5B0AD6FBFAAB7A894F
:106D60002EC70C0AE9EB7ED908430CED13075C8AA9
:106D7000E2F646010B9431886441FA616623B11E44
:106D8000EBAB98E61741E6788F849414A7470EA6DC
:106D90001595F2559CC8CD47F7B75D2081515BF939
:106DA000C05910BA8AC20F60D7A870466FBE04A13E
:106DB000DB03C890647EF68BB5C5E4795D844B1225
:106DC0001ED7A501CBDC58A2B363B6C313E736E3E5
:106DD000229104B63AC128BF100C04EF916C0FC782
:106DE0006D4441BD703B55B8DBACE6801EB8093D33
:106DF000B417211F09740564836B75384B29C7FCD0
:106E00005581EAFAF1FF86EA897726620C1E380678
:106E100087F6D304208A56CBBAAD84C68DF5F4A884
:106E2000B56978FF5BC5C713C53EFEE38A750AE501
:106E3000B5C41A3882D3480D3A150A6C4D485435FA
:106E4000D3B8341ABDEF8A0B10B89C93D32EF03B05
:106E50006E8338F5558A1D5CB3CB0E1D54437539CE
:106E6000A22903255C2133390308DF82439C9C431C
:106E7000128484959EEE31DF945D7CB1BFF87B9BDC
:106E800096D8FB849F772C8A655925FB4F288E74F2
:106E900034528F4ECD8D7740E45AA0712C8A8C49A4
:106EA000672EA5CB357B5B9774D74D44198C4E3B31
:106EB000EBEE1DF3A435D317628EEB560A8BAEB4FE
:106EC0006FB5E25FA5E16EAEF0B55B8AF93D279341
:106ED00004B7F8C033584303530F7D95EB1577ACD7
:106EE000C6FE1202A5DCAF246F3DD7C329624B4F0B
:106EF0005D1283EB3CD0379844C9A7AA64AA3A5ADA
:106F00000DC6FFDFA60E9303C704126A4939250C8C
:106F100005078661DE894136D49E31429E6B3F244F
:106F2000B9656DB51F5EFE4E8F13A27B1E93F27D79
:106F300034FC7725130249F9021F6E9D198E97CBF9
:106F4000632010E27EBF917BE43D8B73298D9968AD
:106F500090FB86708E605102F9165D1F5209A95D83
:106F600028321B36F0C6121FE062BF7A75F1D24894
:106F700097CB06E03A08A8605B371760C9739FCCCF
:106F8000080BA4BD43A9F060C0D378075CC2F46CC1
:106F9000E36EAFA52977FEA454DB420451D5A18F3F
:106FA000DF22BB87B9D2EF35403C77179033C4A7B7
:106FB0004246029E38779773BA53E663A796985273
:106FC0002D4231D52F5047BF49641CB34F83A213C4
:106FD0008FE60C45B8494FDD4C3BA09638FD356F28
:106FE000C1A2B21511E6329698993E906EA8D7B913
:106FF000B4F37F57843CEBF75ED903CB92E793FE63
:107000004DAC78BE68AFADF099CCA083D5663ADAC6
:10701000F3C1102E72A492D25EA4C23B538F06EA33
:1070200036B0BAB364B3A2C2BCC349F7B9E5362BD4
:107030006AF09AA44D97B390DF7B833E8F33E2844E
:1070400004E15EBDF1D93C34BB8F807F9855DD9C57
:10705000E5DD6015F12B6C6075057AE655AF46C02D
:107060005B3CC3CB990961B1B93A090CF13ACE3016
:10707000E62C4304BF6A87FAA40CA3EBC9AFF6144D
:1070800081FFE187CFD7977841A9B3D311E0D8D357
:10709000B7F2E2F72C16EFE4650ED3790C41F62235
:1070A0005DAAB3B84836C3B0FB5083AC42211D750E
:1070B0001048F891948A439EE8987B7E23969F79A6
:1070C000BC749DAFCB1957A4DF3209E00A90C15EB2
:1070D000132451D5C5BDA253C3CF7767A9B300BE52
:1070E00052BDB87E3FF091C6B56C0116091449DC5B
:1070F000823E3603D7E395A51515BF3029C626284D
:107100000368C657F4ADF3C7ACEFE840C7EAF4191B
:1071100092D53699958582375213240D216CF24E03
:10712000BB765F0E2C799067288B3DDC771010F0D2
:1071300089A7FE95F953C64A0F98DA68603DEBAA15
:10714000534716D9443C05C37FCD02BC4C029EDC9C
:107150007C6E201E9B3FC66D1CC2C1C573FA86F8AB
:10716000BA79EADA58AE6502BD9B95A8860861F443
:1071700022D31830E08B198B61DB7FDDB2DE8F2BE1
:10718000EFE05EBA3054FCC3F907040486F292AF14
:10719000FB912BF9C9171C05448BC9DC5EF7610212
:1071A0003EC34C2097834F0404D3413916DE1FC3DE
:1071B0007D0BC9BAD13C22335A3BB565420EAE9124
:1071C00078896DEC54E2070FB7DF5BFD2B978B01DD
:1071D0001BB4211BE02FA02FFCECC3524A0CE1187A
:1071E00021B64428C9CE81CD086628F06FFBA0F0F7
:1071F000CE044EBE3668D82FF74210609021FCF0C6
:10720000D99A2244E3FF211A63D40127CADB57A38A
:10721000B221DCB11055D4597EDF6C9511D3129A8E
:10722000F9384500CD3558504F5953523384563CA8
:10723000CDD9240D479EF7D29F9F954ACC29DD26B4
:107240007FB97C59AFBD5A706D396E42CA059CD763
:107250009D791BBF6503C7F035116B0F75396B67DF
:107260009D3EC8F848C7F940905ABE38FDAB4E2E37
:1072700092A1DF75C398BCAFCEF150CF107F8C2A9E
:10728000C61B25D9432260D7BD3672107DCD93D45D
:107290000DA3B48470657268FBEA94279D8560A98C
:1072A0000C34A394480DFF96C77E2AC49669F15406
:1072B000D6BF183C0D70B0B1F310F031A910C15613
:1072C000061A0C2074BFEB99873D030B636A349A4E
:1072D0009FC14A3481C13BB85456614A1C6077B0A3
:1072E000D86D015CF459EAB88FDBFBBE8DFE3463C8
:1072F00048B2D6791D4BBDBAF62685D24C57E0B7B9
:10730000EB24DC15B5F747C2C84EA9A2566E2DF581
:10731000159F2862F2A49F1AEA169A22CAD8B529A4
:10732000FCBAF66D31EFCF85270E56D15F4676BD9C
:107330006EF16B412CF9AAD9E2EAE1AF170FE392A3
:107340002D19B562189CCFDCF81C5F7548B383A07B
:10735000A464BCFE6B3ABC1D642F63AF57D6FD2DF1
:10736000CBA0090D0C1910EC8FAD3EB333DB340606
:107370003E3873ECFB72C1B52EF39377DDE66840BF
:10738000439E63628F06D289A32BED613E407865F0
:10739000AE4D9AB4742A30D47E90974CECE3F3F857
:1073A000A55A82B826610E256599BEB94047D29587
:1073B000277062B92C1EFF6DEA79558DA376BB57F5
:1073C000AF50151C85C045DA168605BBE2B2EEEC5F
:1073D0004069E6FBB3DF9A7EED0A17226EC4821580
:1073E0005821EE686A1A80E824C1C959990BCCE784
:1073F00060EC3D2C6561A49157DE1BA93B36449996
:107400008479E314F1A9F8D25C2C933F51337B7259
:10741000B4BF98CDD65D3DF2A667DFEBCE483257BC
:107420004C458CAF4249F3D13A83CCDE63ADCFAA51
:1074300074DF60B2BD5A9AA3B929B500D5DD44D333
:107440004F91070F97F742B42B7DE09112DA0C03AE
:10745000C9AD8FAECDC99ED19089C434540B16CD21
:1074600068AE36E41F7C475EBF45D6795B65E80AA7
:10747000BB3055F9FFCDD8EE82FE1D6B9A1AC3675B
:107480007D66321CC3746F40E2BCA0BDD64F6665FA
:107490009D541C864DD443695D811EA79A8D6E67ED
:1074A0005748A07D238E44305A96CB859DD6AE2E6C
:1074B0001D51657991104B2D122C92F90829494BD9
:1074C0003DBE776D3C19A06848BDC9E63B7B1350B3
:1074D000DA8A9B01CE4AC1B5564E5F6F43ACC48772
:1074E00082366500B0BA1FCD5A5544D0354A268041
:1074F0002F73711C93B26C17827C942D2B2AA09150
:1075000006A23ED717B3687E2287E256ED16D8F85A
:1075100039729BD0598EDC2767F934726FBB5FB22A
:10752000B7B45FE3803AEB1A1C8652642E6B77285F
:107530004CBE472980299F3EEF3EE0E74650BF30D2
:10754000EE8BDDCB1DA7FE17939018A7468C66BC6B
:107550007840395D0BC18252E72090BD420300CFD5
:10756000F7E430814B073EEAC00D54C59D22FD581B
:107570008CD710CEC3C30067F2D5D112EFC5A16876
:1075800053BF58B980F5BF2053845EC3AC13596E06
:1075900003592158F58A2E0BB845B05BA8D06CEA88
:1075A000DC639F47A41A0FCA11F76D9EDEFB3D4AAC
:1075B00082B0594E2B19ED1DDC31F19814A7B5EFAF
:1075C00062A37D9E0CB68AC5A3903A5025D895DB60
:1075D000A3052B574163F8B106764F2D7B551956FD
:1075E0008E3D2469AD6C7F8E04672A078525168B36
:1075F00010D5D8CE1F781B06C768ED714E64C55BE9
:10760000A5F9A47B89A9E3E9EAACEAF8EB078521AF
:10761000DB3AA070C0E2C0CF0E678A2CD3C1EF0363
:1076200077D58514C58AD4D3F2F88A1EFB0D8DF761
:107630007711F4BF2145037D6D82428AFE12450C0D
:107640009321C853FC1117BE2B4FC7FCECEB41969E
:10765000E2E12457FA852D02A357FC21CAAD8E6DB5
:10766000CD61FDAAB36BBA991113370862A1814AA3
:1076700083E52F50513D3C22ADEED7BC0891A74B7E
:107680005E105A99D6BC1A4698994EA90BC007A607
:1076900053BF5F1135BE6195694EC8C91506B54D1A
:1076A0002A0B3E9F3FD410BE27E2A8B234ABBADA11
:1076B00071772222A7D9DC37BA00942706D3E94A8A
:1076C0008B4060B62BDB2F8FC57F2A8C45453CD184
:1076D0003163B179E49069F145BA50C7ADA81AA0F9
:1076E0000CEA59EE9162D01D90414BEB24FDD6E798
:1076F000CF2B001F1A0EECD7EE54CEF26A73CE5089
:107700003785869A07864F28F5161B8A8D6EF58574
:10771000270AB65A580EA52CB9A38EE73E287E46F6
:10772000408D1DAF6488D446BF9EEB604B49FDA1E0
:107730004BDE449D04FE3BAC687241D53EEDC7F67E
:10774000B87AEAFC32CAC5F57EB51D702A204E54BF
:107750003032C9FDC40E8C461C28191F569512C61E
:10776000A7BB51832737E8CB579851CA0B03A60410
:1077700006484E0C6B2380CF3910FFF6AEB1E724DC
:107780004E33D728E6CB78039BB36ECCC4C9E774DD
:10779000441CF3262871C85E42DB79932A5A8BD3A6
:1077A0003E5840C1C71D3E5C49BC9C8D6B5B7A5303
:1077B00026D90763244C2C9B0979A1417194C66199
:1077C00029430651148D6974DF945B53CD16396FCC
:1077D000FCC43756906A9E95AD6C948C19E623BD17
:1077E0000F859BA1DD1E1424A9520107A75AC44886
:1077F0003F131DDA0E9D5EA143832D4C061969A42B
:10780000D1E937BA39D2E623C04085E904222549B7
:1078100075A064256F53DE9B092B71F990C56E60CE
:107820005B5EDE308512388E970E0CDF686ED96E87
:10783000B6D7A5522709B7A93C2B6D3CF01EA65818
:107840009877E0AC39E339E0ED3B921B4778EDD512
:107850004406D82432D15CD38179744FB573224366
:107860009DB4E9D73FFF74AA02855F6927AACFC2FA
:10787000BD8EF71B554892985DE39E0DF65116C0DC
:1078800056FF2BFB43B265445F3832652B93EE669F
:1078900013583790F9A84B1C036C974276991CBA81
:1078A000B15FB2762BCB205A7A3D6D2469FB2BFC5D
:1078B0004CE6A3911E19AC781A20A35B18840087AC
:1078C00085235678F8AF20E751023F42D048B850A0
:1078D00097B2074A7CF731D34A3056435A34D4E240
:1078E0000857FADE9326DCF5619C5F7A58649A7932
:1078F00044EBC830B058084979601196533083B4CE
:107900000F41637954B3967E7F60AC8EB44C952F53
:10791000C5BAD7836549E640BBC41D869F2F79C48D
:10792000130948DC1B7AEDDD2C59DE92659D3E9FE4
:10793000A3C8B57A4E9303C230B491D37A487D4A36
:107940008314634916A327F3B09D5072A3365E9942
:107950005C9C8D780F8EB47BBE5CD517777BF6BBB5
:10796000BA3ACCA95FCF39F135B944C8DE97C77AA6
:107970005DA118DC1810DEEECEAC6C3221B94C03E0
:10798000087E535D3DAD27AC83E4B51D667A1DAE20
:107990000172A94477584A2E59E4F0460D92AE6020
:1079A0006E61E0B28CA3C239924F96BCE2A7C07957
:1079B0006CA58B5C9A88575FF56A2954FA3DFF6A7B
:1079C00041D4B5CC878D948632A628938E90987F2B
:1079D00087DFF14C3B9FB28ADE077F16A771F47BED
:1079E000266D03E05DDF6FD54E16F7872E88D253E4
:1079F000506305122D5781D68836AFDF164ADCF169
:107A0000DF7442BE0954A8CAA19603B4F5E6C2E2E7
:107A10009E991C82AF0293BE68BCA2F0AB856176D2
:107A200024559B2BD65F3C0ACA5EC8C6ACE7479379
:107A30008CA2646F1267BE1D205F264ECA8BB3A155
:107A4000ED040ED216EC82DF974687420430D3E372
:107A5000C84635EDF403A88318A080217821969AB2
:107A6000CDB3DDEC4302CCA6805AD5148320D320BD
:107A700036E511AE83A97EE868E7E6F09D92D51859
:107A8000A7D11D5CC62885D6AE528EC5905265889A
:107A900047E3773DFF55B28A91DF5B0BF7AFB01A32
:107AA0004ACDEDA8A69434F195F108B0B3DBD174BA
:107AB000506744B467ACEB0BAFCE0D69ADDE48DC6C
:107AC00043F4B154DDE54010C292824C51DE349E45
:107AD000055D1736878B17549FD9130112942061C7
:107AE000AAA21B78AE9F0AB91276FFE6C8F46379A2
:107AF00022870570A3D03E0F390D616691A4EEDE9A
:107B000009C1595FFC4B691C8DBF8343F5B8DAFF8F
:107B100077C79E24A84AC2F43B18EA3FD997BFB260
:107B2000AD248639CE36EB8BABD1F33A57B8A3CF21
:107B3000DB462C8A61A4FFF76941A4192829D70FD5
:107B40000625B0537567C07904CD8D9A8FD5ECAEFC
:107B500080EA2BB624B55DEE3D0B9728B178250C55
:107B60005B86F43CA27891A7A0271BDBF724E36196
:107B70004B0525920ED6A4861B627053FDFA992AF6
:107B8000F233352E46FDA27B364CFA5AA1B2FCE404
:107B9000AF6E836E1CE35FDE16A152162793F5507D
:107BA00062E734E16BB559CA62F2E3CE09743C6610
:107BB0008D795835155C62E8B6AE3C02B1D44D35CE
:107BC000C836A42E2B2AD30B3598A8A22496EA5F98
:107BD0008002F3F7BFB79134D221659D355509472F
:107BE00075C873509A97D8B583173228AEA53588D3
:107BF00068E463D1E7A0E64730EAF09EEFC3A35DF7
:107C0000BC60556112619604CF89F4FE8CCDD51508
:107C1000FC8337DFD984F585B7AFBA36325F6E099A
:107C20006B37BBF8EA3D4BB82DB622771D3A18CA20
:107C30002AAC70141EA93633EFDA73EA3492F429B1
:107C4000942E3B1FDFD6DF2C96E604282BF2F63E5F
:107C5000A36D1CF5A4350ED83FC81C050B377C3826
:107C600062E6328902CF1474E7DEFE5232049C0AC7
:107C7000C473CF4E4920E8FE6D13788BE1D7F759D6
:107C8000A1358468E06E8F95512FCB5E8A3F341802
:107C9000A7ECBC9E84472D2864BC9D7403C47D9EC4
:107CA0009B2835D5A63D4C79BA317B84ECDED719BB
:107CB000E4FEEC6DE1ED93579E7CE258961FB8AC64
:107CC0000C0FADC06070B75C16CAD8E44BB8ABA25D
:107CD0005655C9F86D544A43AD4D64E67816981B65
:107CE000A98FFBA7F3823C1D6AD86E4656FFD624A7
:107CF000E6CF7D53B793FCDD0C74E151AB2E3D779D
:107D0000C8CB3A250D306EBE4362AC6FE71F614AA7
:107D10002945E75090DFBD3BB6790DBAE734A41989
:107D2000F7E4241A3BBD28697EFB67A0B2AC521869
:107D30009F14AAD0282DE0B41CBAA3D9A940C6E04C
:107D4000BA68847FA6095619DC57AC95DC2FD3207E
:107D50008823036529A2C2D45A701F2C8F2F42AEEC
:107D60003A326C59A479F1AF442B75196053DD3860
:107D700063F995C7A9026B91363EBE568B83D52217
:107D8000B117F8C7ACAB4CB6BBE00282921BC43B48
:107D900056F1057DB52CE008F7267C13953F61C4AC
:107DA000140EEBE0929EAF973CC5B83C49A9DBCBE3
:107DB000DA1E653E0B0C33DB67A85454DE64275B88
:107DC000B9C5773DA316A12706C59162855078C62F
:107DD000BC1876D406D0184EFAC7CBCF839FC708FD
:107DE00050E8017C01D5848C6573AA57DCA6021883
:107DF000C34D81AE9909C90C3EEE2BC3258E4E5C56
:107E0000AF98ACA39BB195784FF8D820640260E19D
:107E1000E0AEDE74E0C3CD41E8988D59DC62FCD65B
:107E2000576F7D011BDCF2D8D5CE725E016A8F8060
:107E30005D82C9DC8F507BA8FE6C93825CEDD40818
:107E4000739E47E1C391056479BCC61327D60AC364
:107E50004AD86FEF687A1E8E3CD328189BAF69EC26
:107E60002102C8411B200FCDE5BABD10101CFC8EAD
:107E70008E10ACF667F2D8537D391572B437BA82DA
:107E80005B7CF652B37A1DCE57279F9B8AD7308CE6
:107E9000312A08F30AD4A46E07DCDD08D39EE7E09C
:107EA0006D812D3990D360798C8539CFF2262932B6
:107EB000AD4720D50AFDB6143DC8A392612CC4E29B
:107EC00043A1DF93E1E317E92D98FBDF3F0F512337
:107ED000EB253902D770B45BF173C8E7C01A723C66
:107EE00009DF1481B3DC31E2626ABAEC6024861BDC
:107EF0007ACFEA3B39C4DDE12D38E715A7A4429ECD
:107F0000F5E8FF2C9DCAC4CDFCD6E52019BD20E4C0
:107F10004E8C003E7852468C15B306D15069812DA7
:107F200022DB737EB0F92114EF3F9FEA616DB0A5AB
:107F3000087EC00360F4CE3223DD5E9041810CCC1C
:107F4000A611243B603FBBF8923AB81C5A57A4B91B
:107F500035B2D8575EDB9DF95CB872718905B26D98
:107F6000C2BD43CA1C85C5EF98B883D570041AD02A
:107F7000028239A8694D0550D528563331016182F6
:107F80007ED4A445295523B3D22151ABC5A79D5713
:107F9000875E193D58F80C4912E10BF1B4BCF75556
:107FA0008B171CAECE629B2153A091259EF931E424
:107FB000F4C600624CBB5167864264A854523C9997
:107FC000843C11EFA20C2CBD4CBB80E7B53BC7DC59
:107FD00012FF8C489BA0AB71058B5F3ADB6E3F2C88
:107FE000856F02D3F8C30259F27AA9AEE58B7E28D9
:107FF000165CAFB8191BBBE5B3E5A16DEE36257471
:10800000B50150B39D167392051EA9412926411250
:10801000839AEFA786E3CE2C248CB10A04EC57D9BF
:108020009BF7393DCDA27EE0F74FCC1744D6D7461B
:10803000D622CDCEE7CB0782173D6C8B45A926D142
:10804000CC28CEB492A19F3BC9E7C6756A691BB51F
:10805000DC7AE65C46402F5AA02BB3B5252EA2F160
:10806000D4818486BE1943BFDEABC62ACF258A3EA3
:1080700021691DB2CB0210DD88F82A3E3591CFF878
:108080008EBC9CF2BF1199393960C9BA7E82FF401B
:108090004398D2C6B12BBD7A9991F16C70E5CCDCD6
:1080A000855B3EC624BC301F04615DD325294E226A
:1080B000BA60671D62C7DD4B2A34B31234A7C7FB11
:1080C0002B1613F58D10A0B4ADC7A1021C1B9C3C50
:1080D00048ABFAD607197250EF344A0F6A2E9D59F1
:1080E000404446F438FD02865EC47CBB3B4EC3630D
:1080F000619BD72941C1956AB5FE9B588366880D5F
:10810000794F4BA072E3F5FBC741478E60850A1893
:108110000DAEEFF5450D0AAFA8F877A80A3080D963
:10812000400E358E585A261DAA361B165AEEDA0214
:10813000D1239B44E9F946E0E3BEE90DD06D073554
:10814000D7F1284F8101623231BCFBBA4961B6AC2C
:10815000223C8F25804B9A6AC9CA0A22944B75C368
:10816000E1A5B3888559A8B1ED2AA594A4E6DE5A05
:10817000766B62552FD107C5F5E288F6F0F41C3D09
:1081800011F297DE1F5F06A6C53569355526FFE457
:108190009AEDA577CB231C33AEDEFB1925569D85C2
:1081A000DF2B53CCAD2FABF0980508EE180358B277
:1081B000C768846BD167CC3177AD57F6DB66616DEC
:1081C00005414A514B1726E4824C5A6ACD121328B6
:1081D000B48AA3696C71070564D2E29ABF1D7F431C
:1081E0000D0CA841A9EB753570021895F385EB8944
:1081F00057665E08F92577B4D1511CE1E04DBDD535
:1082000067A5AB82358CB168B58FE04AC43702B63A
:108210003E9C3C3915E763A0DAC402128CDCEC53B7
:1082200076DB75DA4965617A1470F4FC5A97706BE5
:1082300070FCDAEE96B26052C5C34B2002C1A63B79
:10824000321C0784481316D2DF0041D77116498FBC
:10825000D816B3E9432C9BF470506700AEFB7F78CF
:1082600027D35873CE8E06EF3A41CC331C4293FB92
:1082700052EA061B8CE4F29A29A32582AB3475746A
:10828000DC9075A641F1038F90FF3DE5A034FF839C
:108290009EA67DD49017B0B3E0F4AF371903AE4576
:1082A000E9DDC88E56AEE957B3B9D89FAD665547DC
:1082B000C6C4C67CF36153A61646641DB11AA996BE
:1082C00095A4F2C23C89B69FDAFDF3E8461FB1B827
:1082D000DAFD7B81CDE73C54ECAFEBE09BC027C3DC
:1082E000DF3D5FD61DE17751325680B52F57B21F63
:1082F0009A51DCFFA3CA4FE6F445C16D280D08D59D
:10830000D1BF815D02718CF346F0084F6D7045144A
:10831000814B57DB35C647BE3181FDEBA06502AD11
:10832000D86D60A74BE9F837CC2B222E7C1653BCB6
:108330001426D0237B5CA9A9306A20F4FA8DB15FA2
:10834000055A3D2B7DE3BF3F5401A47B24E9EC0398
:10835000AF514A49C9B786A4A76B7142D51ED5FB58
:10836000312EC16330988C196FBE9C0D6BB46CC4F8
:10837000ED45CC98D5B81A097ED4520C90833D3186
:10838000D854DCF60F3C31DC471EFA477752F8F838
:10839000AE9A9CDBD4B22C4E6C764BD8291BBEF027
:1083A000CF3E391802777410D8FAC88E2E37312A8A
:1083B000EFFCD737AC5F1107E0DA76B67C471A716D
:1083C0005CF563AF1A0A23F6188278CA880D4BC38E
:1083D0000C5DEC63D87F7C62F3397594BBD94BA2FA
:1083E0004D89B9F6DDF36385D41889E4A24B7DE9A4
:1083F000DE8923B19EFCB2C0F46C5D28B0E7B79C67
:1084000002C9281F2E2953A0650AFCF1AD6C503516
:10841000FC53D8F6EDBE625ACF1D8CA59F43FBFCE2
:10842000A9910553D3C93989E02C1183828C7E0C24
:10843000BA68896620F1441F9F3C58F77C91BBCCF9
:1084400057B194CDEE2CF9139396E335441532C70A
:10845000EA79D47548E34806B1B5263E38347DE95B
:10846000FC833EC042FA84B71EDC5F2FED184943FF
:10847000749D6FB9C6FA3E39B5A5B89EAAFC8ADBD1
:1084800010245182A8E258B59E798F6824327CBFAF
:10849000456416B860FFD7D2ACB2111FED88E0A6D4
:1084A000C807971AB84347417642C8FC327C5F9DA3
:1084B0007F6261C74A9065C673AC13F38264095644
:1084C0003E4450129570437CC271D2AC1696002F78
:1084D000FEEF438836460DB308FABC2D7184B9B758
:1084E00090B48755724929D928F58FFD1BD48CB5D6
:1084F0003C44520A51D0EE7EC1C23DE6CB731FF818
:1085000087E11937EE16DC0861B6CEA216E0362EEA
:10851000B1D556D4B95EBF385A45401B6A37F8DD2D
:108520006C78B331BCFE1071EDE986F3F68C5DA773
:10853000DA046053A2B4C2AE71FDBE6156C0FBD76F
:10854000B72D316DFBA32621371C987C3F0147DDF9
:10855000942E1EA50DC78CE25E66199FF165B7A724
:108560001E00C718F4E9C0447611A3D5BBE0D96357
:10857000D5B4FEAA56AF298B4B1E112166FD57D6E6
:108580004D94EA85D2B1187AB7A6434968F8169592
:1085900001EE5149784E6BF7D11EF8349D31C3A5D9
:1085A0009F9E21B6C32B39668F0353C5C2B627E9F8
:1085B0007AF95DE8548A2FC4276E8294E6E93C9DDF
:1085C000CBE19629F0E36C4E39D3E59F2ECB2014F6
:1085D000ACB23B0D848FEA0631B61E6B54B4372C17
:1085E0003FB786FA0AFB0A546F47064C26E883D346
:1085F0004D31B91C011FA99FDC6A3FF9B1D6E710C4
:10860000ECB50D34F0FACA2ACA368B7D2773497C43
:10861000F715BC19705C2B5A47078D9ED04613DDA9
:1086200034B29CD4AAF15B0BAC3A54E1669DF29A49
:10863000A3C8E0188CBF0D19C7309225F5F533504B
:108640001AD271EE9F3CCA7CAA03FD1808CCCCB7A5
:10865000F3EB9D5F3D736BA57B63C5FB5A43A15B49
:10866000700A65922C68C130D425DFCE70AEAC4D57
:108670009A219B8E36A32C70645CC1EB2C88DFF3AF
:10868000DDB733E8031A0B20375B38947E6ADA567D
:108690004A7EBDBCE55F0A99F37E6ACE4F813F6991
:1086A00017A958D0760A11274B01C55CE868FA6013
:1086B000FA3F3A976FD54ED4CB71FE5C092DB18944
:1086C000608D0E2732F6D05270B69FA3E0060A46A0
:1086D000075CA6FBF35C10B0D13B71E49C7CF01A04
:1086E000AE6C68ABBCBFFD71C252E78FDD3341D6C3
:1086F000F8EE7A8583D8328D60DAFB581040DA566E
:10870000726837DC2F6383F8253E6826CBB6206D70
:108710009A7E5C3A84C4C0284DA776B3244D855C0C
:10872000FDE13F0D3C9632838D99F849AF02D27F2F
:108730007A4605A4C5D54885D9923151A0956FDDFB
:10874000B90040CA57C46C088A3624A5577A0E3D32
:10875000414BB0D17882FF336CC64B32683B04E0AA
:10876000D7D08872992FA64410957988B9CF04C3C1
:10877000B64028CA4B57F7868FDC33BDBEF4C03CE9
:10878000F52519EA2BB0AE360EBDF7B5F2041CDBA9
:1087900055CEA2BFE91444C87D8FD7685FA731408A
:1087A000D4DB8532CF9C1C37F4F818D3BAB714A7A2
:1087B000208B2E09B8B3BEC6EC036348FC5EA4D878
:1087C000127DF98A8F46F801B9179600C425BB427D
:1087D000BAD5E98BA9C26557BE2D629269C7D3F499
:1087E000BF407280251D6ED0A09828D670CB015155
:1087F000A0B132F73404C39B013BC69373062040FB
:108800002464D2A1A82E0AB67EA9110F2AE8807C82
:108810001A90A8DED983443344F8B2F5FAE464AD83
:1088200042FED451F4EFE17A0717F9BFEB29322564
:108830003F7208B05A4B97B072B21E3F0A39F4FF2C
:10884000D0DA4FEA0CE5B057CAC65B79CB745177E2
:1088500040D02499B8BD3BEDAD70FA8502EF2DF004
:108860006BE21F6491B753326E829F1514CCDE1FEA
:1088700036582E58D64810F47BE5D5C9ED5F697D92
:1088800041CB438FE2A4469A536A097A3CA035ABA8
:1088900047DAFDE314D8B9E844890F49361822E6CF
:1088A000E1B14BDE72196F374750F74D649FFBAA59
:1088B00003C5CB631AAD745DB691F9E00DC6D173F3
:1088C00051A77265F620E6120E99AC8DC1BFFBA8C8
:1088D00038AE484C5C7F1AFDFCD3DB51D7CE84C741
:1088E0006D2EA2293F77C0C1363AFC763A60EC5231
:1088F000459F2FF4728E1F63E59BDC173AB19A5B9C
:108900005E48F168438A181F1D6D6F1B12109D7B16
:108910000C5660113CEF970A25D723E0D06900562A
:10892000935AC1A01FD3D6A613ECEBA42018BFF412
:1089300046EEF8D4FA5ABD44BBF6B7EFFA39B49F05
:108940008FD865BE3305C53FDE12588377B370FB01
:10895000E537109E5CD3357F321ECFA58BD4BC9FEC
:10896000049C58EFCA41F8A2ABBD1346C7A55C0BE7
:10897000D2EDE7A81D9DF44B82DEDC936B4BC82340
:10898000F26940A66803F164BD2EE2FA249FDCF38D
:108990001F044D3A1BFFE25AEF12EB367841529119
:1089A0008C78C5452F340992245DF3C9B5BEC846FD
:1089B000868FEED3080C7AD1D1894F82C7BAFA924A
:1089C0005A9B1816CAF62FDCECC8A3D78611A565EA
:1089D0009CE052D9F28F37E74463D8B884997D0080
:1089E0003DEF3428D5C89A49BAA8B87500354B2E42
:1089F0008DB294E934AF7C2D0F7867C81A137A5979
:108A0000859DEB039108CF8EA47CB23FED9FCD8A6C
:108A10009296941AF7E5599C3D83AEA8421D8E713B
:108A200096A9D3CCED2860A8B140B1D6C049B4CA4C
:108A30009BB12E793A13E7F74465909054EBBFF45D
:108A400013D5D4FE890CE9CCEE632889FEF6C1610A
:108A5000F2BFE939E47B7347E8F99D790240AA0245
:108A600010252341208CD9EF7A1BE773369EE05BFB
:108A7000AA1CC2B40561590BA310930199DB385AA3
:108A8000A2E2737ACD675F9CCDDF88C977CB757121
:108A90009400E9B83AD5F28AB55EEC3D2062379F82
:108AA00074A440B6E27B47232222EC72D4A5FC6179
:108AB00091F26CA0CC7EFA09748791C5FAD38752E3
:108AC000771D6E8DC3857B5090859CD7800CF54AB1
:108AD000295D1A0C5F4649EEAFCC86A32F500E6875
:108AE000DAAC6686135FC2F704EE23761F634EDBB3
:108AF000D08E52EED3B9AE2490E0A1E3BE816FAD2B
:108B0000563B62DB961FBA062BC8F1182F52E4A021
:108B1000A7243C391E1606309D64B010F36EE1D9CF
:108B200052B69225336C8312A10C10EDAAF6D12710
:108B3000736879EB233F5DF7F1D32082881C072906
:108B40001B11EE2BEB6156962F4F4C2C1FDA7A95AA
:108B5000ED2B059D3396B8A13CC33FD1DAD1A46873
:108B60009EDF912DFAFDF8D20C0183EBAA5FF52D63
:108B70008383D698026B519585D799ACB4E8851B51
:108B8000F429DF0EF24EF0A65C30B1F02463EB70F6
:108B9000B71B84F8FD653CACEB325DC28F5AB28DD9
:108BA0002FBACD488CF95A1A7AE06AF35D0A5D341F
:108BB000639D7FAF2155A29EEF13E4665C3C4C1190
:108BC000ADF8DBFF75C474B9CC59C210E6F2765B20
:108BD000B58F73552B8EEA9D24DD8923161A7E10DE
:108BE0001B5B77244A28E8DF4A5723BCE5D0149161
:108BF0001EDBA92B7E6F94EDAF31FFB541E0601D08
:108C0000D790178D44A7C7B524116EB9965613F99E
:108C10004C7B698C28F6F63141E91DF4B418E6293D
:108C2000B9AC536DAC3D6E4DB571D88A96AC41412F
:108C3000FD0A1195131FADDFC30E137F41F981C8E3
:108C400084228BC5DD11E3DBF529A35C76F7418F28
:108C5000BC4E40AAE227A198F3FACD0899A0387734
:108C6000786615FFED51E279412B46BAA021E16DFE
:108C7000E6179D15C780C16AC118D4A08E22586A14
:108C80007F8F9CA37B495864554EE50058C4F97A00
:108C9000EE7877F13E4CB3EF28F912A7AFE9FBD994
:108CA00014F03B4EBE6B39C876CF564DEB893FDC96
:108CB000C96ED42163F604650D5DCE07E337C4C9E0
:108CC0000990E73186A1C754B776C212E1185665FC
:108CD000EE53D5FDC5FD14D40B1E3C99D95DD97852
:108CE000E51EB4B388E8866842C627C606D0ECF510
:108CF0004B7104EE8F446E0DBCC1DD35A40C43F006
:108D0000EB1977A03E5759A8FA1304D47C8D29613A
:108D10009578043E751BBB0D707DE8E6945995BCB3
:108D2000D849214915C3B42A9B9A5AD26DB35449E4
:108D300068274B5888D5F7E7AFDC59303BAD536F08
:108D40001B60FCDC9498000E8243EF8C08011FEC42
:108D50006E372352E4AA6F35C4ED401586F50D6ECB
:108D6000B3EF26964EF3243E748F5B94978A5F0C84
:108D700036E2557B914114EF8917EC1A7AA3AADFEA
:108D80008E05E6690B9CE7D710ACF05EEFB21C597C
:108D9000680C32663631427E7A5D79EF932308C6DD
:108DA00095BD9C636C3C0F45507CF963CBB823A800
:108DB0002DDAB1A3059A016AB19F46E66184EC6D94
:108DC000DAFB374F3D34DF58CADA390ED9AEF175C8
:108DD000DE7D144BAC9517CF92DF7063B2C0F558AF
:108DE000747BDB236FE397958C3C9B29C58C5F4795
:108DF000C9C116A4A800DC5E01CD82054962C48504
:108E0000493C45B49BCC38125496CFE25A1C7FA003
:108E10006B04FC624F5CF57821B315E14010012230
:108E2000D5B15B57C2158A8AF3BDA62E85272CFFC4
:108E3000686D16879A91D0AFF5A5A3FFE948A6B251
:108E4000C8FF25A94B63C290F41D97A0B28C8B84F8
:108E50001383753A60CA127B843DC04EE02C278193
:108E60002674B8641C64D4C9D7F8143AC162CE6DB4
:108E70001045E84086A018B0346A78A8F23F6546ED
:108E8000E525FDFF64E17A0B11FC33DDA481AF7CA5
:108E90001A21A114F197CD766F2A03DF19CA21A7F1
:108EA0002D66D14BF1C280487EA41BED17E10F0364
:108EB0009F3A49A0763554F146542D0AD583FDD703
:108EC000A4CD5396E72A23E2FDF73AD7E85A29447E
:108ED00083FB7B82BB4BF88C5BF1D8B9618DA1A180
:108EE000A190649E89CA4B65276ED7F0D74C8276D5
:108EF0007E851B2B900DE341DFC6BBF99B7F772E50
:108F00000A9739B1E209BF22F9AB88CED51F54F1D7
:108F1000C49315FE04B4F8A3D427F44C75D20A7F89
:108F200049D541C4BF4825D2AD63DA8851CFA5AC3D
:108F3000760A5BF25E18AAAE989B23F68F621E4BF0
:108F40003F9AE0DC61F86D13CEBB34CF5AB24724B0
:108F500043511E59258ABDF7D68F22853159393A9A
:108F6000DF8E884FC14811617423DFBE7F32B43475
:108F70004ACABA8F68070FC26B4A3F0BAE56BEF59E
:108F8000FF8E26AD9B9690E5E0C92537D6B6DF4B20
:108F90007ED9AB171E02A940EF2EA702718A2620A8
:108FA00029F0397ACBF4283D89A72AF6D2F2A10D0F
:108FB000617D955281DDBB789A541B96434EE9A69C
:108FC000EC73EE6E71981F18766926405FEEE3E74A
:108FD000D259F13ABBB2F5C95D166BFBA492D953D5
:108FE0003C37833F2E3CBD35893BE9CABD5FB0EFBE
:108FF000968C69DD1A7EC42E4643B09AC9E6E2F328
:109000008F8A931B27B0795ECD98FD96A759CB0226
:10901000D7C3659E4660E8535D833572DC4A820E95
:1090200016CB873665685203DF6F0E08FEC3E06516
:109030007BC7138F8405C83FB55AE46D04E0A1DBFC
:109040007AB729A0899018F4F72D98B023143FB768
:1090500090E84021F4CDBD5E4E5C5735499FEEBF90
:1090600076C02DE66674C80168750D5AADFB54973D
:1090700044F7FFA264C3C7DE820B6EAAC199B7C9C9
:109080004D0E6BB1ED5AFB39678E0ED56F77CFC39E
:10909000E78558218C8651274279F394A5431E74A5
:1090A000E92637643A4AF24C3B6C8BC30943D41728
:1090B00077DD9F9ED4EE53FF945601ACAD9F24F60E
:1090C000F41BA13D71220028F637F7CF8016E4B6D5
:1090D0009F3588A05E93380C5DEE4DCEC78F18BFCC
:1090E000DC694D177C5EEA9CB5D08C11816D48120D
:1090F00004C78E5A4EDB4B41B0A344B6F902A85BBD
:10910000B71073243C76F2D24CDA65DFBBC7261564
:10911000AE941A83F3644E3161709B2ED7345A1A81
:1091200042C788682C89997FE6D51C74EF62FD8D53
:109130008A71CE1045F0E4DAE461664BC8E251472B
:1091400089AE857EDB20CB1DC04A365FE056553F99
:109150004E797116218E3A85178717D4DDED11EF00
:10916000B66F4C6FA9849B8C82055757716566BC9E
:10917000AA311E0FCE77D562453501D9408EECAFAE
:10918000D480FB734BFF516AF1C131C7CF0FBC2CA8
:109190004D7D47D312AAC0730A0E2812FF05DEA028
:1091A0004B6C9AA436373136B9CF1FA8798B97AE5E
:1091B000CE3535286D45465115B8C0134ACC8B7F46
:1091C000EAD64D6974604D2E4F2DFCF57637CFAF42
:1091D0003E77A66FAAF27B2333607FA66F77569CFB
:1091E000F2B922061743F1585820A14AACC0EC6BE3
:1091F000598410F3756D0EC6C0F80091C982866956
:109200005D2688833948485E1642BD6619B521241B
:10921000B4BB05EA93BA9B8EBB4711E1B21C4D3536
:10922000345BDDC2500319E8419665366EA0A32970
:109230005C92693DC9B671D92F0F22D96295FDF5AF
:109240008A245ACF67EF92715C829A77C019E5AC95
:10925000E1F6447E6AA846ADD9A9FB70BCC6236678
:10926000461B2D02D2F026D5C083873D4789FB6877
:10927000003E53550863B2488BC22EEFDE095F48AB
:109280009695B39A4281532ABD94952ED59AC817C4
:1092900044F34B463A5EFA91CF29AF8D0BE1F2557C
:1092A0003DD29AE2D1CC55FBB92FCA27F4E9BD359E
:1092B000136CAA72D01D2571DF8F38A9FF57CDA876
:1092C000B0B4DED59DA526B4842101B9905B84C8D5
:1092D0005F78F07518E3A165F1DCB1ED6875A05D0C
:1092E000E60EEC8E7040FD0E55E509252A2F4F7ACB
:1092F000181F5DC71C9C4D0A1E4EAFE6B7B797E618
:10930000CF690045AE103BD6FED0298130DA8365A7
:109310001BA5F5AE15E5807EEDEA91FE79C09E06AF
:1093200046E62154FA19E3852CE6B076B7F1FBFA4C
:1093300059FB261E65591A09800BAF2525718994A2
:1093400034222C0BDBE7CF6CE026E981812CA2DFF5
:10935000C734AC129C5BAE0A9600CF58450E464F00
:10936000D9DD0B4809697995D25786B0BE582010CF
:10937000AE51DD3FFE0923118E90AD5536B2495CEA
:10938000BC1A2782B264C5C65BDDC9C840F5249803
:109390009A74A2C4A8DAE93F7B535DD3A2F1010815
:1093A0009DBDBFAB21BF4593B547DADA48963EFE77
:1093B00049B3FDBF32F6F815161D512A30F067CBC0
:1093C00073FA817C6AC85758700B1AD84ACE028F3C
:1093D0006B038E8C73363BF40B639D3CFB6E33AAA0
:1093E000773068B941ED2AEC6C31258E113D2E980D
:1093F000B9EF2412D629BDD9F700668862F15EC3A1
:10940000591C3EBFEF953745833B7014C7D61AEE03
:109410001E43FF0973A41D9533982A11FF4430A6FB
:10942000110A533FCC14A5BE86E32C73AED9067E39
:10943000BE3DCD799F227C4865E697FDBFAE28F101
:10944000AC423C1795BA52C0F5BF6A001C4C67ACE1
:109450004C11877468825E355508709D3A17181252
:10946000F2F02DEA8D33A28BAD03CABE1A0A6F93B8
:10947000AFBE0B09D277C4440BA97DDC08443BACDA
:1094800020E9A356734857F5FC1A2E9B9446E872C0
:10949000F377FCEA49F23CF28D591072AA76742DEA
:1094A000950C7C7B1BAB9D0AE67E8D9B7321508DBA
:1094B0003D9C69732380E36962FA4113BD067D54C4
:1094C000B1C862A5CE4D6D38AE2F08A0BD198D4F25
:1094D000F784636CE1C5712760E699446A3A17F234
:1094E0002A3B7D98AB5AB40AEE44D04A2CF5C0D53D
:1094F0000E44875B9E6D76A86954031CB5A952265D
:109500005C03CB918194EFE766EFC1F2748D9137E4
:109510003FFB077CFF30261FDE01BE7B52390ED495
:10952000EC6298CF1441507BF67486607CE6DA508A
:109530005CC71CDF522DC1038677E94BD4EA3C6936
:109540007D3D636BE31491E4EBF04F52F6FDEF4089
:10955000793CF54E5A0E57DEAFF1E5B76477B26647
:10956000E4B771064ED368919AC534A9F17267CFFA
:10957000B1F4F595475AB761F78275AFD83C30B66C
:10958000A9EBD178184B940A4EADDFD710F5091529
:109590004BCFFCAA358EFA4D48BC37D4E7CC11F539
:1095A00005B8C00875B9CB13A88D397DB04B6218CA
:1095B000C95E83BE220D4DAAF1195282BBCE61A2B3
:1095C000676D4EDBE99BA2BF3D52D2BD2F1FE0511C
:1095D0008BDC09C0E2CA7510343943CD27F9C34783
:1095E00048471E8635B9AE4BD7FC3D16012DBEE46B
:1095F0008146C6114422190D8FA79CA8DC5FE52582
:1096000078913E3DB547ADBF735E4F29F39C260C64
:109610009D80F5DEF58DC5F00CE3F458D11E751E66
:1096200024999A76854BB858174009DE3372859E87
:109630008EB7034CDCAFD0C6AF96A5527C9DF5D952
:1096400019729922D460FE8F26A57AA223077F3B48
:10965000CA75E9BDB5211C2A2B1B7CC9B9DC49316F
:10966000A93D5E6584B05119E2D4F7EFEC75047A38
:10967000DE384C316CF681367B89DF87D6A7FBE478
:109680004FB55510271E3BC933D487C458CD887BAE
:1096900054F63C394672EA72EE8D1D0644270F7966
:1096A0006C24B034A860A8F63B956E5214AB569269
:1096B000CFFE2AF8D245D0F26FC16C930606DDC307
:1096C000F52061C52E165C72B9F599EC867C3E0AD0
:1096D000B96B5B96D61CFCBE72F696B5A38D4EF99F
:1096E000F463F520E84B327C0FCB886777F7A7B29D
:1096F000A420018F9AD6C14AD1944D46ED179836D1
:10970000D8A60E17CBFEF31BB75C17CED2407CB9A0
:10971000BCF0992522C27D292CD8C3F64D1A3145BB
:1097200073B823F7004CCDDC9CBA31AFE503D816F3
:10973000B90DB9E53F2096B7A3E6E224246D9EB2A9
:10974000FA073B40B003B05099BC7C72D2CED13FF7
:10975000C6948B1810EB66BB8CB880781D0F1A3836
:109760007FBD1608D91D9307D40B2A30EF4693EA24
:1097700098047C61DAEBB8002B1C4F126B2B8FB76F
:109780000B6833312D71DB955E838C27E7F54E2511
:1097900065431DA9120044A3AEF84943F421B5F96D
:1097A000263E7C9C62812FF2C00BB6FC5B3FB95910
:1097B00064B44CF478BDFC316819C8D75F651E509D
:1097C0008A6E8D5B92E1FEF7B525D7733C83DD523F
:1097D000E792CBE09990CA6510CDACD7B64BF9B8FB
:1097E000EEF8761F91074E067C012B3CA6B0232D88
:1097F0006E8839FE47473BB95D0C41BA26DA89616C
:10980000A73263168C3B9EAEE296CD8D156D196E18
:1098100070875BBE7021DACE97D66198DA0516E7BD
:10982000D100C4E5A7F213BF86FC249328ABB5078B
:10983000F7156EF015668B34D4D3D95A67606CD6A1
:10984000156034C82CCD550C488B04D4578BEB5382
:1098500010A8DDF525C372373FB79CCED0CF2FDFE0
:109860001F3E82F12FA9D2B7DBA0D2BD1AB0FAF702
:109870002DCB219AD4F9C5B5A50002D4F891BD59D4
:109880008A1FFBFFF52AED4EF7137768AB443706C6
:10989000C1316C4BE69F32B1B78B09211678D906DE
:1098A00007FC88C388605C0866C09B6505DE3A8358
:1098B000B4C26C646D0F994766B6B3B2AEC814EE0D
:1098C000C8D7FC14F54FF88B87CD4FADCF8B5CE339
:1098D0001C97C701FECCAC605D72ABF74F84F0897A
:1098E0002F80F1001D982390B085775477647DEE2A
:1098F00080BE1796B2D95C5BCD7037E04B91DBAB85
:109900000597A82F6194CBE08DF72609E524E6E2C0
:10991000433F9AB28766BE8EBF6A734D3585ABD220
:109920001A507266928EBCC0ABB67A9F8793B158BC
:10993000B54ED78F19850AFF53528BE6EE5B10E8C0
:10994000F86276F96FC88BC2C4509248573340E929
:109950000BCA8C16215707B0B09726C3BFEC106C0A
:10996000087AB8783F0F9B7586D5B375F9CCFFEAB6
:1099700064870657068FDD0B021FDC39FBA261E905
:109980005E664C9C5BAD31B47933EC9E21BABB0270
:109990003A63B6682E804683AA889DDB7BB9D7469A
:1099A000056B3D53BAB466934BEB892B9AE1CD8D91
:1099B000119070591A4B0C02EDC5B6FB270D440BE4
:1099C00030CA360A92E0EF5A34D79EA1A37D244CC8
:1099D000DDD77E6B3A7FA9873F3146A7A5EDDFA192
:1099E000210760F7A70DCCFDE34C21C006CE1E91E8
:1099F00050F09E326A9FADA4644CD48B1EC11621D8
:109A00003A25203128A66A73F3DD9931CC2C498E92
:109A1000658C7D051E22FFBBB6F822CA24B3D8FC94
:109A2000BEF395EA509D76A565E1151374EA1A9E7A
:109A3000D78EE5F1AB58E1A58398007DDD52CCB718
:109A400003E183BFD50F272FE55ECF9450156F1428
:109A500064FD8CF63360E19AF008C85E3EA3237B78
:109A60006E9E062BCB12DD455AF99CF70C80F3E570
:109A7000BE8796573D2E141194F10C611FDA4CD11C
:109A8000F9253C29E31F9A71CCBC3EEE7A857BB068
:109A9000B76E68E1C7D1369DE743F646CE0AD4A536
:109AA00062D3BAF36D2451F30DB1D2C4DEB6DD60DA
:109AB0006293C40E60069130D13C3BCE35B97B7BBE
:109AC00005B2E1874F4D04A243EB58ABC65DF36D81
:109AD0001B859E87B24C96ECE7D0B954828287D022
:109AE000FFB2BFDE1979F138058159DEC918BEA66B
:109AF000205C8F1CEA84730DC5A4BD8C7D8C8532DF
:109B00008C75A7C1A3AB4323485877F169EF59B5CA
:109B100096D58D7FAAE7BBDDAE97D9471302B20B6E
:109B2000B36A903FD9A5FFDBD3ACE6168DFB468325
:109B3000615CB24A4C07574576E76AF2BB990F73EE
:109B40001D2C110BA9E9D5FDF7C742149ED7F3B719
:109B5000F0293489066143C7770D3FC458B63BD816
:109B6000F2A8F54D1B70548BD088E0E5D298E3C87D
:109B70001CD8B516CB4923FB1F96012FD8A563D659
:109B80004AA36F8AA637868FED24D35652765A2D74
:109B9000653DC97FBE00BE4756C09BA407379421D0
:109BA000E041BEA5FE6DC411651DEB786C71945744
:109BB0000B2263748488A0EB52F080CBA62B211477
:109BC000AA40580F4D9F7B04CFB0CF85DFF807091F
:109BD0007744D673F762DEF297027483052037CD9F
:109BE0001B919C7FFC04435B06D50B205B7B5DDFF8
:109BF0003DE7BE966C880C36C36C1AD829A7E145A0
:109C0000953CD9888ADA4E70B82BF4FABCE4FCC7CC
:109C10002AED6B7CECBDA0B41103DDCA5BD8A908AA
:109C2000D6FB4714794BA9EAD9443896867047A7E2
:109C3000F05F7A46C0E968E9CD79C326F4927B8368
:109C4000FDEEDD1CB91A242555CFAB572C9B25BE44
:109C5000B06D6B6E657024D363F8AB93503EE13703
:109C6000B5C341C8A351BF4B1EC7DE38A1C900B858
:109C700066E3BDA53D3F7C71406B9310891B388125
:109C8000B2586BC57CD25957F2FC8C1570811AF210
:109C90005A74EDE20B4B3E115D7AE2C98ACBDAC40D
:109CA000CB288D815EA64C9FD02F49222AEEE3FD62
:109CB00015ED4E825EF7EB28C5CCF25A6D622EAAE6
:109CC000B8A93EE125A59A3BCDA9D49C15CAA8699F
:109CD0008BBB6A42F30E54E221FE09CA459D03473D
:109CE000471D081DC3852A57C1EE690D018633C281
:109CF000C18C029BB1FE9DD720AC24DD1C9A80AAAA
:109D0000348B8DA181E60EE54455FB042786899DA1
:109D1000FE979ABEFD95F5F6517375C4D40B835129
:109D200050EF847442A7272B7DDEE75350840F93B6
:109D30001E3BE31D5E35CD8FA00F3F289D2B506B42
:109D4000AFA3001DA13858D4F5578021C03D33A9D9
:109D50001113ECB7DB999F89DE8665C70F1CEFE016
:109D6000EB6098AEB05A77B4C92E5650F396CAAC91
:109D700046BD9416FEB54351C19EB42E1652C30380
:109D8000B6630641EFBE0EEFD320B765FE1010B3E9
:109D90000705DDD43E2BB44B762386948AAEF17A48
:109DA0001B90A194CAF434D0CECD6D6B060B4963E1
:109DB0001E344588654B26A2211CA0081E577744F7
:109DC00016DEF227800CAA7A81F91A0650B7FF7BBB
:109DD000B453221D71F2A468C6DFC47EAC8A790B2D
:109DE0009E4E9F62DDAD262CEF8A080CC0B17DA18E
:109DF00059CCE3BF9378244F1AE2B9AC3DB7E712D0
:109E0000CD3760310F7872F704E87AA22A300178F2
:109E100082DBD7A89D07EBC5C1A361B0BC0F20A909
:109E2000F2FC5B15F504A65207252C2D6DA892B007
:109E300057AC8849FB585917EA61F13F4747EB6730
:109E400018D68374DE252A692712FEA8F91E21D8A8
:109E5000A2C446997C74B462B2CED6DD1DA5988AA0
:109E6000B119B4FD22AB503773F947930494E3FC66
:109E7000189C7496D2A220655052AE7FBA284DC06D
:109E8000DC78F2B0639DDD254B855363C9FBA8DA0E
:109E9000F3535A5D55509CF1798814B512EF1D3A71
:109EA000F53FD1CF68F7BECB063B6C2F61582966D2
:109EB000F74675686704F4E46BDF406177C6DBE959
:109EC000D98CE2F87D74D5A37B2DDC13241500E139
:109ED00039177A872BEE592DAB58C5329BF5B28CCA
:109EE0006173A665AE3893DCB5D2641C5F0AC19B72
:109EF0003F82E305337BB399D606135E8B8D22D95F
:109F00001547F88779B18B9BD0C4AA38B4F00760A5
:109F1000940FF48569CC587614AFF8565643FCB6C6
:109F2000D0996142214420A2B12B3C43E570102B13
:109F3000EEFCB426433DBC68BF3F0458AF4284BC2E
:109F4000CEF2A12FECC48F7C0076C6DC0DE0B61BF0
:109F50006916DDF4FF3379F614C4C466856A02C756
:109F6000D4DB87F8C5946F303D5BE69E194D1357DF
:109F7000E3B56EA59E581200D7F6805ED279558A59
:109F800052FA5E1F5A257F3E3BE1CED866BB66D8AB
:109F9000674C8869B584E79CD697721DE8C1404E2E
:109FA000281026DD932CD0AB0DE784F5F5B1475F83
:109FB0007838445188B968064BBF4733AB4AA4533D
:109FC0003DB51F471EE39C303898CE9F6290225BC0
:109FD00032E57A5B261720A2D3549232EAA7497C55
:109FE000E8FCD97F65CCE5279085B4EB7549BDA128
:109FF000C0BB7FFD001C21B47E7858C949461E2293
:10A000006D8BDA4DF349C2A3F49CEA8DE7B07FDA99
:10A010001406F0FF827AE34E10D2F467F8414E3B0B
:10A020008D9DB5C1FFC7BABA3B63B1B5189B06A3F6
:10A03000FCB3064ED6EC3B4DDA4F699BFD5CC63F48
:10A040008B330B6423BA8A9DEA16AA106DE3F9C11B
:10A050007CC2401C58411559834C657237E1767CAF
:10A06000FBB1C0DBF9FE00FB7D7C44B5A98057C283
:10A07000DF784E7D1670F957DF2C8519FE062DEC22
:10A080004E7DAC0B471892F510024E001010BE9B8F
:10A09000B584C7E8E482DB406A791903FE79B360CE
:10A0A000A49B131B68A2AEB827D86F7A0690F5ED73
:10A0B00017A7A6A5BA73ED408E4A90D07422DDF39F
:10A0C000876511C0CB115218490FABE7C7F1F233C6
:10A0D0007AF87DDE6BDE2D7560FF12A6DB3EE66151
:10A0E000530275B9F464CAABD300D64CA0CF005E5E
:10A0F0009CC4ABFB4E808F00FF8AC724B9B68A3858
:10A100007D35CBD34776F57A6C0790EE32CF715D13
:10A110009E6872550AF38B11A260D22B3937C04367
:10A120009ECA4D7F68DEA3CEBDB4B6194142ED1282
:10A13000D1C3EA3B5F40957ECC34623BDACDD41F7D
:10A140008A2714AEBD57AA2DCB95E31BE6618AD6AC
:10A1500039869DBC72E5C4DA06B82FEF95210299C5
:10A1600047312C2DBBD44458DFE0970F750E62A108
:10A17000E1D3297CE3EABBB9DCC2519032A31DDBF9
:10A18000A1377EAF3F9E7F13B5E3603DC2C8657ABD
:10A190006768054E64D444840D1E4A1D146B54092F
:10A1A00047DB1D3689D4D382A023DDF5E76FEC822F
:10A1B00068EACA6BBA091A441EA4E94D92BEE0C906
:10A1C00058834FC087AD8CF8475E835A958FD384F0
:10A1D000B8684B57D038B00025330E99F8468C61DB
:10A1E0006923F51C77D11C4F83760B3B5DF2CF8042
:10A1F00039CA4DF82724CEAC511A9CD5DDA203896B
:10A20000F2186B90F68147FF6676CC727A72E4544E
:10A21000706A028D9FCC7277DE527D7A120062B432
:10A22000BCD824CEC820E18B46F90ABB7C10CEB541
:10A23000D4055B6A19BCB9242A1BF96A143551E3A9
:10A240001905D55655E3FEA92C7D8FF76471FA21C7
:10A2500080CBB49409714C41DC6AC10893C70220D9
:10A26000F228CC8BAF3BF52A89BC6828F07CCBEC7C
:10A270003CC92B4FD7A470D9A4185BCA4B4E17AE5C
:10A280002282B4429AA89F31E5CA48FC5E07B529EC
:10A2900057400907452109E4A906FBC2D6BABCF913
:10A2A000B9E835BB5F47E8B680A2521ABEC01BB002
:10A2B000B1B153FBD336145FC8705A72E94B2BEE21
:10A2C000348C6AE24A36C0C28080DE8BFF1DF9CD35
:10A2D000A277035B97475D94FA4407BB04598B460A
:10A2E0008E9C7192B6B1595B0027D48B3702174A06
:10A2F000A38391D23C7F129C39EF02823F18DD96F6
:10A3000092F8994F3C0DC3902C74EFE0B1F0FF78B8
:10A3100061BCA9F792EA64356BB7DC3AD8BF670D28
:10A320009B5E9C0C8A5769266C29B92101BDC6C564
:10A330006F1934E675F92C40B40FC0ED7BC1DCEE2B
:10A34000657BB331C28438CBDC6C4DD563F72D65AA
:10A350004F126D681462C217D55132388201E6BEC1
:10A3600079862B9ED1D222EB35CA2AFF4F9C233D02
:10A370000AA396D58B2FDBAD487F9FD19253E7631D
:10A3800046121DEA511DB91C3DBB35F0F6957A0FFA
:10A3900086F3D7041D79F0BC404C5AD0BC0A37A5CF
:10A3A0004AC02A3BE15BB2AA0F995042BB105EE75C
:10A3B00087F93585168C36EF28D2C4EE36F084D670
:10A3C0008D8D825F9810DC35D0F65774C46619EB1A
:10A3D00020413A704DAF66B1C80F318ABFBDB86B2E
:10A3E000663CBF9BB7C1B6D3157E35DFB4C5A6C8E2
:10A3F000F9ADABAE71896CD234844D5D379F535B40
:10A4000096F3BD9BC62459D3C2FB6433CA6F8D5EDD
:10A410001778385F5C4071A046CD62502C593B0BD9
:10A420002A7B901CA22F93F5E8EE913EF0ED02B846
:10A43000D6E64077FAA1E52EC59C3F23BB101FF757
:10A440002FB28583E174EB0522A0B7B46030D87DCC
:10A45000C33DEB648DD4B3CF154A721DEA891EFA51
:10A4600005A56182F60C4130CF92088BC3EEA8F9A6
:10A470003C91A67D28500D55139DA1C8E038B0C26F
:10A480002A37EBFD911DDD7B173A6F13762C7E2367
:10A490001C6AF233424C431318B3892B18A8B862D4
:10A4A00010187D46103856003CE151CD2926284829
:10A4B000BB01F21761E043382FAEC381DB4A832230
:10A4C0006416A84E77641AB43E57C29261DA2E7BA6
:10A4D0000A7B61D0184DB29B0DEEDF3DF2CCC96115
:10A4E00047C06F518C92A34A1BC40AC90115EA6583
:10A4F0005767D0AB2425A2C86113A27578DF4DDD64
:10A500002CE41E0E8A0CE4614CA7E0A7FD90218884
:10A51000AF5A06BB7D02679F7555A8F986566C0B2E
:10A52000E6065B2292815BAC534C86259FE39EFA44
:10A530000C5AEBFB07C13DEF4E1080FBDE7CF88F21
:10A540005806B202D0C4CB46F9BF3D2F3543566002
:10A5500017820F09B9AB2BA6F735CCFBCEB2A8DE1C
:10A5600040505F1673D51FF12D1FF30E5B785D9180
:10A570002078B4D1A047A46C4E98841ECE30707D54
:10A5800092C5F6292D236B2FDB934F7C932527D182
:10A59000D8057776661726C79544C1638AD9F094A3
:10A5A000F9C6DF5C117528B062B5D951D0C161C060
:10A5B00042AB119B9FAB1A599A07C5D6D30CC53530
:10A5C0002CED9392A6D9E829CF0A25F002E8BE31F6
:10A5D00050ECBA0FC57E33D9BB0CCA56F167B6E54D
:10A5E000922795B4917D001BE537A4117FE2147E7C
:10A5F0003857CD4E2F5C34F9F53583791F553FCB55
:10A60000E09ADC93BA50651808752A3291BFFA1A9D
:10A610008F9DFB208EEC8F8C62038AB49368EFC30E
:10A62000CE45F65813E547D691A656B3DC5757B733
:10A63000780D00F1D8C4B63A8FBE67962E35C107A3
:10A6400041A03CEE1861D5DC25EC12162887E5FB0D
:10A650009F6EDCFC37249CA240AB03BE604B66F8C7
:10A66000C49D0D62417455FB69B624CB56658619AD
:10A67000BF8CD972A968C9A695AF10AA233FCCABED
:10A68000EEA055A4F3E03EDF1082DDA3FB73814E04
:10A69000D6B670B7D2479F42F0E228B2F980FFDF0A
:10A6A0001554463CEA9C40C71DD1E1895152641EB5
:10A6B0001B452AC7FD5DA256FA8F88F7AB6C8A4FFF
:10A6C00047C5FEE1D18395A97BFB66D6A402CEDA0D
:10A6D000DEC0EA8CD62648A1A973B060D471F80513
:10A6E000C7CBB9837F92EB4A60A626D292CC216C6D
:10A6F000F848CABD54F7BB3EAF6DB8054746DDCE3E
:10A700007F238C6CEF401E9A73C940B04C463C23AB
:10A710006AC03911C7BABB46F80E0D1BD0E82557E1
:10A7200083B9924820CBD6260B8573EC9EC577253E
:10A73000E5D8E6294405D0693BA4C7F54E335591C9
:10A74000186713447B043A9CBC11130979E9A2A24F
:10A75000BD6F4761A89519B34896FB568CAC843AF7
:10A76000D33D577FADA97F85E8BA08746A25624C4E
:10A77000F5770BFAB6E468D4AA5C51508A18051B29
:10A7800001EA10B37B84C3AE8EE340640A34072E23
:10A790009B8D1F735F540E57EE2DA1CFBC1326E87F
:10A7A000F05FEEA6A678A894DE4F27F5DB3A5B169D
:10A7B00010447C37A39C22F1CD2542D23323DBBD4C
:10A7C000AC00ADC17CE0AE379D0686740FEC3E8ECA
:10A7D000399640A252DFC6922BBE27B75D99317AD7
:10A7E000C0275B02DAF06D5A35706AF7BF83A22288
:10A7F000FE853D252225051004337EACF8CC52D6CB
:10A800009946D1A955E975BE0796050DA459484347
:10A810004B6AFEFA0B74196989904B9CF7D70CBDF3
:10A820005AAA22A99C52639CAF346DFCD667A5241A
:10A8300034770E89C484D268881D6DA7E1ECA30427
:10A8400066683305A4B1268553EED217D315D1150A
:10A850002A5EDE03EFB58BEA5517A6099147FC7E09
:10A8600036D8493E15AFD45D00534D58EB6A2419D4
:10A87000FA4B17B827996FC52B0C9AA33B47C4E234
:10A8800014346AB23EA7E66E21DE522F454BA6B5C0
:10A89000E20A30E9A4BA367014419A1468E0B7A20B
:10A8A0007C6F62139DD3225BCADB863C9909C8C1C9
:10A8B00068A53DA5E106F3EF02D9E38844B5C110D0
:10A8C0005E30E39EC4545557D34D9A45ABE8BA92D7
:10A8D00064EE2330C1447D2A8239ACBDD88D5BB390
:10A8E00025C7954FCC0D423E4DFEF5FB2C00E13BBC
:10A8F000B72663BEA49226126129F3A7E1223B1872
:10A900006E8E280A399C77915E71637136687B037D
:10A91000DE61D7118917E43FACC1E000F8DD00012A
:10A920001C7A54AA8CD7C5DD02E8C4E85CDC6A6EE8
:10A93000BC58EA867107C89562B76216C198302A7A
:10A940002DCC9073C7D11D54C2F1B0F6AC263FBFD9
:10A95000770392C471720A955A88BDAAFEB0142575
:10A96000624EBB2C5B28D9AFE7C9121E5AC7A7A5F8
:10A9700098AA8ACAE02046DFAEECC3648B20AC9272
:10A9800007676DAB935807391C8866B6156EA34DE3
:10A99000857CACDEE688F470484C52621A9559E624
:10A9A000323C730D9365E6069B7919F6C3849D527C
:10A9B0001935AEFE81644C483B9321E80D6AE9B23B
:10A9C000BFA1A9DFA78087C561AB634EACFB34A4F0
:10A9D000E89CC9ECCC8589B5215C2676327F096B71
:10A9E000CCB4320BCC2433D69C0432A73BFF3B556E
:10A9F0007660B76A69F3B562A67E59A8A750449EEF
:10AA0000024449DBDB374725DB5E21DCCB393C3BAD
:10AA10004538B5EB5B46B3CA286C02034CDC67894A
:10AA200077A8CAAF4121D4F18AEB085DBDE5205972
:10AA3000DD0AF266F76397EF74C471A516C6316C30
:10AA40002D6586F99316C07366398CDE77FF8BF619
:10AA5000004156FECCB309F1D076157E8C542019F6
:10AA6000B130964309BEA392EA48A790CEDA1626E3
:10AA70001C34A91C6A12371C35812E618BB2D1554A
:10AA8000660857B11E0E98B10F48EE0C894F6A6EDA
:10AA9000956501F804DC9D10D561EF386DCBC1528E
:10AAA0004D258D550767B0FA55137299984F53107D
:10AAB0009BDEF058570756EE87FB124EEF045BEF14
:10AAC000DD35A5F14923BC9203F8E293F5E48F87C5
:10AAD0003EBEC3B792D7A5886A8BC5A92E56C4D8E7
:10AAE00086F89495DCACF517CD3948615331BFC772
:10AAF000663ED85017D1F865122EF374D7D110D610
:10AB0000472E8DED3AA051733281913599CDFAFAE5
:10AB1000E7F7AA38C92410B6624C392429767C8A12
:10AB2000F0FF058E89AAA090C037177B47F0293225
:10AB3000A1A9AF9E46E4FDEA539FDFF316AA2AB807
:10AB4000F159D783C1898A8B672370A7AA09A0D33B
:10AB50002A23B97ACC7199228E06E3849E5FD8317C
:10AB6000147B10F3F67219A310FF05409B7D15DFCF
:10AB7000BC237C04374310F810F941248BA37D4398
:10AB80006566AAE53006F735D455DE8AC36482626D
:10AB9000486E6FF534EF327DF5BAF69167704F1756
:10ABA00061837C51F56551BF64F67CC0B9B9C0C9F9
:10ABB0007FA7C27C8B73EE49D276E088E41F3FD238
:10ABC000699D97180B6933B311337422F79D552192
:10ABD00091012C7F22D211A9B749C2D823E845ECB4
:10ABE00045D41978F0FBA173288C4E3A4D7E1B1882
:10ABF0002CB59ADBA85474625099803BCCD88F59FD
:10AC000091670FD1CAD68462401066EC9FD917FFB6
:10AC1000B8AAF8647B275AB63E1BA1090F24B318C3
:10AC2000C8849226D67B0A67414B3ACFA523D2C669
:10AC30009B49FE0CD1263E6BE05E3801AD48F84ED4
:10AC4000D001B32DC1C64C490958D242420F984693
:10AC5000EA8B9F6FAFA9BD91D083438A6B647EF06E
:10AC60006838136C908B0ADE2B360C03C947EFB59E
:10AC70005BF5D14A199B847E0995980C492492C9A9
:10AC8000057485F0FC91E5FA9500FD4F850C7AC7B7
:10AC90006A0C53B997F8C74FC696D51D3D5BFC3378
:10ACA000A3AA00B1B0A919281565C1C6035C465511
:10ACB000A81E32C0A6E98CAAD0494323FD54A9C3DB
:10ACC0003D2ADE6D0FB651230418FBD5680EB6C4BD
:10ACD00036BDED2E07BDF4EE16ABF830DA160EFFDA
:10ACE00088AB4F33E5516D5D5A7A94F5ACBA530693
:10ACF0009A6D303640C6E6AD983AAC9F2211576A3D
:10AD0000E34F0E4F88C5AB965402CB35F9ECB3B682
:10AD1000E1C59F70FD28B262290AD098675D8272F2
:10AD200040700195A8857397F6818406DBB390681F
:10AD30001838E9C3DB75F0BA2ADD1AD30CAF769167
:10AD40002A54072D25AF9F53CCF9E2F151A135BD0F
:10AD50004BDCFF044508C9D2A7D45F625FCD82A156
:10AD6000064DDB48725CE8C8FB79D91F26F90ADE7C
:10AD70001D432EBB828E524B39CE5C36C1D1FF06AD
:10AD8000F8A92A35C9A8777733D4C782607711CD5F
:10AD90005E27FFB2F9194F572FE50E8E7D3E7EB824
:10ADA000081A40062F6BB8BF35D26AAEBAC786C53F
:10ADB000E3CA1B70EA4CCCBE997E6E22F6BEC57803
:10ADC000D25E073E65D1BA152CB140AD39FD072ED4
:10ADD000D5493DEC25C30FF2D2DD04ECC24D4963E9
:10ADE000742C89A3735600BAD6CAD3224182CB6B86
:10ADF000784495AC3D3A8F56F2E39820BBA896A4D0
:10AE0000EE045A0EB70330D01F3D17AB13D1DB163B
:10AE100008F4429254FDA194F322C447484FF144F0
:10AE2000E3A1DF3163CB076F0DF240874943F01C8C
:10AE30007072E96648C80DF59F82F4B10B39E5D10F
:10AE4000B99FA8D149AA9434EDB3FE999E0A825ABB
:10AE5000A0253A76DF90EE95269A6F71E81029A525
:10AE6000F0197AC7F6727CF59EFEE26DD9AE33001A
:10AE7000A16FACD2CDD5A09081507D5FC3E296B4D6
:10AE8000D4911C36CD2A0BFEFF0D6C6436BC824A71
:10AE900062B80AF1A409F0355DDBB2ABAD9C27FACC
:10AEA0007061737968CB0067D0893FBD02ADE65A07
:10AEB000BF094EBF937B930D15E053E70DE3715827
:10AEC0000F71AD62DE09BB854B7BB6AB9067A817EF
:10AED0000088F1DD5A9D657EA3DFBBA2EEA936BFD7
:10AEE0009B4026A429F5B0E7430B8D6EC8FDDCEB33
:10AEF000272F357CEB16DA156F8DE89CE8B1D41955
:10AF0000B4E72D3F5CFDF0080A214BD26BB48F10E3
:10AF1000A2EAC961FB5F51359327F9028B9AF90DBB
:10AF2000EE6846C892BC2AF2B185F26A7617E56CE3
:10AF30005034E26C203B0A00B3B93A1AEFECA27D20
:10AF40005828D3CC8752BED9F347FC09AEE8C4CC0D
:10AF5000A1487A8EE650A19020BB288B89A37388E4
:10AF6000535860417E298FA89122B0F9EC2779408F
:10AF70000F5983FA4B40538F38F0197D0635174B24
:10AF800046621A157491D45FC0AFCD70AABDA3CA32
:10AF9000F2434A4339F85EF407C38C4C06394C91AE
:10AFA0003082165ADB07759E23BA9D50874C265275
:10AFB0008B52C2A3E1AAF70622925436B59D8D9614
:10AFC00044F6342B6344EB5787D20A218579354AFE
:10AFD000B19648840084AFEA534A7496B6CD899EF0
:10AFE000B2C3C78A84D43DE2663BCEAB54EFB527EB
:10AFF0000CB7537A8A1EEEBED991E96D3EB0754604
:10B00000742C5755B37FCC9F81A406C9E29B944E04
:10B010008A4C255C361381616989B7123EC0A675DA
:10B020006B302C443D1BCCDF440A23454BFDE64DE1
:10B03000D98B1360BB9C1899D14EFD0AB22E060F16
:10B040005C19F4FB9A14D78CFA5D9349250252F2ED
:10B05000DC86580AF2990DD7C8D2EC2E6A230287F3
:10B06000D9A29F397FFC08A6A63EC986DB7BB876AD
:10B07000A74973B44ED3E1BF0E251C471B848DB680
:10B080003B010E2F40310AB9269EC35452589FD718
:10B090000F03B8C4A8265E362F358B7ADD23C7345C
:10B0A00072B1858ED649E939F04F16CE4108E06B72
:10B0B000F9FFE7753E80CB19B1887158CEF8478506
:10B0C00061B5FEA2EAACBFFC123D78FF3DA5A065CC
:10B0D000BA7B5E890E547217D13E025A9085F727CB
:10B0E000648AA235D981AAC40FFC2785900F6F7698
:10B0F0001A9F337DA9AC8078554BA4C60E4062AE32
:10B10000683E2189521901B8E33737FEAF9D1BF71E
:10B110007015F71CD3292DD00F1B45C060D3EE2B23
:10B12000D1C1A466FBFB70D4EA094F9839E81F32FD
:10B13000679D98BC8F454F3D74140181E48BC5D544
:10B140009E09BA8E73C4343EB6E0DB5728F2C6813E
:10B15000001F9F8E2C0F6E15E1B1D2AB04183BE798
:10B160001FCAAD721AFA0008044780EE750ABEE7DE
:10B17000ED57652FF45AF49E8DF68548C1518F68BE
:10B180007E6BFBE508DA5E3B977FAD4A8AA1576686
:10B19000800692E26E17CDA69C95C9F8302F6CD927
:10B1A00057CC8E415FAEECABE2F2FA3FBC09379A66
:10B1B000C4C1B436D699A36736FE7FE0260B3A9811
:10B1C00005178C914FA71F27F430AC8F428476C0AF
:10B1D0008719287EA7D59D6F516D00AFEFE87CAA37
:10B1E0001A7C7F78EAE4245F3BD5A772D19D1A24AC
:10B1F0009A9811407B8C357D769051E823DCF4D20F
:10B20000E2687795C47F01CFC34981B4977F72A765
:10B2100020AC6C196D49147DE9DE0B8EA1BDAFC267
:10B220001E94D49AA99DA4D1D1E6D078711CC6F001
:10B23000C5BD7648C52D312123B0E9506C9E97F8E5
:10B24000406225DF566841C434F44E49D8F4BF9DAE
:10B25000A5D80603BF2872A167E62AF93FD890084F
:10B26000C088A324CAC245DF415EA508BA81160181
:10B27000079556DC0A690A288C921197F528AF4F7A
:10B28000D20AF8C1796235F1D11CEAC12AF64A2600
:10B290007C53DFF6F3EA01A0EA598DC035EA078E48
:10B2A000F54AEE4DDF3104AD9AF731520DDE2058EC
:10B2B0008777C3EC4500B113B77060B76E9C67E940
:10B2C0002930F45677BA445E309E6801CD1C1C5676
:10B2D000F2E63FC04DB5281AD086BCF5D4FF7EE318
:10B2E000FD42E55463F65B615CF3E9C40B304A89C7
:10B2F000F4DD31CA649E3FA758FA746AF26B860D7A
:10B300007B1EEF610F9A180F81171CFCB347BE8A92
:10B31000294F08F0E63E0B78871F625214E3EF7363
:10B32000824E76A5A218C88CC4230890AA2F98F63E
:10B3300097A12DAD726D7D3228653A9A31BBB5B1BA
:10B340004B4720CBB9A62A0B5B353A4D30B1394C6F
:10B35000FF964252048BB1C182B08F80BA9AF758DF
:10B360005A476B98D43B545A49B88AEDAC3B2141BB
:10B370003C2FF82888DA9B93358550D2AEEF657F55
:10B38000F40B367885A1349B0EFB607523205FFF9C
:10B390009763FCBA146DD8FC596935F0ADFA395C85
:10B3A00012D34CFECC492BFD966886485ACE8A8132
:10B3B000D7FA21E462F8DB3FAADD3DF0113C575695
:10B3C000B567F23819EA15E34269026AAC584D22B2
:10B3D0006DC0BF9390BE1302FD5ED865BF81F0B90A
:10B3E000D71C7CF509BED8397B67733D68B880DA15
:10B3F0007733F6D8F5080A92FF0A993C4F023701D5
:10B4000005E26CC7F2FB96DF0F6226C77412802933
:10B41000730303DD833FE061516593CEC2DCBE5F01
:10B42000818D102CCE4C74C047A9CCD6807E3F6F46
:10B430002F890CE68E7CEB2E1E6DD582975BB6B8FD
:10B44000E871FB2D4594B6F11F3557C5572C7F97F2
:10B45000B27FF22E6BC2E836D1F3B493D17C0ECA20
:10B46000DCC1D64724A57A099D3851F3660F823096
:10B47000BD3E4FF61E0C585198932B92365CC26C11
:10B48000A05C01987B4F6AA7A08877C8A37A71A1B6
:10B49000C3197AFD9BFD6C9C4D531A80C7CA846FFB
:10B4A000979FEFB27A7C7CDB128AC13D0ECB9D8FD9
:10B4B000727CB06C249F52110B8812BCAE6090C994
:10B4C000DB1C42EA72BCBBEC4CC70A00D9D7B244C1
:10B4D000D9ABAE16C226797055F06A34A118EA7A53
:10B4E0006515E4E0068B2EE97C871C8E2DAFB655E2
:10B4F00003A31C3EAAC71E80E38DA040580636D683
:10B500005D7EFEC6236C70FA8BBB18AC3F647E7BFD
:10B51000CB659FFEA7D8A5F1FA151571DD3FF80D93
:10B52000FE08FB99BF205F2E545736BE6820CD45DC
:10B53000D1F4D1A4838891075443A3A0CEBBE6B530
:10B5400079427EF0D8519B502F598B0F45446E079E
:10B550009AE6F6D1097BC1014EDE3005D7DC77A72C
:10B56000DD5F9E90C283D0ACD234F6B37A9008B936
:10B57000BA2FC1E16E326915F350CFDE48F235B90A
:10B580002EF057E19D44AE390B717F0E0C8E307654
:10B590005529E160AA0FB8E8366B5CA5E26ABEE304
:10B5A000702D5C63E25EE6432DC84750E3697C8200
:10B5B000D9F2E57D2EA62BD29A13F8183DBCD76F91
:10B5C000B4362DBCFADD7FC0BC7F861D71618074EE
:10B5D000B7DB1F7D2DE27EF467A6B859B0C37FDDCF
:10B5E0003A79E0C5A78B38F9428454EE4CA9CAC910
:10B5F000C5586F8420329F0933FF4473E03A8A4371
:10B60000528910B115074A1FA3735D3CA137572C0F
:10B6100060F1E426AAA8D8919625D7C82616352B1E
:10B620004FA14D758380F4A416DA1FC658020E355B
:10B6300001B3784B096102F7049B25EA00EBEE7E2B
:10B640008B7893F3480AB18912A4A05C2D92C91596
:10B65000892DC34DD026B3F40ADDF3CC7063907C02
:10B66000BBCDF1926699307E4F8975CDE33AF54DA9
:10B67000714F90D549B338C8FC3D68267A70125195
:10B68000FCF094E65612366AB8FD7A7C95732F1B4F
:10B69000DDE8B04DC7EBBC8379E68761C523AD0714
:10B6A0003AA8B1250CC9384DEC2856433A674707EC
:10B6B0000E97AE8B758F22285AC6E615E6C4DAB609
:10B6C000BC4E4C4C4EDEFECDE2071D9B70F76CB7B6
:10B6D0003E113778F1D828469A928EB89809900092
:10B6E000C16FF64EE2DF6E47AD84BB3AC0379E971E
:10B6F00061CB5731BE06A60EFFFD518378B42250B0
:10B700000A607F7BF2CA89AE65E40C42EECE08285F
:10B710002AA81D0CB6BE5E07CC3856ADFF34468D48
:10B720000CA5148AD4882CEEEFEEFEF1D2AF130EE6
:10B73000E2FAA4478CC2E825CB6E29C18B147FCED8
:10B74000154B3C70335466EB781155DEECFE5AAA6B
:10B750004B65201A532977B887D42B9F05754F4125
:10B7600047B66FD402E35B754A75AE032605E44520
:10B770009C99795D361F849468B9D45CFA038E3540
:10B78000CBF8D843F5C41659C400CF07434F7635DC
:10B79000665E7D825DAC3685D5CC0990606C915734
:10B7A000F583C927E10D293E1EE307630A0A5DD729
:10B7B00009596C96766646C631FD7A45E97342B4FE
:10B7C000E22701B41A3B9BB4818D899E47A62024B1
:10B7D0004B98F41B35F1D5F75EE19A6A452C7864F5
:10B7E0002919E4AF837F0425618A8BC92ECCECAC88
:10B7F0003B61664BFCCE1A7AB719C183234C5BDCE4
:10B80000D8BDFB9E2268657B97A2D4A002C36EF7C9
:10B81000AABCADB0080FA634888D13AED7F6A01D14
:10B82000818C3B5680656630C9FF4252FE44D2EFA0
:10B8300075D26213FE80E21B89E0A5E1ED0073D3AF
:10B84000307F0C71179A6062F513E6783F7BA86829
:10B85000B4C5A5FFB28B06B6BF44D5F94A9E8E1279
:10B86000B65E412B666E04A09FEC885CAFA215E12A
:10B87000A920B9BE6433D6833F481DD35E2E3F7DD9
:10B88000364B8195571DF541907F61466DDB88737E
:10B8900096F061906387761955840DA46CBB33B420
:10B8A000D225FC383E12BC5E8308EAED151CC3535A
:10B8B0001A22BDA4866E39E301F61F82EA5A3DF6CC
:10B8C00020082BA7C46C1DCE257771BDA5F411BA35
:10B8D00032A2E89CF4EDB5447C6DD3DBEB657C20B3
:10B8E0000ACBD2CA259805E3A51B97656F953A7FC9
:10B8F000014F5DE5156852D2DAF5AFB0DAC100DD6F
:10B900008F911DE04D5C6E1C20AA904554E67AB6DE
:10B91000E68500FEA7D814BD1B7FF7057894A09696
:10B920008145B5051092C92052BE05093D4DD48010
:10B93000B6EA414BF50B0F494A9A5EBE2F959FCD53
:10B940007CD9C1E34EE3707FA540A570A08CBC7983
:10B95000BFC3AE14452428F21F558F4A9A23EDFC2D
:10B96000AB4A9012DCD17AD33AB55381FDC570DD74
:10B97000D84506A2221872E3D485A511104EE031F5
:10B9800008AE5DE7C915DF70DC683C05CD3C37AF1C
:10B99000206CC858297E6E7840C4D32DA3CCFF3AC2
:10B9A0008BE584AB16896F96BB6476B98F063369D5
:10B9B0005664796F8BB49D61C2BAA07C7D00F6E3BA
:10B9C00099B74DD0B2E1C2F9B3FB3BC0DCBBF78EF7
:10B9D000961D31AD3354834902E99D9628A5A147B0
:10B9E0003858B096066484791F3A0BD984AF96C64E
:10B9F0004E0DBAFE8E9B7AD5B8661F2200F6DF6523
:10BA0000A7CC6BE85B113E60CD90805F59299F21E8
:10BA10001796A4E6F41FF43AA588F16F24DFEB1023
:10BA2000DFF8AF0B050EAF98B53AED019FB5D8F52D
:10BA300009C8F674B3AA85351A95608D5217D922B4
:10BA4000A4D8508FF6B508C76461EEAEF8412C015A
:10BA50007925170661B0D493CDD9B8924473E442E6
:10BA6000D419D85C57B45571DCA50A83F0AFE6F75A
:10BA7000FB2CFB740264752D84B17FA40E27796BB7
:10BA800063986CD6AEBE3618D85992B2504439F28B
:10BA9000FD374EAAE5B288D38191F3D46450C9F83A
:10BAA0007F6F6383E8DC765185B56DE8EB9950A52F
:10BAB000640E44396CBA0D441520623B6405E939C3
:10BAC000F9E140F5B5948C27547E736B5E63920365
:10BAD0002FD8EB499873A086550F19B62D4BD9571F
:10BAE000BD074B5770F5FDA82B8325DB949CD73EF3
:10BAF000F70CAD6E7EB652D8F89829C5F037B1551F
:10BB0000BD877C39730FB23EC1CE1EEDEE287D6439
:10BB1000B4BB29513A503284A83CA4179BF6882321
:10BB20009575651AF10FDD6C5D32D115B68DE04A61
:10BB30000B3A091B4D9BF358138EA4010EAF105CFA
:10BB4000DCD4D67BFE66A0B6EF7E9B9CD083E0ACB7
:10BB5000A0BB7ECCD784B33488C620A3510360BF7A
:10BB6000D161541C82245DD0099A55BAE91BDBEBE4
:10BB7000019FAC3B0EBCFC6DAE917087AC25E9FA21
:10BB8000B322E8EDDAAF5A15988856EC54947CB29B
:10BB900065B5B6196A500F8C350FF9350C856D3FB8
:10BBA000B7FC7206B6FB64C744C5A45BC345476FC8
:10BBB000B7180DA22C9D98D7646D914E8F3DCCFE89
:10BBC000CCEA82CE7808D56C7C57B0DA1DD0BC2781
:10BBD000152D306A517F99EF9E1101ECC1DF84333E
:10BBE0006F38B452EEEBB7B39DC062E6E26A6B34D5
:10BBF000A908ABD79EB4DF8A40F0F4FC683FD4823A
:10BC00005B86FF919A1921EA5458B17DBB07883EA3
:10BC10005D153087B9F26E7A6BF35FB41E147BDE6C
:10BC2000A90F41091A9837B19EE2A290B82490B3A7
:10BC3000E052FAACB45F340CC8A5DDFDD0AB4EC405
:10BC40003511E604838439EDE9ADC1542CD6C7180B
:10BC5000194F818BCA5BF42DB7F5F6E2B093119EB4
:10BC6000DFB07C04EECE3BC45B9ECC4EAFDBDA0E85
:10BC70005C553A4FD48FF7F51B6BC0AF40959921B7
:10BC80001518EC776D8B65792314949E7C0AFC283B
:10BC900057638CF698AD0EFCCD27BDFC7256E816A6
:10BCA0003EA1BC967C8403F5A0B5D3A3B762316EE8
:10BCB0005B6FFE3C5803B16B1F0126A333F972F989
:10BCC0001484800A4379381AEFE0A568F6470E23FA
:10BCD000F77AAF1A4FE94A4280870D31825263EDFD
:10BCE000C624B52D38EC775F4CF062073119A444B7
:10BCF0006E2C8A897A40E50150BE8708A05AB44369
:10BD00003BC3064437DC79F60B4962EB0E1C740921
:10BD1000730E80393D8E370DA14424ADD872B7DC47
:10BD2000D4765B84A96C1ED282471C5885AD296FDE
:10BD30003FB3C9BA7E4E1550478CBBB593BFDFC227
:10BD4000608577D9AA199875BBC23F15E3B7DDFFA7
:10BD5000A0CC1DD4EE8D551F94A50989DAD3628736
:10BD600079740E49B913E3753B0720D50A55D3847E
:10BD7000743E27091B1C716D9F4C30C6E9BF5BD414
:10BD8000A173B19FECE5472772F7FBDED99424A895
:10BD9000AB14D1F8DD06983375961D80381303DA9D
:10BDA000C32E5D7743D2C52B6BC7970D9D567F4A37
:10BDB0001DF4A371B8956337440B7C051221BFF1C4
:10BDC000005E2C47D33BCBE132DDEA21A842F30EE3
:10BDD000EFD5ED8C61AD3CA9960822CE6CEE2824FF
:10BDE0008C4DA82E61A27CD400D230ABF9148FEA1E
:10BDF0004BC48EB09BEF8323EF915BE6A8936AA2BE
:10BE00001076B5AE2A89DD0F5FC52BA59720675543
:10BE1000677468B834BC7CF4571ECDE9722198BDB4
:10BE2000CA143A94845D3DE910F827A049570B9F46
:10BE3000CC437F94121819134133CB603BC9B61021
:10BE4000926397A004372526840C63F691B99E2C43
:10BE50009B9D468C1AA53259C94796DD61C7D5907E
:10BE6000122BFFC77778891395B75557D8805F2075
:10BE700051D5CBA08CD900DC4D3436A0E73C1B69F2
:10BE8000321B7D0E2D306FC5D97D0363E823C8A119
:10BE9000AEFF83E94C1088A13C36E36CE4B0D3C319
:10BEA0003CBC19F934E6A751A988EFD2BD903018EF
:10BEB00055EE01D5C9C858C04C3ECE87F3807847AF
:10BEC0006FC091B90CAC0B50DC1958BB79B730502E
:10BED0004D55A025CCA8BD89A84C557B77159FBE94
:10BEE000C787C337A60412F46B642CC2A6480BE3C1
:10BEF0000606E7DD7B32348666045AD3FCF14EB485
:10BF00004A5F48E2D29A50D307B20D42C83EA660BB
:10BF10001B548A2FB27D13D5D12BBFE0089D6491AD
:10BF200068E7BAFE9194E2704A41A5E5F2411BCD63
:10BF3000597FB4739AAB9FC99B83139D8CE29A225D
:10BF4000BF969897C5051AB56A9B03BB57A81827D3
:10BF500047F42D117484A64432D36504E2CC6E52AA
:10BF60007A3E311A39202CEB1464462BA60FB7CB3E
:10BF7000A761FE4973B815A59CDF8408F21DA7ECE4
:10BF8000AFAAB97C62929F086FB3CDA062E7B91CDB
:10BF9000F67F635338E1AC2637934163EDBDF090F3
:10BFA000AA4835C5C37613B5CEA51760668D22198C
:10BFB00027AE66455DB86028A192FB06B74CAD710F
:10BFC000A285F490387C46F0A0253ED079244B021F
:10BFD000A58A933A3326B900EEC9F5BB43CBFD558C
:10BFE000E7A4FF917C5A6A2E14A76ECD840871D500
:10BFF000006672B02299392171C56EC8E975594C35
:10C000000BE7A17F9005921E3AA5DA43231F041582
:10C01000E4333513D98E3D03CBF665D6BEBA140A88
:10C02000986CBF4414A44371C0222EFC0D614925B5
:10C030002238E1D81806BB50A502349373B77A149E
:10C04000BDCC2715690877E66324CC253AADFFA05F
:10C05000144C07DEADB946F6B5F3C9C8F0681B7CD1
:10C06000E0CBC4C4CC364E15AAACA48556E49C12D1
:10C07000ADB0930F8425E275F77B6B1517C45A6D2D
:10C08000DB3AA6DDBCA765D55356F1E759DA226243
:10C09000D016FDBD5FE134ECDE729A7301A6D17A51
:10C0A0004A65C4AC25905113D21578F9AAB81AEE96
:10C0B000A0D5F4D317F2FD882A17C9CE3725372427
:10C0C0008CDAF6FAA886F5A5AA213DA819BF70EC6E
:10C0D000181455BE78EFAF79D056ED5AC881B238F2
:10C0E0005246CBB2302FF2EFC4487D712062F20C81
:10C0F000D80AA6562784414B84FBEBC68ED56CC567
:10C100002C61AF5D01AE272C03FA4860C3E843669B
:10C110008EED3B9C64138C5A21192B441A3C7F30C2
:10C12000D8ABBA4493D993431585959E1AFEC6821F
:10C13000C91AC09F50DC7DEDB08ACA948D940F88D7
:10C140004133E64A2AD86176027E591A1C7307B831
:10C150005BF9D294914DD195166CA8A00266B0659A
:10C160004B6D092447D47B7E002894D804A97A5EBD
:10C17000F19FBF99A072B0A8996E149E655AB1C67E
:10C180009806C8F2329F10237C4F17CBEF36B1B51B
:10C19000F807F81CB255F2D13822E1066474157024
:10C1A00048ABDBEDE0333CBE9255B4068D087C5EB7
:10C1B0007F9D64333804D98E22F2B19A296003D767
:10C1C0002C7B84DFBE6973C31E4F386D8F0DD6A2E2
:10C1D0006F677EB896D9DF7E4DA75CBEACE02A7A49
:10C1E0005E73A38A0E08A386923699E05298DC8685
:10C1F000CD13B7748E48BB56D73637F720E101818F
:10C200009BE683E403D86D678CB81975C041F5705F
:10C21000655D61104040D758C5D08DBFB656F6C693
:10C22000A0782CA52592762E3A5FC02C733B534CF8
:10C2300087FEC6209B10EAD613691B17E73FEC7EEA
:10C24000BD1BC8379511577AF5EEAC6036F1828880
:10C2500012D944DBD1309FC71402E032501ADBDE22
:10C26000EE5FC48BED941D5A13C1AB35C08AA16239
:10C27000412E0F870338C90B3120668B0AC5CBA826
:10C280003DD6BAD3125D719A1D96B658F108AB33FC
:10C29000AB7792880220D31F4CCA5ACA5A7954509D
:10C2A000AB95F287485B532005AF63AF7CD6E55171
:10C2B0000FE11658288AE8F7055BFCAFE19CD6E64B
:10C2C00050154BE618C29B1A3FE33954CEC3CBE45A
:10C2D000AF98BDC457AAABA97745214A4C0722A6FF
:10C2E000CB4E498526DA789A92D31E3233AF7E3808
:10C2F000408F62752C26315BC31DF1F94D6117A388
:10C3000025963CE5A25252562F31CA9D60D503A214
:10C31000649A22D124E6D0BA15B37DAA9A5E602F22
:10C320002A70D989F2FBC8B07A03DDF631B80E4520
:10C330000F034C7497ED0050A6AC775A4F0404DB02
:10C34000B1F73DD21FE3545413686C1391958833B1
:10C35000E1FDE054255B4C9B0A1FE76E1AE7CEA473
:10C36000ED8A274DC3A1E8C8B2A44FF111D38AB119
:10C37000DB1F0FC9522F6112011C6B49092884E889
:10C380003E118D27D12B23FFF58720A0AA3E6B8C71
:10C39000A477BAF5E8A742D1E28F248CB68CED7C65
:10C3A0005AFC881021B56B9425A22176DCBCAAF139
:10C3B000583179F6C9B73B4975CBAD074DBB9926C6
:10C3C00012501E2B2F7D89C6D6EA35DE552080E41B
:10C3D000E05BD5FE5BD879949728A3EA816B6B5D0F
:10C3E000CCE86BD780E08C26BB1DDD4C89D8C3F12F
:10C3F000F9B76D260E295F2411C46EB4A08F1B9D62
:10C40000618BC4ED1EABA8B507435D6ED48F3F8D25
:10C41000AA1349903477F500EB63310C14A6111080
:10C42000E3B5D8367A5D1837CE8B270BF5863CD628
:10C43000A3753D9E3EED2BD465A2769828A69C2F31
:10C4400091899BF191E7BDAF7A4FC7611D0BBFD3B7
:10C45000D509A2683B2A261ED855CAA835A7D13FC0
:10C4600080CEC4528979AD9EC7AE2D190E17F1D872
:10C4700090F25935242264667B27867612E74E991E
:10C480004D237209CC6843439602AAABADA0ED8F51
:10C49000FF5084B094E09D1DB19E445CCA7302BD00
:10C4A00067B2A5CC5BFCC011BBBCB335F4DBB3E712
:10C4B000F15F5541D763A32C9902F09AC573DF163B
:10C4C00064462B57407E9A114D91727904C105CA7A
:10C4D000B7755564AA54D7B34682CFFF1F2EDFDF4E
:10C4E0005D987FA6ED3982CAEBA8F9FF106BB913EE
:10C4F0000B92AFC940783C58D6F62A464EE998CD03
:10C50000F74EDF132B6FC27905563D94CC139D3D3A
:10C510006AFDF9E55591B072D79211BC3CBCC35489
:10C520002B08FCADE4EA8B82D50C44B3CE6E5DD310
:10C53000E94E94348765EE4BB9547B015A1222219F
:10C5400057B3BA45189A1DF0B2E241196D06176942
:10C55000CF3C193EC1FF0CB92551EBF6A076214D19
:10C5600026C41A0B78280B0B7F34F900D96EDD7BBB
:10C57000F4E1B1F42B0269C2D3B4D022AE366979AA
:10C5800094648E5C242137835C8A11608C82D0098C
:10C590008804F60763EF914202B085553C5ED0CA2D
:10C5A0002BB1E0DAFCB2F95AFC388F2B8A6684B9D9
:10C5B0005DB02C24FB478D44A59D5A0196832CB079
:10C5C0008B1EABCB406EBED6357E1A0C0CFC926334
:10C5D000D78A2F0BB27747EC4420D0DA9741C8C5F1
:10C5E000B3EFC935E17D5AFE629C83D877D11382BF
:10C5F000EEC43F6B052D555034502F547B108FFBEC
:10C60000537AAC1B29E40390B2DFE245B321FB145B
:10C6100012E57C85A6C080DE7DBE92AD723C68309E
:10C620006577BAF66F6EB3C634A9B59FF6551ED0BE
:10C63000EFBEDB5EDD3AF5FE602A3F031EF70C49D4
:10C64000D90682524AEEE56799A3844E4A68F0A45F
:10C650008ABC5D006A24368E0D32C10C36C6EB1ED4
:10C66000BBA8E64FE8A20849232D44B23809DC0DE7
:10C67000CD356D1B93EA0C35B0127085014ADF1879
:10C6800014EA4130EE819F60312F9CC5AECA0D8601
:10C69000032493EA0E9006AA06D68F252383A0AF23
:10C6A0009360C7E96634EE1E831EE00BC1136C84F1
:10C6B00071C0878E6BF91A2C152B79E2D9FE30AC3C
:10C6C00093D39778C17730D3C446D19EC17122E20B
:10C6D000A78C3F0EBB2E9AF66BDF8A0ECF1A8126EF
:10C6E000A0468C1AEFD96136BBE08B6D250176CF61
:10C6F000AC94AE6BADFA55CA92CC8E6695003749B4
:10C7000063F2A1DDF90324B7EA03AF11D15AC2E7FE
:10C71000A4C09453164C459F6838FC8E09A5CD4E95
:10C720001A4B839C083F6B1D6A29E954362A30C492
:10C73000ED5ABE91C4C893B200DF3E9B62DED14188
:10C74000FB1E7634FAB6AB9B46DF3F6179A71C81AE
:10C750003B3A8B192FDEE0BC49495ABB94F85FDDA8
:10C760007AB7DB88411B9F770811148EE8C740E039
:10C770003DD5082A814124D4E1EB8A20F4A7033077
:10C78000A5B4F53B9D1B285C03EA50923C3D2C3B35
:10C7900024A0F108D74C6018418435CCC1582F4AE9
:10C7A000844F5CF258F3946415BC9BFA8EF2D74F19
:10C7B000708D93A98EB666AC7358A86A0B7A6E9981
:10C7C0008CA312F5C7CA9AC0ADEF407CE566019B09
:10C7D0007AC8C2A542C99D0A3950447A0363F2E57A
:10C7E000BBAD22D9967C68A367E3C52D65321BEDEE
:10C7F000980FEB70A1E4C67D2105179FEDE66D3F14
:10C80000442021D7DE4B36387F8AC578C66B4F0D62
:10C810001ADFF5A7A8C45CD996F70DD0541AF5898C
:10C820009C50DE8B4F1133808E6738E0A00C1CB11A
:10C83000A50096C00F4984B56E276B5EFDEFB35718
:10C8400037F410789A672A84D1AEB6FD45BEC52D5F
:10C85000A41BD42E2030BA1A7C99CF676281AB9A80
:10C860009439920176F7BB8DB0F1B920C24A85CCDC
:10C87000E2212AC524F57DAD53623A089A777FAC50
:10C880003DF23B2A2F96CE3879C6E58AAEE6F37F95
:10C890008C4C01D43EC36A82C2F9044C38A64A2C9F
:10C8A000979266AEE5D15150EF37327A2FA6479A6C
:10C8B000D9FB51F0829A6F2AEEA7FC82AB604C3113
:10C8C0000D085B00DC7A42E17D34FE318D329D97AC
:10C8D0000829A418A508FB6121E3F5663D8701ED51
:10C8E000F78A99021E533AE4F384CD39713F2FDC65
:10C8F0000A131CC8542217842A415145AB81EA24EB
:10C900006BC9A5FED1AF19179B5D2385B844725D35
:10C910000040E1591FB6BF24CB3E3FB4C812EA2EF7
:10C920008E62B20FABE9A8A77827E772CCAB74048C
:10C930006EA57AF9E1411756185D38D861C7F3E45E
:10C9400022E5829596ABE0D6D23F490356601B980C
:10C95000AD855B0EC3A37D49AA444AA334FE38E8E3
:10C9600028CAB5FCAC4082BD742208FF01A3824FE7
:10C970009F984A109666B27E321C9D54CEE1FD1EF1
:10C98000F4DDBDC65B68F8D5C45F00441E3C0E1DD7
:10C9900055189DD503C6D2CC0E3B0789180B2B9298
:10C9A000CD87B5F32C2C90EDDAF4B5D64D3BFF5C7A
:10C9B000339E49FE34C755C06B0E4D92EF4CD07B71
:10C9C0009AF86919BAD8C10C8983E7942C178502A3
:10C9D000D9AB0BB10C555C5D830986D34E5AEBB3D2
:10C9E0003C6A3D5F80883097A26E9759CDD416007F
:10C9F0002C24AE96067EDB17AEEF9494F546855355
:10CA0000D26BEBB7BAB13496ABAB956E66D0BE368F
:10CA1000BAD3F1C6A8B7E272885F5AE0DE033419D0
:10CA20005EBB0543C44B2044A7EBCE1BCB51175232
:10CA3000983B30D4C57ED52503A08B96657C5EF4EB
:10CA4000349AAB5CED408A7B2B430F766CA632E4C4
:10CA50005272D495D7B5355D8337B37EBFF59184D7
:10CA60007D2670D491CE387E1732AF53D70EE14079
:10CA70005D36BE148148AD7AA69EE88D2C6E462A9E
:10CA800041A064EE3743B87A28C27BD52E74284182
:10CA90003DEEA361CA36FB17D8FCD99AF430EB619E
:10CAA00077122BC2367F68D1DD82DFDEC4FD64EEF3
:10CAB0007CCF327F4A879EC56A174C392CF9E68BAA
:10CAC00099B724EEDABEAAC72FD8A3EEC28C601E97
:10CAD0008FDD754064538A3BADB9C3513543F713BD
:10CAE0001A688D928F6436A793BE99F53E86FCB086
:10CAF0000B3F0EDA87ED20FEDBAC6AD2B74EC9A041
:10CB00008E86ACCE1A02A4CD31A23DEFE2B495BE22
:10CB10007F651FDA585662C196498380A8FCC5E03C
:10CB2000C9565E39BBCDB5EBBA283CAC2C032A49BB
:10CB30003CCAF64F140FEFDEE5BD2D1EED101A7541
:10CB4000EA88D599994FD2E7FA16ADB513B592B7E1
:10CB50009B8B0918F02B661433D61D1B732050E5F0
:10CB6000CDD5AECF93A51502C47ED559E0A2709D58
:10CB700032BFCA843E1FFFFD6B26330BE063556254
:10CB8000267D45C2DD75838A03FF6E92645970F17C
:10CB900017F770F55EF105A23DECE4E0B156BCB2CA
:10CBA00088F91A8F27AB183C66A276BA250BC28D7E
:10CBB00032F8D346867E418BE14EB674BA646D3F3F
:10CBC000EB45B3A8381EEC39FA813DAF766CD2BD87
:10CBD0007F4D7043144A57416E0BD0416F321FCACC
:10CBE000960517D74BF7AFEE0AFC691AA39506EC2A
:10CBF0006C344EBB88D6EF9812FF0E6320AAFEF06D
:10CC0000FFBFC664BC4EA060B705FD5FCEDA5280A0
:10CC10003BC38B6BD053A2D1548A7BE2AC1D61CD58
:10CC20003D320311724E417852B29F99C639A074B9
:10CC30008C43E7AC368701EF90E16D96CD728704A7
:10CC40007822073A973C28847BBF279B7E6BF42A87
:10CC50005652F9EBC81E811656D035D8790A5E03B4
:10CC600015DB11EE4107548E4E380A2B86B4A6EE22
:10CC700098D930964A32A5A9C692A98108B55568B7
:10CC8000073DC4717641F620B78057F6EAD10CAC67
:10CC9000C392007903D2153BF3E36B03CA148DBC36
:10CCA000DA037EA5D86FAF943D635490A259710604
:10CCB000469D94868374E671E75C847CEFFD92F771
:10CCC0001296B761417C87BB7549F38636CF4B5EC0
:10CCD000AF37765A368B2C8E0A71AF1DDB5BB4BA38
:10CCE000E7AD5497007F285CC43BFF61A13C3EE068
:10CCF000E53DA9500501299777F9F7BAF7E1C81979
:10CD00002CAB777CF8065C93015EE77AB5C6666A61
:10CD100005BACCC9038A589804A4A87F40DB8C3A92
:10CD200013E697C1C774E0D58CFE8FD2A499C5FED7
:10CD3000F36A2BD08F7E1B83F2786F46F65D5983A2
:10CD40006EF53E28A9BF776D7073BFB56BBC1A93A3
:10CD5000B496C0D13BD12729FFEF6B646C5E479935
:10CD60006DC7FF1217F7CFA95EFBE3F1B023E39F76
:10CD70008C7997424B27BFE484B0480EE0649AE672
:10CD8000948220904B15BC9A688B5ABD045AB8BA4D
:10CD9000DA5A34858F073F3DE14F00B99C4DB69A72
:10CDA000A9C658DC555E33830E4796E9F9E08B5AE5
:10CDB0002D3C7E279D2B87F974D0592FA4CE7DF56D
:10CDC000180D389FA4F8B0CB6B09802AA9CA44FE7D
:10CDD000E87A53E7695095B504C593B8406F6A2B5C
:10CDE0009811AF3BED7D694E4DF2A36C9100074960
:10CDF0009CA679713AB962C2E82864FB54A964D050
:10CE0000DCD6EA3ECEC0D19EFA3F8AD9BD85440425
:10CE1000DADD6AB22A495961B5A19662131437E97D
:10CE200087B2F3B87CDD54AA357A7E6EAD7EBF69D9
:10CE30004583CE91BD532E64BE24F61839BE4DA253
:10CE4000FECAC76C25D03A750911005BBFF2CFDE70
:10CE5000DDD57DDB9B7A653612EC1F21F8D5CD9CA4
:10CE600018761E1B38F03AC075078DFB7D51725A3B
:10CE70000E65A9D81B8E3A37D99314B339D4BC891F
:10CE8000A36A27126EC6FADAB77133DCD2D3D16146
:10CE90003E73C6DBEF588BBBA86AD748AF70190149
:10CEA0004CE4CA8562203F9F05FB57D1715A6B4CF9
:10CEB000149618C623D582ED34A16B43FB573A3242
:10CEC000F10251FA98EF61EA2FDF274ABA455CB3C5
:10CED000CE274D34C1FBCB62891B6175A5A2E43717
:10CEE000F78E4AF2E3E34B3E128D422EBDCC2B5916
:10CEF000B5211BB9596FE8F58BCC8E8CE9C3273A65
:10CF0000EF8A1115477C091AF716EB60C93C852D8D
:10CF1000B00D2954529170A631D2D1E553EEA8B983
:10CF2000E664436312C6A579C58E81B67E2A0E29B2
:10CF3000B0CF2B5E8DD068C200C77B11578AF780B7
:10CF4000A6BD3357CC88F9C0A5110912C64C92333F
:10CF50006EEF4415FFA61593D6F6318DA7CE0E368B
:10CF6000D769020AE0C2A8C4044663AC2540BCFCF1
:10CF70004DA0398FE99C3F114D97E2911314DA0CC3
:10CF8000D01A8E78BBAD76FEDF29484D11121053B2
:10CF9000B15C50580D4282BF3CAE6D3A9180144155
:10CFA0005362EE0C6F947647A5AAB53CE89336B66B
:10CFB000DF617CFA3B1B72F86487B3DD76900C2C42
:10CFC0007503AD8B7306D13A3BC55DDAB5DA936C68
:10CFD0009C8DCFC168AC1F443A92EA2D8124490B45
:10CFE000F81DE571C8D31987D19877C95226261D37
:10CFF0000918874DCF48F6396191B0CB5648317248
:10D00000BDC32FAAA9EC2B7DA0E67337774D79819C
:10D010000138D301561A658B8CF97711CA19E99A30
:10D02000D0D0FAEEB51E0CA0BCF82F7D94F0E82805
:10D03000154F87FCCE32460CF0BEB866CE2868335A
:10D040006E5B66657CF5130BD4413A5F2EFE9883C8
:10D05000D2C092B516ACAFB346DE6FEFBD49E56BFB
:10D06000E2A6C5B9F6E3C784809A641FDF106F0596
:10D070007A6B9ADFDC3CCDA8D2B098D64FC142B6CD
:10D08000246DFB503755042A6611597C09A6A54426
:10D0900019ABAA5DB132FFC6B293A62E9F29D76CF9
:10D0A0009BB834D069302FB7B7EE06D36831D62994
:10D0B000FE8AECF589A1242C0DF177A58D78F5E594
:10D0C00062EA28824C8A8FE1215ECB9199D142BFDE
:10D0D00045F40966AF5AA33629A9C5906E8625BFC7
:10D0E0002AED9993E7F9D4F7E2032531896EF06EC2
:10D0F000311781AF5E5FB1B460A01C75905E8A5E2F
:10D100007791CB343A335F14E57857311041CFF43F
:10D11000083D7660BF0E39809C00ECA74FE6EEA973
:10D12000B07788E117100389756EDEC0AE5D2C2CD8
:10D130007A0633FBDE784CF1FD98F894A8295A134F
:10D140007AEB7E0B109ACF4EFE1B5DA36B6B9D336B
:10D15000ACB40634A0F154C05DA4F7088E2AD5CF34
:10D16000BEEEC52CC4A1F77A6E644B387629FD4A11
:10D170001DE529F0E9252310D1AE1860814A0996F2
:10D180001C33D70873BA096C2B98A961FCE15D7652
:10D19000731C08C06358FEC642D3EDD061DCFDDAD3
:10D1A000B9F13D0A724DF3CA8AC888B91BEF06FB74
:10D1B00061592DA7075A4D8D494A3CEC9F2DF4C665
:10D1C00034F7546F40FE4699088B5276A291DE7870
:10D1D0009D21F0168C7FC53F656368187C0AA7E81F
:10D1E000E730F051F9B98889C3DADD8FB0694E6B49
:10D1F000B7AD373D6629EA46D4B25F92069A353616
:10D200003AA771E7445A86E1A224727A1D37D152B7
:10D21000A90F0A5307567A7E6509331EF944FD7D2E
:10D22000165AFED4A46D8A839C797048067041E931
:10D230003804F6510FFDD8D06EDD956248A1AF934A
:10D24000F34649CC0BD06ACC478464DF738864937F
:10D250009AE92D031B742550ABE668C5A3B082F58F
:10D26000572E27A086BB95119A93E803781CCAF025
:10D27000FFDE367D6C51EC9D0B3D282B0EEEB989FF
:10D28000878C5CB5CDEB37E6E4F416BE365174FC02
:10D29000D28E162F3C4E9F9F5938A9B8BC469A652E
:10D2A00096E4A83B9F304D37D3F321F66FB6819CAF
:10D2B0000176C81A3DA93188644D03C7E78B8CB24B
:10D2C0005D4874CA83D0F2B4E2702449EDE2F98675
:10D2D0001D3DA43B6E9AF35918761B9CA754CC298C
:10D2E000134CB5BFC96E8B33736CA2C8EF0A996D2E
:10D2F0008A974291A751BD44A687DF3B006C30D589
:10D3000052E7D1A428585A5B8CCA460B681A25A349
:10D31000F0FFD0542E3F3062BE089E62A326681FE5
:10D320001DFB47DB37CFA6685AF086F3C034E532E1
:10D33000050C8B6F7336D6D8AF61256FAD5E392A79
:10D340004FCB061D86B5C9C664531E70A7DBC9F056
:10D3500053A5A0275E8859097EBE4755E0D8B48FF3
:10D360003AE1D2A4DCB628964A8A402D0D1A1B74E5
:10D370008444D3474845CD2A642CA9BA9E844712D9
:10D380002654144D50518131957F8F230DA21D4A93
:10D39000C8B124B498D5A1753830696438D790BC29
:10D3A000AF2690CE05C3633872C710702C4700FAC1
:10D3B0003813E087CD905A6326DE65B551DF92B30E
:10D3C0005089D069D02FB97287BDCC728F2C9763EA
:10D3D000D5DBB01A4451C752DC4363DE203BCC029C
:10D3E000B61FE26EA3C4E3B7BF3AA57940C8D8E63A
:10D3F000FC4FD91E8757027D3C862CEB8BF9A699F2
:10D4000062B8AEE1EA1B202A71E443125C6B1EF0A5
:10D41000D40413E65F2CF4A314F28E9BCFCC4BC242
:10D420002A0D00C8EC9037DD29AAB8DE7C04C24A78
:10D4300051D7C02A4CB3B83A18F3DCDC91F90C068A
:10D44000FF2945BD8533A07AEBC7DEFC2973D912CD
:10D450008CE0D6955910872E9B8D9325BE667E262F
:10D46000E7ADAE3DDA7BA4EA35C61E9EF9D873E07F
:10D4700032083F072A285B3AA2F95916700D3595F4
:10D48000ABB9AA214EDDBC6600FEAF34233C43FDA0
:10D490001CF8D2A2CC8AE3209EFA2059C9EE0E14C1
:10D4A000989C6273CB6C8EFB76987A1970FE4FA9AC
:10D4B0005E0F3465B68CE2CD809FBCAB88E5719F72
:10D4C00061F0375D41B4C0DB2D5E876786DBBF60EE
:10D4D00068C3A8708AEF8C2EC7844546094EC7DF03
:10D4E0008DCABC79057D9B872472740544F9B74BBE
:10D4F00024CF152B7BA98689E9486613428D956256
:10D500009F4EC7C6A30229A5826E12433B1FFE9BF6
:10D51000FE956498B2AD65D1057029A5ECA7E6DF4C
:10D520005ABBB215E119DF6EA0B19D6B32A3762014
:10D5300095581B4AB2CCB196B0B37C11C5630904AF
:10D5400015A0C9A0A5787869A63C340BF6716FAE1A
:10D550007EB00624D5A71DB7A1C233ECE2194A9EBE
:10D56000184C9C1B69C347553309576A737343545E
:10D57000DE433D96D5B6E1E5C3CA3C9B15725B42DE
:10D58000D42AA66561AB8FBE3A6A26C5F32D42BE8A
:10D59000E84F5AC02B56E896A03605786302A4637C
:10D5A000FB3DBABF3CB92BDD981BE76F6E1264815F
:10D5B000829AE1A525B30672C16E4349C023443760
:10D5C00052F18E63B63BFA8755FCBB1598E0767432
:10D5D00046CE4736B19DF07603C87FA38ABF772D2C
:10D5E0004F13D86BF40BAEEE68EB07040AC49186B8
:10D5F000D9CB3CD5E30AB3EEDA5AB729CB764265EC
:10D6000042F199C04169E2133542645DC4784A0928
:10D61000303812140A8E7CD47FC4B3A4591E3371DF
:10D620002376F8326656F5E41985074963F2656595
:10D6300039B4E9DCB2318F9B98FAE32B651072A7FD
:10D640003ED4E3C0767E7772160EE207615A4B46EF
:10D65000AD193747C6ED95E5B1A5A8F094FF1D4378
:10D6600023D6A461AA2B91C6959FE953309F47808A
:10D670003BD2CF5ADD062CF592B704CFB9A22DF3D9
:10D680000187D583DB47176355275C39FCA089BE2A
:10D690007192BDD068AB27A00885D0108AAF592FF2
:10D6A00000D5661C05D4DFFE3956072994D40DCC6D
:10D6B00089DE9ADAFC45B342E799E3CF599599D9C7
:10D6C00029AB7F1D2402B782F7844BD6916B91A6BC
:10D6D0006391F5A30CC7DDC856478B17F958429BD9
:10D6E000767B0DD7C9C771A5F2BF9AF354CE7814D3
:10D6F000564557FA5FC6325D731FFEE15932250861
:10D70000B1D8A06BB7876055CAFDF65E3D350A53A8
:10D71000F04E3875327E7E8C119D68F3B4B77CD1A3
:10D72000E8784139086D3FCB5904D1B535A8A7B881
:10D730007D418CE29C67F20A88086FDAA996F90AA3
:10D74000197D4E0BD616FE60028F64926A7A7FD1E5
:10D7500057D171269A43B977DDA7CA039DE384792F
:10D76000D2AC7C008D7218211FAA077A5EF3D8E430
:10D7700046AD6AD6EB4C03488BED04527FC587C695
:10D78000969D0825A88EC2C988CCD71655979C7C33
:10D79000FDB494AF25249C50A59E8AD2125CD73E3E
:10D7A0007358A561D3FE237A6EAB333384CDD50C89
:10D7B000E4C7EBA018EFDF7F61A76BAFB833AA7B9C
:10D7C0007F1082249EEE68B33ABDA22A97A160869C
:10D7D0009E4A54A5317818FE898E74FCCC41466F60
:10D7E00091120A3256E056633DEB087E8545CF0321
:10D7F00071E7F2D3C4B31157CB3F74A1485EE00484
:10D800003C5DBE58FB76F8BA3B2DB505640E152F6E
:10D8100093037F90FDC9570BB6D226F2D585717D53
:10D82000538FEE70814BB5C520618A9A3E8243B614
:10D8300016DB54FE17CA168341C7838E01A9154310
:10D8400076C8EF11C7EC9DD62ED424F0DE7DDE8F96
:10D850008B76D4163DACE528EA44A8DF38133BA20A
:10D86000F50FC98417CFE5B061EF578910AA1E09DB
:10D87000E0BDB002E1DD055A281CE4C7EBBADDC803
:10D8800074708202435060D2032CAF8551B73B16AF
:10D8900027078527D47180BD1EEE56A8E6557188EE
:10D8A000130B3F0326A1589A94DC1EE373BDA022FC
:10D8B000A865D563CAC025093987B12A4CF2541E20
:10D8C0006E40B319EB8DB5A143F202CE28099A6AD6
:10D8D000B23924FD7D6ECF5C3BEF07C966696009F4
:10D8E000B060A98C7C46D60477E59E2E659DAFC4BA
:10D8F0007ADF5E64B99D152DF64DE0B8841E740381
:10D90000C1D25D91427DFC2E0F4E265F591775697D
:10D910000FB4378B7F9311957CDBCD8AD5B40D0086
:10D92000BF07D7D1C08DD67572EF5FD142B17FFAF4
:10D930004D84E7D1BEF2AE09C5C0410D237AA81DC2
:10D9400063DFE315113F008317725491D884DA63C3
:10D950007C13FF0497E30BC030483B61BBD6F5B3A3
:10D96000E16AE780DE5FDBC982CB9F954AE9A801C7
:10D970005FB6F7EBB40235F1EF026A64072C7C1551
:10D98000848C71B40A691A269B77E746F156B05821
:10D99000D53247039BE6815523BD998A5E5799F599
:10D9A0002BEEA54205F8970AF748C04F6061DA3BB5
:10D9B000B161F1B207C93F5BCB63140CB069E855A4
:10D9C00048F608E12D2CC48687D316E3AB7090840B
:10D9D00073929B8163BA3B5CAFD5E086AA62BC358B
:10D9E00033663E9734E3D44EB97274289761BF3DD5
:10D9F000163D9D16A7BD0A8CE9DB7531F40E32E8A1
:10DA00005C06BA6E839923A95787D4A8CB97A04CFC
:10DA100009A9D39AB0AE908B824B87B576B64A8C63
:10DA2000793F4C119ED525708CA3F6C1A8AE9964A0
:10DA3000E8448964F30EBB56E7DA9DF1C09190A4E7
:10DA4000AD1170BF45A9A18688A28D0927C4BE3B30
:10DA5000D8F7D3D8F1615000C0B5A259FF8182FB3D
:10DA600016944EDE8EEBB7B97D3E98B3F04F6760EB
:10DA7000C5225804859504BA53FA7A0495A1A66381
:10DA8000A5B9C645C3DA1DB2F437FEC96C44C8C097
:10DA9000FCEEC4CA4208F56D54D835432AEAC64A9A
:10DAA00089A45102091EEE157F661F471EA1F6FECE
:10DAB000C05B708A2CED6374523B26482473C90BFB
:10DAC000814DB8A62F0D3CD63563F4FB4AFF0721E4
:10DAD0004D94BF9FEE9417F138EE1ED8A992F2FF35
:10DAE000D0E2840CB4AF6E9151A534350394829981
:10DAF000D6D3B4B9E7CF6DE34BD1049D59FABFD16A
:10DB0000507B53F0F8D8EC064597209EFDA1CA3B08
:10DB1000EA2D06E41EC16FCA8F300AD81597B49C4F
:10DB200068C85C0623786745B937405F2A2BB76E13
:10DB30004D76458CE4D5288B31CB1B3EB6C0E97FB2
:10DB400004766B631A2A8003EA8768122ECE2BA70D
:10DB5000C7BF64FD797FAF92FF542171FEBE47BFFE
:10DB60001F89D729BF811EDDC1A8C6BC24F1D3AC53
:10DB7000561AA0E6F793BAB774DC576C67208A137D
:10DB8000F952A538AD570844D2A27047F0F7335088
:10DB9000FFA15D87A563D08833AAD2C9B3F8C9C1F4
:10DBA000A8A0A3E20CADD4F991B8FBA5CB76A194C3
:10DBB000D548E5F721C3BD0D13F8DFFF472F620DF0
:10DBC000B8990794A87765D56E2095A70D61E2E313
:10DBD0004D94692AB5B92236D1651DF371C26F081B
:10DBE000661C7517EFB8DC3CB9253D4B2D3ED29134
:10DBF000C50AA3CF71A1C5DFD3A658BB569F01EFBD
:10DC0000A85EC861CFF460B48DE16680E0E60AD614
:10DC10008D527E41FDAEEA98518B12E44CAD6149C4
:10DC20005F53E3DE0F33882C29FE80000EA89B3B58
:10DC3000468765EBCE6AFEC0ABFEC69CC73D6D5FF6
:10DC40001247921850541FD8EF2AA2B1689B9370C4
:10DC500009879440B98D0423D9683A3A3CDE645A66
:10DC6000B60A0557945EB0375F4BAD790CD51349B2
:10DC7000541715A80F18A9F46441F280CA6C03ED7B
:10DC8000F00BD61554AF36175667C3E9CB73A41CF7
:10DC9000A6D2048CFFDA9A65A7F44DCC6DB32EB7EB
:10DCA000FE2F08447886E53FF021C802F5EA429449
:10DCB000CD85FD4537323430ADB99296E92C8AB91D
:10DCC000FC0C76F6DDBE56F8C2A6F7C07AB95C4BFE
:10DCD000224E85953549682743CC6B0B7A81A8DCA9
:10DCE000D17D2965C87C9B3D2380DA0CB898D54C42
:10DCF0009DFD5C9F0F606CBF0C3D6041F539647BFE
:10DD0000117A780555FC5818A1BB5556624E463617
:10DD1000B92D6F5E2C978A2AB5B8F93CC8139CE0E0
:10DD20006750F070B26F386582D560B63838E0B8A9
:10DD300029DCA768FE75C7AA7F08361A8CAFC6EF24
:10DD4000B07F02F10D44B496750E953665200FFF35
:10DD50008DA84510601FBDFA053801B9DDC8625CA9
:10DD60007682ADA29801C636B2727B041B8388BB53
:10DD7000AB23581CA1A012E448494E7F421BC47536
:10DD8000991A7352AC3EFEC18794569D7E3145BCB4
:10DD90004FFEE90E229521A937DF097C54FEA1F739
:10DDA0003013A1BEE5361B820389E933CC71BE1C5A
:10DDB0009440912783B109C19074BEBC9F051B0D8F
:10DDC000D26BA1564948184E470C7478C972303D41
:10DDD0009FF8409723D0708D6C2D97E52EE42BC2D1
:10DDE000695ACA68F24E7F4EB0AABFF0EF23E1CC69
:10DDF0001BB0C0D56E18FDED1F0C4CB74C40DF2397
:10DE0000AD8B34A869A4BA05B7BB52F76EA06D28D4
:10DE10000C81FFCEA4E4E3CB2710CF4D8F2E896E6B
:10DE200099E9167663EE10AF25C3360C20C8E4815D
:10DE30004C2D60A64E555D6D7EC09C7A8E3E44464C
:10DE4000EC43B5CFE5EC0B7D13C5B93447F01E7E2E
:10DE5000CC109D0D80671AB6D22BC747B91AB9EFFF
:10DE60003C2F10F1FC298D68A479E545CF6648CD9B
:10DE700079FCFA1F34BFD09698AD006D83CD89240C
:10DE800035A5E9D68F711970352C876CB8597FD2BA
:10DE9000D73845461B345B22935C49C9A0E74FDE67
:10DEA00077071E6663D588B3F5C8663B54857FE364
:10DEB0004E3F2E62AFD2912F691FE1C8E258D23B8C
:10DEC00092E07FEDCB07CAD6CB44245C22C1385008
:10DED000D3D15FC9ADA16A9F89E4714CA1F706F265
:10DEE000B5279173B88F1C07FB367F525A3B871EAC
:10DEF0009A6AA7E1D2465159C72544D92467263FDB
:10DF0000D52B47B27B850DDB8A2167BCC78C8E6021
:10DF100096B635F05385930695ED3BDC8900AF3F0F
:10DF2000E438DB0618E00F62A6BE9A60B032063510
:10DF30005356A788F7990C934265671971FA2CB666
:10DF4000F1D081415C853D179D8E8B0B73489F57A7
:10DF5000AE8BF452EB0E8E886424BF56F353F94116
:10DF60002A408D10BD75DC1992C4087BC726493F35
:10DF7000E2E09BBC1CABCF89CE276004FDB3CD870C
:10DF8000DB9BED761756A3746D2420E5B5D5FE44D2
:10DF9000759E4A5D3D5FFE53002B985B572696E4C5
:10DFA0000871820D92B828F5C78F7ACF9D4858FC2A
:10DFB0003024CF2FE8876224E6F78CB824BEAA6706
:10DFC000FD044E2460E7A02E73EA313827AC9BA5F0
:10DFD000AB0EB8B25CB4C1625FD1474CAD3601D371
:10DFE000F2DA5F7AC9853FC6363C9A50D540E15E89
:10DFF000565610AFCC28056E825A1201EF68158272
:10E000008440E4FE8DE462E3060C8C31D649236D36
:10E01000FDEC7A4E15E9ACDC5E917623DA063074BD
:10E02000FDDC2C4C362EF27ED5D269B311875C5CB8
:10E030005EB88794F60350ECBD55510423CD93424E
:10E040009CE4B23B17CDABADAE3DC4474A82B4D4DD
:10E050005C768548325B26FA93DD3262BEA6A5095E
:10E060002F51A584B96FB49EAE7568D8B23D1826FD
:10E0700017E62413AAA9087B8FA1D7020C59FD919A
:10E08000FC9B34CD82C3B30BE2BFB9E081A3103255
:10E09000011A816CD814B925855E1D42310105A590
:10E0A0009A5BDADD1067F9D298146140000B25E322
:10E0B000496DF31E6A2D2687E19F4C3B70F731892D
:10E0C0007901BD3DF63AB0C220022C3D7F0F0B8A8C
:10E0D000AA651E06028952514142B6BCEC677CBB60
:10E0E0009D7607516C8700AEF2CBEF09D555C57C04
:10E0F0005EB23368AF580152325FC6AF1651D419C1
:10E10000D7E2B8C927DB3D0FC739ADA20E656AA1BA
:10E110006FBEEA124D52FDAF776EB0A63EFF3DBB1B
:10E120007EE8A9A44E03490AA9258F23DB4388452D
:10E130004ED0712B4DAF750FED1636CB4BD5DD9410
:10E14000C22A9887EC4A454BA136D935D5934A2E39
:10E15000AB4A38DD1E4D1B4E8FD3ED4076CECE3808
:10E16000444F509E180118FC0113B16EB36C383F38
:10E170002B52B488A4E7DC6A0E1675405776D9D8BE
:10E18000D44D743CE66AB0BCEBD7F58E041ECE507D
:10E19000511F21920CC0A98B6BC0713D1B8D9587BF
:10E1A000D6DD31F56D0281F5DC67D4CE185CB3970E
:10E1B00001A06FFA6D87063A961988B980B8FEAA51
:10E1C000F22540C1005186F57A4D49A2566864494E
:10E1D00016410BBB19854E796D9572D8D4BF8FF35C
:10E1E000B4E892886BB5EB35BD96FF9A1966EB7D66
:10E1F0009ACB2511E81ED26C7B026395FE4795975A
:10E20000F53ABEAE90331E51F2D385151A7395BD03
:10E210004CB096295D65CA07473D69C725C2FD2EEA
:10E220007D4325D3657571B0E80B275326B7BA69CE
:10E23000BEA2EDF5026270F44725527073FA493BB5
:10E2400004DAEB5DB244834169B225BEF6F64F0DA8
:10E2500097329917D894029BE88A5B8DCA65ACFA0D
:10E2600081D71ED7CB49EEFE8CF5B587DA387A2CEC
:10E27000F1FC14A3BEBDB43B52135D73025DC83FF5
:10E28000DA09E53729BDBF860EA0A19443F4DB5F10
:10E2900096D5794845CC319A18589E8B259606CA52
:10E2A0008D9E4DA0D2D03FDDB9A31CFBE07B64FB6B
:10E2B00090DBBE1109C8F3A6CC672F2B0FB9A28043
:10E2C0002EDF9B666EC0B2674A5CFEC04DAA6489B1
:10E2D0003D9536B563571DB6F60BCF9CD3681562D6
:10E2E000E1E8AA4AB5F0B7FAEB2C689A7C9C0C36A8
:10E2F0001BE4EBE6A9ECFA921C86DBD9D307DA28FB
:10E30000D9DD007CA3B42402429FB0186A346FAEFA
:10E31000362A7CF897FA7D0FEADCCBEE79B3AA3681
:10E32000B800589EFB26B5E32505532EAB0C8F761F
:10E3300028E1DEF9E54807ED8A183EAC6C4E18324C
:10E34000325F69EE572546DECEC7171D5F779137DE
:10E3500059119808719DC92AF3B71D502293388A24
:10E36000D23C99798F4ACC9459854A9EC21C428CE2
:10E3700039A44A9E2C5D97800A97FDF730988E4904
:10E38000F388E8B7FD2E127075780A823594380E3E
:10E39000372A69DCE352965B1F435B2E829C4E3624
:10E3A0001205868FE19B22560BCAE5E851E98D1CC8
:10E3B000C56C69DE2614A40D06017B5E1D2059A5DF
:10E3C00001B4FEC8D904434E6EA307DDBA792E55B9
:10E3D000E8F6EAF54BF9491CB0A840A9C6A65A2EA2
:10E3E000963B1DEDDC378CC2107D413525051802AA
:10E3F000EB37E8884064A44C01ABDC206855F9CACF
:10E40000C404AC84DE568B604018C199FA23434F94
:10E410009AFC2E5EAB2E0F8A773678E442168BDF9D
:10E420001F387B1B1F23D80FB713CAA0413FB55419
:10E4300096253D16A44826BEAC8375B283578677D1
:10E44000CF3DC8F8AA7C2AE3013903E7543F4211C3
:10E4500086343144B8CD46C4B14E69A33B65D35030
:10E4600026FB8D5DD54E282E046D17BE78C86CC670
:10E47000C13BB11E849FB06376B10422FA5F4A4665
:10E48000A27DB86BEE0FBDC424BFBF449579CAE12D
:10E4900069AFDADACACA0DDF7ACD4E4B45F4FBFC20
:10E4A0001205F8BFF1F64F12E5846C502252183075
:10E4B0006D18F38C74D9FAFDDDDF689AF333AE87FB
:10E4C000B9A947C8435ABE6C466BFD7BB51D55D4F0
:10E4D0008ADFA935A122716C9166E3485F434B093D
:10E4E000C7C32DDE00E36BB938788B960613B5856C
:10E4F000A83B760E4ACEAB91EB4405274D0B45DD8C
:10E5000054AF535938D412EAA6E66DFA8ABAD469E0
:10E51000BFBD0A6C5C8E3C4B32D2C7C0E84B3C4C52
:10E52000FB6801E8959C1F30A26EEE56BE1B464765
:10E530002339D7B9C76C5B00591BA6777AD41D164F
:10E54000303F7D1C79B9234020EEE30485B28AE692
:10E55000A1994C1342A060B86729767117EC7BC172
:10E560003F5C654617F387D41AEC9D293B240F6561
:10E5700026ADD0C4407FCF23C2F11E03BBB9C8A7CC
:10E58000C6702431399E7CE51EF9EC4408AF95969F
:10E590000C6ED55C5850762E0B3DE14CF83ED77F83
:10E5A0003651DED431497726FE9EA6C3770E02A1EE
:10E5B00087F8DBC9CCA213691E7878C75682F9E3C5
:10E5C0006CEFE93FFBFD5FDD2EE4046CDFACB9517D
:10E5D0007C4714A8762B7B053F230D8BFE713D04F1
:10E5E000304D689BED37B9FBA82F62B635B8D7DF41
:10E5F00013913BEDB5B4A504742CB4DC025F62E169
:10E600009B71C61673469AADF14529FC2F1A3C58EA
:10E61000B913B25CC17C14F2B949E42BD807E69275
:10E62000A74339A2E63B492A02CF68E38BA3DA610C
:10E63000A63348037F9CD385D3D2A5DFBC0308FB58
:10E6400033560E0933ADD137618FDA38ED0D9511A0
:10E65000A3E5BE0D8F8D667F4F6DC0B4FD9849A8B0
:10E6600053BE0DB68C58D10A56C230888C244879D6
:10E670008E7F23A2D673681D83A18A7E4E359B1E92
:10E68000EED3015D546B3673F0B25A8988E70EAF52
:10E69000B9ADCFFC348DE2C1FEA81D1D5BE6CA48B2
:10E6A000D888324F81861C038082FA12B768E559F8
:10E6B000916CF93665BAEA1BD2D31F80F04960DD50
:10E6C00025E322626135CA85245B1A5F8CCF460838
:10E6D0002E4FF99CA31DBD83F1B63715D9FF177FC7
:10E6E0001F8EB78CECB147DDE4063A8EAFF27D6D3C
:10E6F0000FDEB6127E27184F32F5A6863F0E09862A
:10E7000014816E5A48F5CC18413D1A3353AF87A394
:10E710004DAD5C1873AC80A50A0AB527BAF5356F04
:10E72000EAC46D2B7353E334CE968A4C3FB95A60DA
:10E730003343A812DD26FF7788BBA0AFB0A1819636
:10E74000314D0D0DBF0451130E42F306D8E99F8BD6
:10E7500021367E3B2C4BA13D82E257C3200F26037E
:10E76000716A0AD5C8FCC5F81FF8EB16BFDF9BB667
:10E770001DC0F1C5D12985C8C993DE26C13A4C37E1
:10E780002C5FA754A9CDF9F9EECDC0493AEBFAD9DF
:10E79000D6C8CB098FB040DC8D91C652C05033949F
:10E7A000A288732DAC3C68FA7A3539B05E0A68F0FD
:10E7B0004C5F9E9E7069028F3F5354758598FB4154
:10E7C000B7B586904422C8BB6F8114D2EFE73757A4
:10E7D0005058AF83E6282DA544672563588074926E
:10E7E0004495B2DE995CECD188E434393EA2F13331
:10E7F0006EBF38C4E4C5E02EC141BE1079C29B5A39
:10E80000DA0366FD80CB2FF1832C13846A956DFCAF
:10E81000FACF5838DB2CDD6E2236439930F7C9D752
:10E820008633A093DB6D64FE8D5CDEB3F9CDA86505
:10E83000C71D0B27B3C00E3D469C7BD0F22CEB9E30
:10E8400004E95A504CC3535EE26242789C3E4969E7
:10E850003EDA92FAEDD92A6AD564569B7DCF33759C
:10E860009DF05CFB24A0C50861963BDADED012AFB8
:10E870002C706BCD723AD091EB0FA7F26773EA0C54
:10E8800003F9C5550FB30A46857BED03B45E0065F9
:10E89000BC072573260AE3EBE6AFD13252A2E5A509
:10E8A0000F5DF61C7357A9CD2A4A433F10F5B48B70
:10E8B00089372F4DFE27EE71AC7D7DA5576A72A674
:10E8C00091FF07B00BA6EF5D0B99D7E3BED8C872D6
:10E8D000305FEACE095D1A6D5FBAA671E105F3DB20
:10E8E000473CE353A45F0392178B46A16D264F90DC
:10E8F000CFE7EFD1CC8A8FA5CFB7EA65CF52AE264E
:10E900002A196CA5D4C18D6B0980227DDD4E33554B
:10E91000236BA7B442C110EF245AC4099DC997E6DE
:10E92000C69E0589F077D8BE291D8F769D8B061B64
:10E93000D0529303D5586EC9FB902869CE29F8E0D0
:10E940009A74E7A57E818AB23E24D2F02D07A2AD4B
:10E95000D748C31A5CDA4637777F6712F9D97E96B3
:10E96000F4E274552FE3445ADA4C8927C8D88EFC58
:10E970009BB4DF4FCD5DF306ADDEA54FBEF24FF188
:10E98000ACB888991D39CF5D48AC82D1EA11F197B6
:10E99000B47071D3EB232FCE505C5C595F6FCE0700
:10E9A000D3436C57C4894D43FAD61705DA7487F2FE
:10E9B000DC6F12186ACD013A8B18DE12AB34BA89BB
:10E9C000AF886FA875CFE6CAA8640C02352E8F50A9
:10E9D0009885C55404A38F3386FA7089B206F495DE
:10E9E0003C2D1A7CFA5D8DD766001F6E65E976A412
:10E9F0001E5DA3C950C2F176CD42DF6A4D1258BCEC
:10EA00007DCE29AD9E449DA38B77AC4763DBDEBAF8
:10EA1000F4D71C6080899A7680EC7D4D557C5DF63C
:10EA20009EAABCA11D43EB156C522C1D53C6C314EA
:10EA300037688DA9CB7EE280EE362CE239D9CB8ABD
:10EA40001E712207BECA0428667CEC60FDA767BC65
:10EA50003393E801CB57BA4CE229440B83318E76CD
:10EA6000659347E16C30E13BBDF7A4BFFED772A1CF
:10EA7000372C3AEA60C4BC7C38745A71FCBC5F2401
:10EA8000F78ABE7331B09924C42F701F102F51EF35
:10EA9000C380588D691936C0390EA9839EC15E3F67
:10EAA000F79E07FCA6C013A0D65FE2414DFD4DE9DD
:10EAB000E3A893E7317418E436E997189658748EF2
:10EAC0003CC6165BAE4FC2AACB830F43D314756707
:10EAD0001D459058416A88143A3EB1AE81811B0FA2
:10EAE0003903D457D75C7F7B61B309C6A7E96F9E12
:10EAF0007473E520F7D09C5910A8E067BCA5864444
:10EB0000486A62299A41D7AC1911EFB02C00BCD5E4
:10EB10005A58B2F49A82AFB1483B39929847E16EA5
:10EB200047A973DBD65C7AD771ABD4E5963CF43C4D
:10EB30009198FD3B8677198B31064DDA33CDC2B8FB
:10EB4000124FDCC28CECFF8C36DEF801203CDBEA95
:10EB50005CAAA2F98C3D419FA15E6E51567C03D503
:10EB6000B3BA223BF20D59C95960A354590F404F13
:10EB7000CB52188437D4B562995290D6C38DBCCE8F
:10EB8000DFA1167AB9E2B8FA5E834F4A9506BB5CFC
:10EB9000D3E70D990A46D308CAA08391B78E582BA4
:10EBA000F1048953E321A41F30B40655610D8F7C15
:10EBB000893E69F26E230A28EAB1A4CBBA323B1B24
:10EBC000B82F3BFFCFC48F41EC9122BE12172AD041
:10EBD000A6E8D84A4E2AEFE17304806125F5C50CFA
:10EBE0003EAE83D0730F9F1B3F17B3B08DE7FD4937
:10EBF000B769E6253E31A9C2C49CFF605677A48957
:10EC0000E3E8F4ED30D328355796CDE9FA511725CE
:10EC1000F473528EED9D518774D6216817F8DB6E20
:10EC2000DA1A8D1530C17ECAD6594C3D3C55502D4F
:10EC300003005480A41CBB92FCEC87B1A57082BB7E
:10EC400032EE4060DD3B746EBD4DC7C57664E7169D
:10EC500021A13346C872553E1C689751B58880B8CB
:10EC600043BB21C7F12025E57ADC3903863D2D5FC2
:10EC7000A2803C992D776BCDFD283E5F4C60613DB5
:10EC80001BCADE981807167BD193D3B7B3CAC56ADF
:10EC9000A9D1A70EBA276B80875116CEDB2E08F0BC
:10ECA000FD1359BE37469691288CBF01A4535E7060
:10ECB00008C65043EB7312BB7AC604EC1F67FE57BD
:10ECC000D41B8315589087FD1886E7680C3DC5A0B6
:10ECD00025FD5960394EFBED7FFEBF5C6FDFC8E557
:10ECE00040ED5AE5D7C4A2C29EFCA68752C8175F62
:10ECF000082A384BA4758903194B3E24B04889CDA6
:10ED00001D5D6CB425ABB15EFBA8F3A2973D51F439
:10ED1000D5972386ABB7141AFDFDD1AAC192D08333
:10ED2000876F0F5871F6F2FDD4DE014F7A42D79FFC
:10ED3000D62338D70007EE93225AF3F4EBB4546A83
:10ED400020E457E2E4F9435AD2B28D13DC0C2529B2
:10ED5000D9FDA8647B743121C7281990AC765A2359
:10ED600022998995E1B7DB542B512355F1FF811589
:10ED7000C49AE6861C367301ED81ECEB57BC48CF94
:10ED8000231C28C0572E89488D62A5518A5F3FFCFD
:10ED9000065D1DADD22D2D30FBBE2607812F6509E6
:10EDA0003F41C6660FBBFB4510D2E2D7BE1F6AB219
:10EDB000EAF073906B75D16B978E77BAA8079A0AB1
:10EDC00051E071461C4B279CCAAEB365AC0DA15DEA
:10EDD000587979B5CCACC94241FB959D1D25D8CE5B
:10EDE0000C01B1FA1F0243AA4BC8E80BBB4A0BC582
:10EDF0002B8F96C01F0992E0A798CAF02ECBC4AB08
:10EE0000E16EFF433998555A46BE75F689BE1579AD
:10EE10005D26D8AAE47CBD7FA724BBF2D2A24CA871
:10EE20008E9496845C52CA66500630F38D0040C5BD
:10EE30001AB093060A4EBC56375B14E2A96B1E94B7
:10EE40009DA626EBCD8F9486A701F79EAA242E00BF
:10EE5000A3060851E8C295F7F1322733EBB30C153E
:10EE6000583392EC87920E939A41EE30B0F6833B82
:10EE7000CBB6E264BA68D7A6B81D814F52ABC39631
:10EE8000BAF05CC9F48F138C1997DA5EF50526A0E9
:10EE9000953161A9A66C1417F93AFA7409D2F59B59
:10EEA000AD406A5178EA8180A7D6E4C362435D86AB
:10EEB0001B5FB9386D128BC471868DC59224CB9DB2
:10EEC0005E2EDF8022540B5106F9770D0A0DB941F1
:10EED0000444792412720E0953E2D528CC31D4FFB0
:10EEE000784BA1E3E504CA3E7CD2D38746F7E3EB37
:10EEF000D68EA11C538DE00A06F1BC29D53A9308A1
:10EF000066D2DED8971EA8E43CC67BAEDDB842A52B
:10EF100015EDFADFB8A6E6E28988A7933726B3E5B0
:10EF2000AC585634DB82E34741BDC57BBA3272151B
:10EF300028CE8F1F11DF9D49BBA6B09FCFF3CE32E5
:10EF4000ABA21356A4BC9FC2C346833DBBDC679DE6
:10EF5000CB8B8ECC7B5C4CD2BF927B41417F3EC140
:10EF600017E887B0E2C0F13D022B144852BDD0B083
:10EF7000DD11CD4271C5C6CE2DD0AFA1C3A0C781D2
:10EF80006BDAA9B8CA334D216D2462EE10C62BF09E
:10EF90005F917BB7AEF7315ECD00B39461FF424124
:10EFA000047549D45BB47102F8F4F6764C18CF06B8
:10EFB000F0896920537D61CF673A00E7FDE2B5290A
:10EFC000C73DBC21C6FA4ECD0B303C3CC24EDB786F
:10EFD000C05598455CC651E062B2560E9A471FDA9A
:10EFE000FB625FF299D082D0439B818C1A39846690
:10EFF0000ABDBEF222A991A88C4D21DF54A7C6C636
:10F000002F0EC2B45F892A69A269657380493907E6
:10F01000ADB726971A711860D6C6808E6AD3B89895
:10F02000F59A1311B6787C48E1FDE2FC87792C094A
:10F03000C6C793ABAAF27670A95A792D621C321B0F
:10F04000CE8F8FC6730BC5266F43B74172A52F4471
:10F05000BF67DEDB059567699E63F32B5ED4A01F57
:10F0600039F3A0605580C411768EEDDB0D04B3C575
:10F070002E5776194BB353D3C88B2DC8644BD2A1EE
:10F08000E7E0EA637AA51655303CB09A8EBEC88E8A
:10F09000ED44B9959E00F78EFE051C439C3C14F28E
:10F0A00066856580DC20B03B4A8288EE3E3D536D2C
:10F0B0001C04D8A11A0DA314E5E3B7A728D8A4838C
:10F0C0003CB4856923D220150FAD2D86A61FBCA2A6
:10F0D00061849425E6556439BF2A80D300F5CACCF3
:10F0E00020649AF37A0273A6A88A58C30D05E2A099
:10F0F00065350C8EDAF3B94E37EF7CC2A0E83EFFDF
:10F1000080714E388F32BAB75A57B477A2A65AB424
:10F11000BD1F454F0F1B849C119A20BF8A96F97A18
:10F12000C2C483DA22FD3734D25F376418CB8C41F6
:10F130001827790A45E8A646CE0E2414D86977C860
:10F140000E377EE1BDF2BDECCD8661B7BE40799F42
:10F1500069FE9C419C02C15E0CB64E1E4C4F58513C
:10F160003CDDC56C5ADCB7982A74068C154393DADB
:10F1700027FD93E83ACD4D2AF84D3B2E417F2B6475
:10F180007A4B77277DD34D1941A6B757FACC817DAD
:10F19000026D55D700148259BCCD29BD2D67065389
:10F1A000BF41926628F4549AC0197AE9F323D991A1
:10F1B000F9CFCA45E359F56CDEA44054230E9FD124
:10F1C000EC7F1D20729BB60159343AF3606480EBEA
:10F1D000162B5C6DB363C4F90E67B7F5FA123DE503
:10F1E000770E4EE03C7E9FCA5C0BB2F95A8CCF8EF4
:10F1F000DC9D33ED057C38300A8C2D4875206CA8D9
:10F200002B8164B897B9F52E238A6D048CCAF1AEB0
:10F21000BA65A636828116FD3F62567A891F980824
:10F2200066C281F3F0BCF93EC7456AC04742451645
:10F23000B4DAE8828597F343FAAE60CDD9383D520F
:10F240004F3757E5E6A6232D3E190485295820BEE1
:10F250003ADD3334AD01D91B34EEB73BB8530F65FB
:10F26000F96E498E96415A30BCF6780FCC44193B62
:10F270002F12E2ACD9640506C133C8619725626FCD
:10F2800072B65A0A44851111846782292D7BFB7A54
:10F290004C0CA5C70E1DFDDF42F1FDFF06D15F0C32
:10F2A000C63F55F25D38FA3C66C79E11F36E40AB1F
:10F2B000095A38F9C244B70EC2A835085E5DCB4979
:10F2C000258C732D52863F7808F41225B4E90B0F74
:10F2D0009C7861354506FB3110927E38587F325F4D
:10F2E0008F445C67CB1F8F0FAF3AB6B22C86239C3E
:10F2F00010BED5610C4DE0D57C970F65D455605795
:10F30000C8CD575FB0C93D6A710EEC1DFBFCC78EBE
:10F310000F1757C68CFC8D8D81D68F51B6417D2E2F
:10F320004610E1AB8FD449DA2F88A56DD820FDCEE9
:10F33000FC1FDC3056E63E5122B6B9AE029E70E7A5
:10F340009796786CF5E06DC3720B3C8B3D65E78B4F
:10F350009519AA9075AF53702803DF8527B21EC296
:10F36000DCDBF383154EEA337C0E227D41DCA9D928
:10F37000A5DD1E9C3052EA30E77696C2E22FB396A6
:10F380009AB022308A1BCF3E2BF170F943E12593CE
:10F390001E65B6AAA6D030A603C98977D2F83CC1AB
:10F3A0003A8457F6B39F5157191169359133D015E7
:10F3B0003CBD2B7D505B9A7CA255AFABD3AA7CEDB4
:10F3C0003AF8DD0FEAB2CA657BB3E7FCA72968C546
:10F3D0007FA2722D2EB7B6AAEA4F223857A1343831
:10F3E000E470BA2237B08AD8FAEF2A0328BC7A121E
:10F3F000A79D647B12F32A7AC3E597DFB30C485EBE
:10F4000014EB4D446BD692A762876E0105AF74541E
:10F41000BD73326BA45F0D2A531806A99D1FC6C485
:10F42000F701102CDA903CDF47DAB713A03ABBF5AE
:10F43000330DCC6EDF141F4257421C17F1E45F5DA1
:10F44000976408E8AC479BC0807A91AF8C28514BF9
:10F4500015034B1E7DFF6B4A67D79FAA4918CA2028
:10F460003478FE8EF81494A9B92876CE8C5B773F59
:10F4700010C1BFDDA661973AFBC60B186AA0A7E2D0
:10F48000F1732D1A8EC4C55A396DECA9F102703E84
:10F490006E3A754A2E4C1889CCB3E0FDE08381DCCE
:10F4A0005E4080CBCB5300BFF6D8F3A67324D85070
:10F4B000933A426083942261A8B257F92C76E5977B
:10F4C000C4581DBC98E081A5832C0FBD3B3341205F
:10F4D000B59DCF8B5EAFB93C628C2F8366622D7277
:10F4E000B92DB19FF50BAC1431D1C44D93C7ADAD5F
:10F4F000F0E2363C6ED3D2031D5CB8299A97EDF545
:10F500003814E6D4C3402B541D4B1566969DA2BFFC
:10F510000346042DDD92925D275C73FAC2DA61EB3B
:10F52000CB1AD040A9165E497200920FEAFEFF1B6B
:10F53000DF9D81ADA0143D27FB5BE9BBE0B9708E78
:10F54000347505BD5926CF5401F678B918769B0756
:10F550007995B9FAC848555E9B73F0C68B8815C675
:10F56000C5DC41CFD9876285C5CE1AB3880D6A370D
:10F57000DF7B07C37F3217FD0F7806E1C96CBC1F24
:10F58000584B584BD3EE5A8777B5753778661E0BB4
:10F590007EC23757A2D919C8D8E7E71B4823E3B67C
:10F5A0008B33BCCD137A94129D2644101F3D33FF3C
:10F5B00019542C747270CC0DCD49E571E80A0771AD
:10F5C000B66AF21B5994CB1777C259131336854785
:10F5D0009EFD6A03DFD4151443D2001387ED39D59D
:10F5E0005B1D29D66558CC4CD011D9EAAA430B55DE
:10F5F00028F90FCEA212A9C4BF529C307C76CD2729
:10F60000F3A1D43CF27DC82DADE7AAD0C7E0FB81C1
:10F6100052246B7E9B1BB9283FC55D087D074B912B
:10F62000862764F834A26E99271BDACD90DA6FC56D
:10F6300047B6709143C819B4E776C3E6A1861F3177
:10F64000C16D6ADE5ABD35EB86359DEA367E864948
:10F6500092DFEB35F3F94AA742B054205B8936D8E4
:10F6600012C75ABDDE58877457CFEDE213AB6D2633
:10F670006F7E516529A4CB9DA543A2E6611B3B98F3
:10F68000386073B303128E83F658C040C542907140
:10F69000A435787055FD5017AA5C23B02BF0E33EDB
:10F6A000B932A313EA2BE6B72853FD66D27CDBA957
:10F6B000B58289BE08A859911A4B03028C892CF592
:10F6C0003DD6795BD0AE6336D3055B8CFC9FEF7380
:10F6D000E7FC827A2ADC95EAE56278E9E980D833AA
:10F6E000BFF965956B49F8EB1FD53EF03B12B27D33
:10F6F0002FB206CEC3989DFD79451B713A0E8A1B29
:10F700000584C0980F84ABB29BEAD6ECA238EA8796
:10F71000726965A9FAE76F66592CA39BBAF4A39A9C
:10F7200038938B2F0003492EE66DED04F529F190F7
:10F730008F7DD7FF1501CFB71E803AB90A0FA013EE
:10F7400078CFAD79BDCD3DF151CD9AC842CA0FE712
:10F75000CB867C05799F081B7C12E0EAC12D341E04
:10F760000A408F714AF5C33C607E6C775083BABF04
:10F77000EE3776190063145A471063B5CA7D03F05B
:10F78000C4992EBDACE2B470EC63DE8258F44990AB
:10F79000543E9B5194ED3E786768457FC8EFC55451
:10F7A000BB2E1A668C624AB33FA7A91C33B0D83D62
:10F7B00027BF14E5BD8930C50E77F69C602B3CF958
:10F7C0002B5C2D4EC4E0DA61A413ED01BF2D3EEC9D
:10F7D0002588D1150AC65638BF4EB8AAAED41AD35A
:10F7E0006585D74DFEE15053AEB6B61B0F36936814
:10F7F00088037921F23C20E74A498E94FD60CB13BF
:10F80000FF77CFE2393A8655FDB280AE8D429CFE3D
:10F810005CC8F118131E1A93DF86489DB55E395DEA
:10F8200008A0C13685CF192E7B34FF2B14833D7978
:10F830005BD100AA56C811B54B9F620C9616566D47
:10F8400016710E60BA750627B0AA5F63747C38C65D
:10F85000A934CF0AEE1A5178ABE9BDF42A6856F004
:10F86000DB72C5DA7F4D7F8E0E4A7E7EEB3CEEBCAE
:10F87000F25E341E4A7CFC3AEF76B681BC19E73E54
:10F88000E7EE934071A74E9C5C4E334E1618EC4B3E
:10F890008F75EE7CE6999BD445CDC455C01DFF4BBA
:10F8A000DA421446EE3008E2029DBAF557B7067BFD
:10F8B00083877A69731A20B0427CAF61A0AB2F2D89
:10F8C000D6EE5E21EF4F4849CA401B254014278ED3
:10F8D000C3ABB3C58D4B12A6C97EE8D407998BE3A1
:10F8E000FAE43C9ED1013E07B5F2261127CEE1F2A3
:10F8F000ED360ABF7845DA131F800A2E23A7014888
:10F90000C317285104E477CA40C4BBDBF96469B863
:10F91000B947DDB2033CB92EF7B7D3F7ECCB4D298D
:10F9200095F8C8EAF41A01F52EB748C48ABF982999
:10F93000EF33F84B7DFA44A9BAEFA4B53A4EA86864
:10F94000882EF5FA79218FC38AC7679B0E89845C5C
:10F95000DB69A51E93873CAF2A7FF6EA991D9D813E
:10F9600014B37C62416194C5FAF0C3BDFAF68974A0
:10F97000D38B86D7A1A0F7DEAC3FD7366C05A07D30
:10F9800075B3D12A2885DC77261E285F94049D99BB
:10F990007E800E8AA6B9352FDF9EDB0D00836D9821
:10F9A000646D83CC285DFE1456D7CC7537B6E90953
:10F9B000EFAA91399FEA69F76279F5A5AE03487C11
:10F9C0003ABC8AE28CC56E12AAC5A065F1B9D49E74
:10F9D00040FDFC8E3C12286F5479B123FC9A0E280E
:10F9E0007CCEAC5AAA34B795E2427E77A65349D969
:10F9F000D42B986301FDAE1EA88636E80E1B185C5A
:10FA00004A599238FA9233280984F01FB1A55ABF97
:10FA100004EB24013A4691E1F9BED8DA7B1EAFBC73
:10FA2000302A308983F226606155F18067A5D0982D
:10FA3000CAE2D356A0CB6029F810792545CA629A4C
:10FA40007940F24EA42277AE3D8D3B587718917CD9
:10FA50007534C5819539B01E05DBAA2416F3E74736
:10FA60003F24BAF7D889D89D980B902B3E2E33CDE2
:10FA7000B2799EF7D5F920586FD885BA3A5DF7FC70
:10FA8000BFB2F92FF1C9C8C6F81808257DA820789B
:10FA9000EA3BD108B30B2C212D16E529CFF9640DD3
:10FAA00050EE2E1C4A49A919E9ADCE26125BAF557E
:10FAB000AA0446DA5B60900F76ECEC14BA94FED0A0
:10FAC000A3D7B99C7A4DF8AB1D515D9EDB986803B6
:10FAD0002AE104F3B06B265C238255A575F06C2AED
:10FAE00060AB6DE4D1A0AE0AD6373041A5B4AEFF0D
:10FAF00045BE06167DFACA10E936E48DD642F09668
:10FB00008FEAD7BB4C44EB86721FCDBAD84C9A1201
:10FB1000CFA10AC3D4450F56CE7A0618DE2ABCD62A
:10FB2000A45CB878147A6376EE6387F317AACEAD37
:10FB30000F77019E704AA0C32CAD0EBD6354254CB7
:10FB4000CF8F6ECE720B315E5515D10143FAA512DF
:10FB500058ADC1D17B4E9C3ED87CE52165B5C652DF
:10FB600053F68BC6E6FAEC7191ECBDF8B1EEF7A551
:10FB70001E5D83174B49228C104C99086C77F1302D
:10FB8000516BA46A3C9B481FFD7C6297A8ACF7FDB3
:10FB9000FAD13D09DFAAAD052366B8610716E93839
:10FBA000185ACDA222DA320CFC7B8AA32D1F5A1CD4
:10FBB00038EB47E360863B17A45D0979C0F43776DC
:10FBC0004946D9FE71808454F9CEDFD63393AB4ECB
:10FBD000EF2997057EB676081C54743CBF1BE0D015
:10FBE0009B679B5FDACAAC649CE854496E9ED366FF
:10FBF000533FEACB3F5F3A6E50F20DF356CDC22B26
:10FC0000A734F5139187D71828312BDEDF8732F51B
:10FC1000E7B815740EBFAA593DDE46A6A89AA845B6
:10FC2000893AAF8BD22FCABFC7C21916A59E91D4ED
:10FC3000B5A23FB8EDBA435E7E77446DB7F95CD8A4
:10FC4000C94461E24E676ABE82BFF0457B3F8E5673
:10FC500063A302F9F022F472F129AFB5D678DBDDA7
:10FC60002BFD161426175C58CE7BA8966C8F022DA0
:10FC70001FE5033A9C7B56CB21149B34CEECF13B21
:10FC8000B7FD7BE406F3A2D9E163135E16F41A7A9A
:10FC900028A18A2D02C8BFF96D8048B1DF9A709003
:10FCA0005472A56B7DEB2B780F0DEFD32F6271444F
:10FCB000D777661C99E0989CA64E4186EAFFEDFD39
:10FCC000410E25A9024DE876CF812CB1E446258668
:10FCD000B69C0262E6C1E0E97D822B2F91E5938616
:10FCE000EDA332E35BF33EC7378B163339FF6D422A
:10FCF000CE1903ABDAC430B29F91485FC84E5808A2
:10FD0000C1978AD6B8650162D2538D0C666676C5F6
:10FD100002E5A3DEF618C1FCA7B7DE24FE6B5AB4D9
:10FD200009C21A212C972F360EF0FEE17791F73495
:10FD3000D8BE959BB815558A7CD5298B9989D3D384
:10FD40001ED8969A7FD5AB73CE9BF4423260D00F0B
:10FD5000A59B08156FC9C3F0D6E145A7FD1F43FA5F
:10FD60005757388588914FA6FC4AE60F947611358F
:10FD7000E8DD792916C341B4B277542CE436014E3C
:10FD8000F568E738B095BD03ADD1FEA0324875FBEC
:10FD90001A39300D3E00854E1732229938A8A95BDA
:10FDA000330409AD5B750E35D509FCCF6646E7E235
:10FDB0004330A05B8FE61E217FCEB116CA0298FCAD
:10FDC00051A0019CD544DD800CD5D167103F7BF15B
:10FDD000DB55868B4FF177690BA6F07EC799B80487
:10FDE00007D7758650FEE792D3C08A3EBAE39D6678
:10FDF000F63291170AFA68D2B3350B92D85463C21F
:10FE000022BD44A2B883FBC0F853AF4C1136514514
:10FE1000F296B069EC51E2886EDE863EF4D1AE71A6
:10FE200033923FC6782FE02FBC9FD3C51C6406A732
:10FE30004CCFBF1F2A234C11DA4E6D6491B311BE13
:10FE4000C4E6B06B73195C465432FA76E35F64F92A
:10FE5000DD77DA77FE7D34764E8C6F73434E1CE18E
:10FE600053AC1D9652A1B74EC44FF46DF73E2C5BB8
:10FE70001895DE333A86062BB70BCAFC7F1F997A9A
:10FE80008B0C1C840D5F2B1C069C20425E9D3F96B4
:10FE900061F3FDEED7A7F15FAF9C2D3D30A0DADB1B
:10FEA0003E9E6A0117EB48EA5B5CA23E143444278D
:10FEB0001CC3A8DE2C23E8A70E7F05B02F90DA8F95
:10FEC00008691300500004000000000160000300F6
:10FED00000000007690D0110002000A254A1F28566
:10FEE000AC22A71CB88EDF17BB27FEF9EC71FDE42E
:10FEF000F6FD53BF6BA64B7267847B010020009E0A
:10FF00003C2FFACD4D6706708B06C8412A90E1154B
:10FF100073160A9D95137368D494510F40372822A5
:10FF200000480030460221002D89E796D6F9974B0C
:10FF3000D071A00E2EB46E9D9621C2C8C0093C5E41
:10FF40001DBB205A7BE957BC022100AD20DB200BF2
:10FF500003FD97B10F93722B0B99E64E1FA6861DDA
:10FF6000A6E6BF7CFB6610F44D69C2320071000446
:10FF70003E67A31FD2F6122EE8BD73422FDBB2D329
:10FF800039B5C04FF8954D4343C6E718E73788DCCD
:10FF900095D9C22A76219B4110D40AA26815214224
:10FFA0007A578ADD3615711E03A1F0459D62F8D897
:10FFB000ECF009FB4E695E00C8FD676174F9479A71
:10FFC000A3DCA2A70490BD633E154BE04EFC3CC9E8
:10FFD000A18592D8EF76A22DAEF6C88AE8AB7D3621
:10FFE000FFFFFFFFFFFFFFFFFFFFFFFFFFFFFFFF21
:10FFF00077C295F360D2EF7F3552500F2CB67980DF
:00000001FF
